id,name,address,city_id,neighborhood_id,property_type_id,description,amenity_ids,service_ids,booking_condition_ids,extra_info,website,phone,email,longitude,latitude,rating_avg,reviews_count,image_urls,simple_booking_link,created_at
01770deb-4e31-404a-a518-422533b7b6ff,"{""en"":""Riad Kasbah Linah"",""es"":""Riad Kasbah Linah"",""fr"":""Riad Kasbah Linah""}","{""en"":""J54F+CQ, Ait Si Hammou, Marrakech 40000"",""es"":""J54F+CQ, Ait Si Hammou, Marrakech 40000"",""fr"":""J54F+CQ, Ait Si Hammou, Marrakech 40000""}",marrakech,montagne,kasbah,"{""en"":"""",""es"":"""",""fr"":""C´est un test ""}","[""parking"",""restaurant"",""air_conditioning"",""bar"",""billiards"",""choice_of_double_or_single_beds"",""elevator"",""garden"",""heated_hot_tub""]","[""breakfast"",""babysitting"",""24_hour_reception""]","[""deposit_required"",""free_cancel_48h""]","{""en"":"""",""es"":"""",""fr"":""""}",https://hospitalitywebservices.com/,+34567898765,testresa@gmail.com,-7.824810,31.606551,4.90,43,"[""https://nvskwcjdrrrcpyiadoxy.supabase.co/storage/v1/object/public/Dar_D_art/Double_Or_Twin_Room/room5.jpg"",""https://nvskwcjdrrrcpyiadoxy.supabase.co/storage/v1/object/public/Dar_D_art/Double_Or_Twin_Room/room5.jpg"",""https://nvskwcjdrrrcpyiadoxy.supabase.co/storage/v1/object/public/Dar_D_art/Double_Or_Twin_Room/room3.jpg"",""https://nvskwcjdrrrcpyiadoxy.supabase.co/storage/v1/object/public/Dar_D_art/Double_Or_Twin_Room/room4.jpg"",""https://base44.app/api/apps/69f10e36f5d3972acca5a916/files/mp/public/69f10e36f5d3972acca5a916/e0b59222f_Screenshot2026-04-29at165431.png""]",,2026-01-24 19:57:47.661076+00
0284c68a-40b2-451f-8038-28424a9a9f31,"{""en"":""Riad Sierra"",""es"":""Riad Sierra"",""fr"":""Riad Sierra""}","{""en"":""41 Derb Lalla Bent el Amri, Marrakesh 40000"",""es"":""41 Derb Lalla Bent el Amri, Marrakesh 40000"",""fr"":""41 Derb Lalla Bent el Amri, Marrakesh 40000""}",marrakech,ben_youssef,riad,"{""en"":""Riad Sierra is a characterful riad in the heart of Marrakech’s medina. The riad is built around a patio designed for relaxation. Its atmosphere is intimate and authentic, ideal for discovering Marrakech while enjoying a calm and refined setting."",""es"":""Riad Sierra est un Riad de caractère au cœur de la médina de Marrakech. Le Riad s’organise autour d’un patio propice au repos. L’atmosphère se veut intime et authentique, idéale pour découvrir Marrakech tout en profitant d’un cadre reposant et soigné."",""fr"":""Riad Sierra est un riad de caractère au cœur de la médina de Marrakech. Le riad s’organise autour d’un patio propice au repos. L’atmosphère se veut intime et authentique, idéale pour découvrir Marrakech tout en profitant d’un cadre reposant et soigné.""}",[],[],[],"{""en"":"""",""es"":"""",""fr"":""""}",https://riadsierra.com/,+212 662-895959,booking@riadsierra.com,-7.987520,31.634576,4.70,134,"[""https://dzuwwfttnigeisicqyto.supabase.co/storage/v1/object/public/riadsimages/riad_sierra/671464428.jpg"",""https://dzuwwfttnigeisicqyto.supabase.co/storage/v1/object/public/riadsimages/riad_sierra/663138810.jpg"",""https://dzuwwfttnigeisicqyto.supabase.co/storage/v1/object/public/riadsimages/riad_sierra/663138747.jpg"",""https://dzuwwfttnigeisicqyto.supabase.co/storage/v1/object/public/riadsimages/riad_sierra/671462394.jpg"",""https://dzuwwfttnigeisicqyto.supabase.co/storage/v1/object/public/riadsimages/riad_sierra/671466488.jpg""]",,2026-01-24 19:57:47.661076+00
03647be7-78c5-4fe1-bd00-7ad745726657,"{""en"":""Riad Dar Elma"",""es"":""Riad Dar Elma"",""fr"":""Riad Dar Elma""}","{""en"":""81 Derb Sidi Bou Amar, Marrakesh 40000"",""es"":""81 Derb Sidi Bou Amar, Marrakesh 40000"",""fr"":""81 Derb Sidi Bou Amar, Marrakesh 40000""}",marrakech,derb_sidi_bou_amar,riad,"{""en"":""Riad Dar Elma is a characterful riad in the heart of Marrakech’s medina. The riad is built around a patio designed for relaxation. Its atmosphere is intimate and authentic, ideal for discovering Marrakech while enjoying a calm and refined setting."",""es"":""Riad Dar Elma est un Riad de caractère au cœur de la médina de Marrakech. Le Riad s’organise autour d’un patio propice au repos. L’atmosphère se veut intime et authentique, idéale pour découvrir Marrakech tout en profitant d’un cadre reposant et soigné."",""fr"":""Riad Dar Elma est un riad de caractère au cœur de la médina de Marrakech. Le riad s’organise autour d’un patio propice au repos. L’atmosphère se veut intime et authentique, idéale pour découvrir Marrakech tout en profitant d’un cadre reposant et soigné.""}","[""choice_of_double_or_single_beds"",""family_rooms_min_3_guests"",""individual_air_conditioning"",""baby_equipment_crib_high_chairs"",""safe"",""wifi"",""pool"",""spa_hammam"",""on_site_restaurant_guest_table"",""bar"",""rooftop"",""solarium"",""first_aid_kit"",""shared_lounge_tv_room"",""video_surveillance_common_areas_and_outdoors""]",[],[],"{""en"":"""",""es"":"""",""fr"":""""}",https://www.dar-elma.com/,+212 673 99 03 28,riaddarelma@gmail.com,-7.993871,31.634208,4.50,390,"[""https://dzuwwfttnigeisicqyto.supabase.co/storage/v1/object/public/riadsimages/riad_dar_elma/419782895.jpg"",""https://dzuwwfttnigeisicqyto.supabase.co/storage/v1/object/public/riadsimages/riad_dar_elma/419782570.jpg"",""https://dzuwwfttnigeisicqyto.supabase.co/storage/v1/object/public/riadsimages/riad_dar_elma/331834617.jpg"",""https://dzuwwfttnigeisicqyto.supabase.co/storage/v1/object/public/riadsimages/riad_dar_elma/72578822.jpg"",""https://dzuwwfttnigeisicqyto.supabase.co/storage/v1/object/public/riadsimages/riad_dar_elma/72601146.jpg""]",,2026-01-24 19:57:47.661076+00
04a8bd46-d743-4988-87a7-26366ad96fee,"{""en"":""Riad Zineb 1 (Karmela)"",""es"":""Riad Zineb 1 (Karmela)"",""fr"":""Riad Zineb 1 (Karmela)""}","{""en"":""145 derb shemaa (el Kadi, Rue Azbezt, Marrakesh 40000"",""es"":""145 derb shemaa (el Kadi, Rue Azbezt, Marrakesh 40000"",""fr"":""145 derb shemaa (el Kadi, Rue Azbezt, Marrakesh 40000""}",marrakech,rahba_kedina,riad,"{""en"":""Riad Zineb 1 (Karmela) is a characterful riad in an authentic area of the medina. The riad is built around a patio designed for relaxation. Its atmosphere is intimate and authentic, ideal for discovering Marrakech while enjoying a calm and refined setting."",""es"":""Riad Zineb 1 (Karmela) est un Riad de caractère dans un quartier authentique de la médina. Le Riad s’organise autour d’un patio propice au repos. L’atmosphère se veut intime et authentique, idéale pour découvrir Marrakech tout en profitant d’un cadre reposant et soigné."",""fr"":""Riad Zineb 1 (Karmela) est un riad de caractère dans un quartier authentique de la médina. Le riad s’organise autour d’un patio propice au repos. L’atmosphère se veut intime et authentique, idéale pour découvrir Marrakech tout en profitant d’un cadre reposant et soigné.""}",[],[],[],"{""en"":"""",""es"":"""",""fr"":""""}",riadzineb.com,,,-7.984466,31.629332,4.70,2140,"[""https://dzuwwfttnigeisicqyto.supabase.co/storage/v1/object/public/riadsimages/Riad_Zineb_1/246051897.jpg"",""https://dzuwwfttnigeisicqyto.supabase.co/storage/v1/object/public/riadsimages/Riad_Zineb_1/246051918.jpg"",""https://dzuwwfttnigeisicqyto.supabase.co/storage/v1/object/public/riadsimages/Riad_Zineb_1/7373507.jpg"",""https://dzuwwfttnigeisicqyto.supabase.co/storage/v1/object/public/riadsimages/Riad_Zineb_1/7373665.jpg"",""https://dzuwwfttnigeisicqyto.supabase.co/storage/v1/object/public/riadsimages/Riad_Zineb_1/7373716.jpg""]",,2026-01-24 19:57:47.661076+00
0621dd9e-738a-44ea-ab2f-60311f1bde38,"{""en"":""Riad Al Jana"",""es"":""Riad Al Jana"",""fr"":""Riad Al Jana""}","{""en"":""6 Derb Si Moustapha, Marrakesh 40000"",""es"":""6 Derb Si Moustapha, Marrakesh 40000"",""fr"":""6 Derb Si Moustapha, Marrakesh 40000""}",marrakech,ben_youssef,riad,"{""en"":""Riad Al Jana is a characterful riad in an authentic area of the medina. The riad is built around a patio designed for relaxation. Its atmosphere is intimate and authentic, ideal for discovering Marrakech while enjoying a calm and refined setting."",""es"":""Riad Al Jana est un Riad de caractère dans un quartier authentique de la médina. Le Riad s’organise autour d’un patio propice au repos. L’atmosphère se veut intime et authentique, idéale pour découvrir Marrakech tout en profitant d’un cadre reposant et soigné."",""fr"":""Riad Al Jana est un riad de caractère dans un quartier authentique de la médina. Le riad s’organise autour d’un patio propice au repos. L’atmosphère se veut intime et authentique, idéale pour découvrir Marrakech tout en profitant d’un cadre reposant et soigné.""}","[""choice_of_double_or_single_beds"",""hypoallergenic_rooms"",""family_rooms_min_3_guests"",""individual_air_conditioning"",""safe"",""wifi"",""pool"",""on_site_restaurant_guest_table"",""rooftop"",""shared_lounge_tv_room"",""video_surveillance_common_areas_and_outdoors""]","[""breakfast_included"",""special_menus_gluten_free_vegan_etc"",""airport_shuttle"",""24_hour_reception"",""cleaning_service"",""ironing_service"",""luggage_storage""]","[""free_cancellation_depending_on_rate_plan"",""card_payment_terminal""]","{""en"":"""",""es"":"""",""fr"":""""}",https://www.riadaljana.com/en/,+212524426252,contact@riadaljana.com,-7.987380,31.633080,4.60,341,"[""https://dzuwwfttnigeisicqyto.supabase.co/storage/v1/object/public/riadsimages/riad_al_jana/40.jpg"",""https://dzuwwfttnigeisicqyto.supabase.co/storage/v1/object/public/riadsimages/riad_al_jana/05.jpg"",""https://dzuwwfttnigeisicqyto.supabase.co/storage/v1/object/public/riadsimages/riad_al_jana/01.jpg"",""https://dzuwwfttnigeisicqyto.supabase.co/storage/v1/object/public/riadsimages/riad_al_jana/30.jpg"",""https://dzuwwfttnigeisicqyto.supabase.co/storage/v1/object/public/riadsimages/riad_al_jana/21.jpg""]",,2026-01-24 19:57:47.661076+00
06d2e450-b552-4db5-8a60-43912b53a2a3,"{""en"":""Riad El Noujoum"",""es"":""Riad El Noujoum"",""fr"":""Riad El Noujoum""}","{""en"":""Derb Ben zina, Kasbah, 50 D El Maâden, Marrakech 40000"",""es"":""Derb Ben zina, Kasbah, 50 D El Maâden, Marrakech 40000"",""fr"":""RDerb Ben zina, Kasbah, 50 D El Maâden, Marrakech 40000""}",marrakech,,riad,{},"[""choice_of_double_or_single_beds"",""family_rooms_min_3_guests"",""individual_air_conditioning"",""baby_equipment_crib_high_chairs"",""safe"",""wifi"",""pool"",""spa_hammam"",""on_site_restaurant_guest_table"",""rooftop"",""solarium"",""shared_lounge_tv_room"",""video_surveillance_common_areas_and_outdoors""]","[""breakfast_included"",""airport_shuttle"",""24_hour_reception"",""babysitting"",""excursions_desk"",""cleaning_service"",""ironing_service"",""non_smoking_rooms""]","[""free_cancellation_depending_on_rate_plan"",""card_payment_terminal""]",{},https://riadelnoujoum.com/,+212 670-505454,contact@riadelnoujoum.com,-7.986229,31.615347,,,"[""https://dzuwwfttnigeisicqyto.supabase.co/storage/v1/object/public/riadsimages/Riad_el_noujoum/Marwane_SOBAI_MG_1086.JPG"",""https://dzuwwfttnigeisicqyto.supabase.co/storage/v1/object/public/riadsimages/Riad_el_noujoum/Marwane_SOBAI_MG_1041.JPG"",""https://dzuwwfttnigeisicqyto.supabase.co/storage/v1/object/public/riadsimages/Riad_el_noujoum/Marwane_SOBAI_MG_0946.JPG"",""https://dzuwwfttnigeisicqyto.supabase.co/storage/v1/object/public/riadsimages/Riad_el_noujoum/Marwane_SOBAI_MG_0963.JPG"",""https://dzuwwfttnigeisicqyto.supabase.co/storage/v1/object/public/riadsimages/Riad_el_noujoum/Marwane_SOBAI_MG_1056.JPG""]",,2026-02-18 11:26:33.013374+00
075ec924-020c-480f-8144-dc3a7ede30c9,"{""en"":""Riad Dar Eternity"",""es"":""Riad Dar Eternity"",""fr"":""Riad Dar Eternity""}","{""en"":""Hay Ryad Laarouss, derb Lfaraka, 289 Derb Sidi Bou Amar, Marrakech 40000"",""es"":""Hay Ryad Laarouss, derb Lfaraka, 289 Derb Sidi Bou Amar, Marrakech 40000"",""fr"":""Hay Ryad Laarouss, derb Lfaraka, 289 Derb Sidi Bou Amar, Marrakech 40000""}",marrakech,derb_sidi_bou_amar,riad,"{""en"":""Beautifully and entirely restored by renowned architect Christophe Siméon, this riad from the early 19th century opened its doors in October 2019.\n\nIdeally located in the heart of the Marrakech Medina, Riad Dar Eternity is at the center of a triangle formed by Jemaa el Fna Square, the Majorelle Garden/YSL Museum, and the Ben Youssef Medersa, all within a 15-minute walk. The neighborhood is adjacent to the souks, and palaces are nearby.\n\nDiscover five charming guest rooms carefully decorated with refinement in the purest Moroccan tradition, around a pleasant patio featuring a pool for cooling off and several lounges, as well as a rooftop terrace with solarium and lounge areas.\n\nFor a serene stay, you have access to an airport shuttle service day and night, a restaurant offering the most delicious traditional cuisine, and a dedicated team available 24/7 to organize your outings and excursions in Marrakech and Morocco.\n\nWelcome to DAR ETERNITY!"",""es"":""Bellamente y completamente restaurado por el reconocido arquitecto Christophe Siméon, este riad de principios del siglo XIX abrió sus puertas en octubre de 2019.\n\nUbicado idealmente en el corazón de la Medina de Marrakech, el riad Dar Eternity se encuentra en el centro de un triángulo formado por la plaza Jemaa el Fna, el Jardín Majorelle/Museo YSL y la Medersa Ben Youssef, todos a 15 minutos a pie. El barrio está adjunto a los zocos y los palacios están cerca.\n\nDescubre cinco encantadoras habitaciones de huéspedes cuidadosamente decoradas con refinamiento en la más pura tradición marroquí, alrededor de un agradable patio que ofrece una piscina para refrescarse y varios salones, así como una terraza en la azotea con solárium y áreas de descanso.\n\nPara una estancia en total serenidad, dispone de un servicio de traslado al aeropuerto día y noche, un restaurante que ofrece la cocina tradicional más sabrosa y un equipo dedicado y disponible las 24 horas para organizar sus salidas y excursiones en Marrakech y Marruecos.\n\n¡Bienvenido a DAR ETERNITY!"",""fr"":""Magnifiquement et intégralement restauré par l’architecte de renom Christophe Siméon, ce riad du début du XIX ème siècle, a ouvert ses portes en octobre 2019.\n\nIdéalement situé au cœur de la Médina de Marrakech, le riad Dar Eternity est au centre d’un triangle constitué de la place Jemaa el Fna, du Jardin Majorelle/Musée YSL et de la Medersa Ben Youssef, et à 15 min à pied de chacun d’eux. Le quartier est adjacent aux souks et les palais sont à proximité.\n\nDécouvrez cinq chambres d’hôtes de charme soigneusement décorées avec raffinement dans la plus pure tradition marocaine, autour d’un agréable patio offrant un bassin pour se rafraîchir et plusieurs salons. Ainsi qu’un toit terrasse avec solarium et coins lounges.\n\nPour un séjour en toute sérénité, vous disposez d’un service de navette aéroport jour et nuit, d’un restaurant offrant une cuisine traditionnelle des plus savoureuses et d’une équipe dévouée et disponible 24h/24 pour organiser vos sorties et excursions à Marrakech et au Maroc.\n\nBienvenue au DAR ETERNITY !""}","[""choice_of_double_or_single_beds"",""hypoallergenic_rooms"",""individual_air_conditioning"",""safe"",""wifi"",""pool"",""on_site_restaurant_guest_table"",""bar"",""rooftop"",""garden"",""solarium"",""first_aid_kit"",""shared_lounge_tv_room"",""video_surveillance_common_areas_and_outdoors"",""hot_tub"",""family_rooms_max_3_guests"",""family_rooms_min_3_guests"",""massage_room"",""patio_fountain_shaded_relaxation_areas"",""piscine_chauffee"",""solarium_with_shower_and_greenery"",""spa_hammam"",""terrasse_transats_chauffage_climatisation_seche_cheveux_produits"",""traditional_moroccan_fountain""]","[""breakfast_included"",""special_menus_gluten_free_vegan_etc"",""airport_shuttle"",""on_site_or_nearby_parking"",""cooking_class"",""room_service"",""24_hour_reception"",""excursions_desk"",""cleaning_service"",""ironing_service"",""non_smoking_rooms"",""luggage_storage"",""bookings_golf"",""dinner"",""hammam"",""hammam_and_treatments"",""hammam_massages_craft_workshops"",""lunch"",""massage"",""massages"",""manicure"",""on_site_massages_and_treatments"",""parking_a_proximite"",""piscine_chauffee"",""private_hammam_scrubs_massages"",""restaurant"",""riad_for_exclusive_use"",""spa"",""spa_hammam_and_massage"",""wi_fi_gratuit_haut_debit_rooftop_terrasse_diners_et_dejeuner_a_la_demande_massages_bien_etre_sur_demande_organisation_d_excursions_privees"",""wifi""]","[""free_cancellation_depending_on_rate_plan"",""card_payment_terminal""]","{""en"":"""",""es"":"""",""fr"":""""}",https://www.dar-eternity.com/,+33686574952,contact@dar-eternity.com,-7.993017,31.633615,5.00,292,"[""https://dzuwwfttnigeisicqyto.supabase.co/storage/v1/object/public/riadsimages/Riad_dar_eternity/PATIO%201.jpg"",""https://dzuwwfttnigeisicqyto.supabase.co/storage/v1/object/public/riadsimages/Riad_dar_eternity/CHAMBRE%20WIDAD.jpg"",""https://dzuwwfttnigeisicqyto.supabase.co/storage/v1/object/public/riadsimages/Riad_dar_eternity/PXL_20220724_204005906.jpg"",""https://dzuwwfttnigeisicqyto.supabase.co/storage/v1/object/public/riadsimages/Riad_dar_eternity/PXL_20220715_122918102.jpg"",""https://dzuwwfttnigeisicqyto.supabase.co/storage/v1/object/public/riadsimages/Riad_dar_eternity/PATIO.jpg"",""https://base44.app/api/apps/69f10e36f5d3972acca5a916/files/mp/public/69f10e36f5d3972acca5a916/924d01eaf_photo2.jpg"",""https://base44.app/api/apps/69f10e36f5d3972acca5a916/files/mp/public/69f10e36f5d3972acca5a916/aac56c66a_PXL_20220715_122911785.jpg""]",,2026-01-24 19:57:47.661076+00
089bee2f-7f83-4728-b82c-886a77728b01,"{""en"":""Riad Le Rihani"",""es"":""Riad Le Rihani"",""fr"":""Riad Le Rihani""}","{""en"":""52 Derb El Arsa, Marrakesh 40000"",""es"":""52 Derb El Arsa, Marrakesh 40000"",""fr"":""52 Derb El Arsa, Marrakesh 40000""}",marrakech,kennaria,riad,"{""en"":""Riad Le Rihani is a characterful riad in an authentic area of the medina. The riad is built around a patio designed for relaxation. Its atmosphere is intimate and authentic, ideal for discovering Marrakech while enjoying a calm and refined setting."",""es"":""Riad Le Rihani est un Riad de caractère dans un quartier authentique de la médina. Le Riad s’organise autour d’un patio propice au repos. L’atmosphère se veut intime et authentique, idéale pour découvrir Marrakech tout en profitant d’un cadre reposant et soigné."",""fr"":""Le Riad Le Rihani est un riad de caractère dans un quartier authentique de la médina. Le riad s’organise autour d’un patio, qui met en valeur la petite piscine centrale. L’atmosphère se veut intime et authentique.  \nDétendez-vous dans un transat, rafraichissez-vous dans l'eau ou savourez un dîner aux chandelles.  Le rooftop est le lieu idéal pour lézarder et prendre l'apéritif au coucher du soleil. \nLe spa propose des rituels de beauté. \nLe Rihani est également parfaitement positionné, à 5 minutes de la place Jemaa El Fna, localisation idéale pour découvrir Marrakech tout en profitant d’un cadre reposant et soigné.""}","[""choice_of_double_or_single_beds"",""family_rooms_min_3_guests"",""individual_air_conditioning"",""baby_equipment_crib_high_chairs"",""safe"",""wifi"",""tv_in_room"",""pool"",""spa_hammam"",""on_site_restaurant_guest_table"",""bar"",""rooftop"",""solarium"",""first_aid_kit"",""massage_room"",""patio_fountain_shaded_relaxation_areas"",""solarium_with_shower_and_greenery"",""moroccan_patio"",""library"",""in_room_tv""]","[""breakfast_included"",""special_menus_gluten_free_vegan_etc"",""airport_shuttle"",""room_service"",""24_hour_reception"",""excursions_desk"",""cleaning_service"",""ironing_service"",""non_smoking_rooms"",""luggage_storage"",""hammam_and_treatments"",""lunch"",""massage"",""on_site_massages_and_treatments"",""private_hammam_scrubs_massages"",""spa"",""spa_hammam_and_massage"",""restaurant"",""piscine_chauffee"",""pedicure"",""massages"",""manicure"",""hammam"",""dinner""]","[""free_cancellation_depending_on_rate_plan""]","{""en"":"""",""es"":"""",""fr"":""""}",riad-rihani.com,+212661328668,info@riad-rihani.com,-7.985662,31.625655,4.80,735,"[""https://dzuwwfttnigeisicqyto.supabase.co/storage/v1/object/public/riadsimages/riad_Le_Rihani/117843323.jpg"",""https://base44.app/api/apps/69f10e36f5d3972acca5a916/files/mp/public/69f10e36f5d3972acca5a916/14dbf9c68_DSC_4165.jpg"",""https://base44.app/api/apps/69f10e36f5d3972acca5a916/files/mp/public/69f10e36f5d3972acca5a916/74d08dfe1_DSC_4179.jpg"",""https://base44.app/api/apps/69f10e36f5d3972acca5a916/files/mp/public/69f10e36f5d3972acca5a916/c3049df28_7V1A7997.jpg"",""https://base44.app/api/apps/69f10e36f5d3972acca5a916/files/mp/public/69f10e36f5d3972acca5a916/1da00dc71_7V1A8010.jpg"",""https://base44.app/api/apps/69f10e36f5d3972acca5a916/files/mp/public/69f10e36f5d3972acca5a916/14d587c8b_EC0A0381copy_websize.jpg"",""https://base44.app/api/apps/69f10e36f5d3972acca5a916/files/mp/public/69f10e36f5d3972acca5a916/4b6c0dea7_EC0A0445_websize.jpg"",""https://base44.app/api/apps/69f10e36f5d3972acca5a916/files/mp/public/69f10e36f5d3972acca5a916/cabc85569_7V1A8450.jpg"",""https://base44.app/api/apps/69f10e36f5d3972acca5a916/files/mp/public/69f10e36f5d3972acca5a916/5019f9316_7V1A8496.jpg"",""https://base44.app/api/apps/69f10e36f5d3972acca5a916/files/mp/public/69f10e36f5d3972acca5a916/c5df32103_7V1A8436.jpg""]",,2026-01-24 19:57:47.661076+00
09c91b3a-b1a8-4f1f-82cb-c11dbeb9cf81,"{""en"":""Maison La Chèvre"",""es"":""Maison La Chèvre"",""fr"":""Maison La Chèvre""}","{""en"":""Sidi Kaouki"",""es"":""Sidi Kaouki"",""fr"":""Sidi Kaouki""}",essaouira,essaouira_exterieurs,guesthouse,"{""en"":""Maison La Chèvre is a characterful riad in the heart of Marrakech’s medina. The riad is built around a patio designed for relaxation. Its atmosphere is intimate and authentic, ideal for discovering Marrakech while enjoying a calm and refined setting."",""es"":""Maison La Chèvre est un Riad de caractère au cœur de la médina de Marrakech. Le Riad s’organise autour d’un patio propice au repos. L’atmosphère se veut intime et authentique, idéale pour découvrir Marrakech tout en profitant d’un cadre reposant et soigné."",""fr"":""Maison La Chèvre est un riad de caractère au cœur de la médina de Marrakech. Le riad s’organise autour d’un patio propice au repos. L’atmosphère se veut intime et authentique, idéale pour découvrir Marrakech tout en profitant d’un cadre reposant et soigné.""}","[""choice_of_double_or_single_beds"",""wifi"",""heated_pool"",""spa_hammam"",""on_site_restaurant_guest_table"",""garden"",""solarium"",""first_aid_kit"",""shared_lounge_tv_room"",""family_rooms_4_guests"",""massage_room"",""piscine_chauffee"",""pool""]","[""on_site_or_nearby_parking"",""24_hour_reception"",""non_smoking_rooms"",""spa_hammam_and_massage"",""hammam_and_treatments"",""lunch"",""massage"",""on_site_massages_and_treatments"",""private_hammam_scrubs_massages"",""piscine_chauffee"",""massages"",""dinner"",""cooking_class"",""hammam"",""airport_shuttle"",""special_menus_gluten_free_vegan_etc"",""wifi""]","[""free_cancellation_depending_on_rate_plan"",""booking_without_a_credit_card"",""card_payment_terminal""]","{""en"":"""",""es"":"""",""fr"":""""}",maisonlachevre.com,+212700746323,hello@maisonlachevre.com,-9.710094,31.430913,4.80,49,"[""https://dzuwwfttnigeisicqyto.supabase.co/storage/v1/object/public/riadsimages/Maison_La_Chevre/vu-de-la-maison-et-la.jpg"",""https://dzuwwfttnigeisicqyto.supabase.co/storage/v1/object/public/riadsimages/Maison_La_Chevre/IMG-7206.png"",""https://dzuwwfttnigeisicqyto.supabase.co/storage/v1/object/public/riadsimages/Maison_La_Chevre/qk9hz8zirgs9oonthovp.png"",""https://dzuwwfttnigeisicqyto.supabase.co/storage/v1/object/public/riadsimages/Maison_La_Chevre/jdk4ywmjehu7jepetf4r.png"",""https://dzuwwfttnigeisicqyto.supabase.co/storage/v1/object/public/riadsimages/Maison_La_Chevre/espace-exterieur-pour.jpg""]",,2026-01-24 19:57:47.661076+00
0a03efd1-12e3-46d2-a005-e76cd36eeac2,"{""en"":""Riad Dar Zaman"",""es"":""Riad Dar Zaman"",""fr"":""Riad Dar Zaman""}","{""en"":""29 Derb Bouelilou, Marrakesh 40000"",""es"":""29 Derb Bouelilou, Marrakesh 40000"",""fr"":""29 Derb Bouelilou, Marrakesh 40000""}",marrakech,sidi_ben_slimane,riad,"{""en"":""Riad Dar Zaman is a characterful riad in an authentic area of the medina. The riad is built around a patio designed for relaxation. Its atmosphere is intimate and authentic, ideal for discovering Marrakech while enjoying a calm and refined setting."",""es"":""Riad Dar Zaman est un Riad de caractère dans un quartier authentique de la médina. Le Riad s’organise autour d’un patio propice au repos. L’atmosphère se veut intime et authentique, idéale pour découvrir Marrakech tout en profitant d’un cadre reposant et soigné."",""fr"":""Riad Dar Zaman est un riad de caractère dans un quartier authentique de la médina. Le riad s’organise autour d’un patio propice au repos. L’atmosphère se veut intime et authentique, idéale pour découvrir Marrakech tout en profitant d’un cadre reposant et soigné.""}","[""choice_of_double_or_single_beds"",""individual_air_conditioning"",""safe"",""wifi"",""pool"",""on_site_restaurant_guest_table"",""rooftop"",""garden"",""first_aid_kit"",""shared_lounge_tv_room"",""video_surveillance_common_areas_and_outdoors""]","[""breakfast_included"",""special_menus_gluten_free_vegan_etc"",""airport_shuttle"",""on_site_or_nearby_parking"",""cooking_class"",""24_hour_reception"",""excursions_desk"",""cleaning_service"",""ironing_service"",""non_smoking_rooms"",""luggage_storage""]","[""free_cancellation_depending_on_rate_plan"",""card_payment_terminal""]","{""en"":"""",""es"":"""",""fr"":""""}",https://www.darzaman.co.uk/,+212611266998,info@darzaman.com,-7.990673,31.636001,4.90,813,"[""https://dzuwwfttnigeisicqyto.supabase.co/storage/v1/object/public/riadsimages/riad_dar_zaman/FullSizeRender_141.jpg"",""https://dzuwwfttnigeisicqyto.supabase.co/storage/v1/object/public/riadsimages/riad_dar_zaman/FullSizeRender_185.jpg"",""https://dzuwwfttnigeisicqyto.supabase.co/storage/v1/object/public/riadsimages/riad_dar_zaman/chambre_douiria.jpg"",""https://dzuwwfttnigeisicqyto.supabase.co/storage/v1/object/public/riadsimages/riad_dar_zaman/FullSizeRender.jpg"",""https://dzuwwfttnigeisicqyto.supabase.co/storage/v1/object/public/riadsimages/riad_dar_zaman/marrakech-riad-vegan.jpg""]",,2026-01-24 19:57:47.661076+00
0a31a8fb-4330-447c-84cf-84bb805876c4,"{""en"":""Riad Dar Daif"",""es"":""Riad Dar Daif"",""fr"":""Riad Dar Daif""}","{""en"":""BP 93 Ouarzazate, Ouarzazate 45000"",""es"":""BP 93 Ouarzazate, Ouarzazate 45000"",""fr"":""BP 93 Ouarzazate, Ouarzazate 45000""}",ouarzazate,ouarzazate_exterieurs,riad,"{""en"":""Riad Dar Daif is a characterful riad in an authentic area of the medina. The riad is built around a patio designed for relaxation. Its atmosphere is intimate and authentic, ideal for discovering Marrakech while enjoying a calm and refined setting."",""es"":""Riad Dar Daif est un Riad de caractère dans un quartier authentique de la médina. Le Riad s’organise autour d’un patio propice au repos. L’atmosphère se veut intime et authentique, idéale pour découvrir Marrakech tout en profitant d’un cadre reposant et soigné."",""fr"":""Riad Dar Daif est un riad de caractère dans un quartier authentique de la médina. Le riad s’organise autour d’un patio propice au repos. L’atmosphère se veut intime et authentique, idéale pour découvrir Marrakech tout en profitant d’un cadre reposant et soigné.""}","[""choice_of_double_or_single_beds"",""hypoallergenic_rooms"",""family_rooms_min_3_guests"",""individual_air_conditioning"",""baby_equipment_crib_high_chairs"",""prm_accessibility"",""prm_facilities"",""safe"",""wifi"",""pool"",""spa_hammam"",""on_site_restaurant_guest_table"",""garden"",""solarium"",""first_aid_kit"",""video_surveillance_common_areas_and_outdoors""]","[""breakfast_included"",""special_menus_gluten_free_vegan_etc"",""airport_shuttle"",""on_site_or_nearby_parking"",""cooking_class"",""room_service"",""24_hour_reception"",""prm_accessibility"",""babysitting"",""on_site_activities"",""excursions_desk"",""non_smoking_rooms"",""currency_exchange"",""luggage_storage"",""business_services_meeting_reception_room""]","[""free_cancellation_depending_on_rate_plan"",""booking_without_a_credit_card"",""card_payment_terminal""]","{""en"":""Edition des cartes d'emBarquements offerte\nweb https://dardaif.ma/\nEtablissement éco- responsable\nCertification HACCP (hygiène alimentaire)\nRéservation: sans carte de crédit ? (pas clair) il peut y avoir d'autres moyens"",""es"":""Edition des cartes d'emBarquements offerte\nweb https://dardaif.ma/\nEtablissement éco- responsable\nCertification HACCP (hygiène alimentaire)\nRéservation: sans carte de crédit ? (pas clair) il peut y avoir d'autres moyens"",""fr"":""Edition des cartes d'embarquements offerte\nweb https://dardaif.ma/\nEtablissement éco- responsable\nCertification HACCP (hygiène alimentaire)\nRéservation: sans carte de crédit ? (pas clair) il peut y avoir d'autres moyens""}",https://dardaif.ma/,+212666272575,dardaif@gmail.com,-6.879877,30.906069,4.90,2107,"[""https://dzuwwfttnigeisicqyto.supabase.co/storage/v1/object/public/riadsimages/dar_daif/dardaif_photo.jpg"",""https://dzuwwfttnigeisicqyto.supabase.co/storage/v1/object/public/riadsimages/dar_daif/Dardaif-Room-20-1.jpg"",""https://dzuwwfttnigeisicqyto.supabase.co/storage/v1/object/public/riadsimages/dar_daif/dardaif-40-.jpg"",""https://dzuwwfttnigeisicqyto.supabase.co/storage/v1/object/public/riadsimages/dar_daif/Dardaif-Room-10-4.jpg"",""https://dzuwwfttnigeisicqyto.supabase.co/storage/v1/object/public/riadsimages/dar_daif/Dardaif-Room-20-8.jpg""]",,2026-01-24 19:57:47.661076+00
0a96f059-871c-4f1b-9312-0a14efac9e6f,"{""en"":""Riad Dar Ten"",""es"":""Riad Dar Ten"",""fr"":""Riad Dar Ten""}","{""en"":""10 Derb Moulay El Ghali, Marrakech 40000"",""es"":""10 Derb Moulay El Ghali, Marrakech 40000"",""fr"":""10 Derb Moulay El Ghali, Marrakech 40000""}",marrakech,mouassine,riad,"{""en"":""Riad Dar Ten is a characterful riad in the heart of Marrakech’s medina. The riad is built around a patio designed for relaxation. Its atmosphere is intimate and authentic, ideal for discovering Marrakech while enjoying a calm and refined setting."",""es"":""Riad Dar Ten est un Riad de caractère au cœur de la médina de Marrakech. Le Riad s’organise autour d’un patio propice au repos. L’atmosphère se veut intime et authentique, idéale pour découvrir Marrakech tout en profitant d’un cadre reposant et soigné."",""fr"":""Riad Dar Ten est un riad de caractère au cœur de la médina de Marrakech. Le riad s’organise autour d’un patio propice au repos. L’atmosphère se veut intime et authentique, idéale pour découvrir Marrakech tout en profitant d’un cadre reposant et soigné.""}",[],[],[],"{""en"":"""",""es"":"""",""fr"":""""}",riad-darten.com,,,-7.990574,31.628196,4.60,174,"[""https://dzuwwfttnigeisicqyto.supabase.co/storage/v1/object/public/riadsimages/riad_dar_ten/12113011.jpg"",""https://dzuwwfttnigeisicqyto.supabase.co/storage/v1/object/public/riadsimages/riad_dar_ten/12113133.jpg"",""https://dzuwwfttnigeisicqyto.supabase.co/storage/v1/object/public/riadsimages/riad_dar_ten/41952190.jpg"",""https://dzuwwfttnigeisicqyto.supabase.co/storage/v1/object/public/riadsimages/riad_dar_ten/41952972.jpg"",""https://dzuwwfttnigeisicqyto.supabase.co/storage/v1/object/public/riadsimages/riad_dar_ten/41951999.jpg""]",,2026-01-24 19:57:47.661076+00
0b3a0eb9-44f8-4388-bbac-3e8d427c436c,"{""en"":""Riad Door Janna"",""es"":""Riad Door Janna"",""fr"":""Riad Door Janna""}","{""en"":""27 Derb Jdid, Lekdim 40000"",""es"":""27 Derb Jdid, Lekdim 40000"",""fr"":""27 Derb Jdid, Lekdim 40000""}",marrakech,mellah,riad,"{""en"":""Riad Door Janna is a characterful riad in the heart of Marrakech’s medina. The riad is built around a patio designed for relaxation. Its atmosphere is intimate and authentic, ideal for discovering Marrakech while enjoying a calm and refined setting."",""es"":""Riad Door Janna est un Riad de caractère au cœur de la médina de Marrakech. Le Riad s’organise autour d’un patio propice au repos. L’atmosphère se veut intime et authentique, idéale pour découvrir Marrakech tout en profitant d’un cadre reposant et soigné."",""fr"":""Riad Door Janna est un riad de caractère au cœur de la médina de Marrakech. Le riad s’organise autour d’un patio propice au repos. L’atmosphère se veut intime et authentique, idéale pour découvrir Marrakech tout en profitant d’un cadre reposant et soigné.""}",[],[],[],"{""en"":"""",""es"":"""",""fr"":""""}",doorjanna.com,,,-7.985652,31.621582,5.00,52,"[""https://dzuwwfttnigeisicqyto.supabase.co/storage/v1/object/public/riadsimages/riad_door_janna/605465360.jpg"",""https://dzuwwfttnigeisicqyto.supabase.co/storage/v1/object/public/riadsimages/riad_door_janna/605465428.jpg"",""https://dzuwwfttnigeisicqyto.supabase.co/storage/v1/object/public/riadsimages/riad_door_janna/605465441.jpg"",""https://dzuwwfttnigeisicqyto.supabase.co/storage/v1/object/public/riadsimages/riad_door_janna/605466896.jpg"",""https://dzuwwfttnigeisicqyto.supabase.co/storage/v1/object/public/riadsimages/riad_door_janna/605465462.jpg""]",,2026-01-24 19:57:47.661076+00
0c6bae3c-3d62-4fec-82d5-db598618fd34,"{""en"":""Riad Dar Titrit"",""es"":""Riad Dar Titrit"",""fr"":""Riad Dar Titrit""}","{""en"":""7 Derb Assabane Riad Laarouss, Marrakesh"",""es"":""7 Derb Assabane Riad Laarouss, Marrakesh"",""fr"":""7 Derb Assabane Riad Laarouss, Marrakesh""}",marrakech,riad_laarous,riad,"{""en"":""Riad Dar Titrit is a characterful riad in an authentic area of the medina. The riad is built around a patio designed for relaxation. Its atmosphere is intimate and authentic, ideal for discovering Marrakech while enjoying a calm and refined setting."",""es"":""Riad Dar Titrit est un Riad de caractère dans un quartier authentique de la médina. Le Riad s’organise autour d’un patio propice au repos. L’atmosphère se veut intime et authentique, idéale pour découvrir Marrakech tout en profitant d’un cadre reposant et soigné."",""fr"":""Riad Dar Titrit est un riad de caractère dans un quartier authentique de la médina. Le riad s’organise autour d’un patio propice au repos. L’atmosphère se veut intime et authentique, idéale pour découvrir Marrakech tout en profitant d’un cadre reposant et soigné.""}","[""choice_of_double_or_single_beds"",""family_rooms_min_3_guests"",""individual_air_conditioning"",""baby_equipment_crib_high_chairs"",""prm_accessibility"",""safe"",""wifi"",""pool"",""piscine_chauffee"",""spa_hammam"",""on_site_restaurant_guest_table"",""rooftop"",""solarium"",""first_aid_kit"",""shared_lounge_tv_room"",""video_surveillance_common_areas_and_outdoors""]","[""breakfast_included"",""special_menus_gluten_free_vegan_etc"",""airport_shuttle"",""on_site_or_nearby_parking"",""cooking_class"",""room_service"",""24_hour_reception"",""prm_accessibility"",""excursions_desk"",""non_smoking_rooms"",""luggage_storage""]","[""free_cancellation_depending_on_rate_plan"",""no_prepayment"",""card_payment_terminal""]","{""en"":"""",""es"":"""",""fr"":""""}",dar-titrit-marrakech.com,+212613130306,riad.titrit@gmail.com,-7.990294,31.633202,4.70,266,"[""https://dzuwwfttnigeisicqyto.supabase.co/storage/v1/object/public/riadsimages/riad_dar_titrit/640999105.jpg"",""https://dzuwwfttnigeisicqyto.supabase.co/storage/v1/object/public/riadsimages/riad_dar_titrit/641010794.jpg"",""https://dzuwwfttnigeisicqyto.supabase.co/storage/v1/object/public/riadsimages/riad_dar_titrit/640809533.jpg"",""https://dzuwwfttnigeisicqyto.supabase.co/storage/v1/object/public/riadsimages/riad_dar_titrit/224177260.jpg"",""https://dzuwwfttnigeisicqyto.supabase.co/storage/v1/object/public/riadsimages/riad_dar_titrit/641005167.jpg""]",,2026-01-24 19:57:47.661076+00
12440ee1-1476-4be5-a237-db3d82992432,"{""en"":""Riad Laly"",""es"":""Riad Laly"",""fr"":""Riad Laly""}","{""en"":""Dar El Bacha, 137, Marrakech 40000"",""es"":""Dar El Bacha, 137, Marrakech 40000"",""fr"":""Dar El Bacha, 137, Marrakech 40000""}",marrakech,zitoun,riad,"{""en"":""Riad Laly is a characterful riad in an authentic area of the medina. The riad is built around a patio designed for relaxation. Its atmosphere is intimate and authentic, ideal for discovering Marrakech while enjoying a calm and refined setting."",""es"":""Riad Laly est un Riad de caractère dans un quartier authentique de la médina. Le Riad s’organise autour d’un patio propice au repos. L’atmosphère se veut intime et authentique, idéale pour découvrir Marrakech tout en profitant d’un cadre reposant et soigné."",""fr"":""Riad Laly est un riad de caractère dans un quartier authentique de la médina. Le riad s’organise autour d’un patio propice au repos. L’atmosphère se veut intime et authentique, idéale pour découvrir Marrakech tout en profitant d’un cadre reposant et soigné.""}","[""choice_of_double_or_single_beds"",""individual_air_conditioning"",""prm_accessibility"",""wifi"",""on_site_restaurant_guest_table"",""rooftop"",""video_surveillance_common_areas_and_outdoors""]","[""breakfast_included"",""special_menus_gluten_free_vegan_etc"",""airport_shuttle"",""on_site_or_nearby_parking"",""excursions_desk"",""cleaning_service"",""ironing_service"",""non_smoking_rooms"",""currency_exchange"",""luggage_storage""]","[""free_cancellation_depending_on_rate_plan"",""no_prepayment"",""card_payment_terminal""]","{""en"":"""",""es"":"""",""fr"":""""}",https://www.riadlaly.com/,+212660777864,contactriadlaly@gmail.com,-7.986255,31.623539,4.60,149,"[""https://dzuwwfttnigeisicqyto.supabase.co/storage/v1/object/public/riadsimages/riad_laly/311937.jpg"",""https://dzuwwfttnigeisicqyto.supabase.co/storage/v1/object/public/riadsimages/riad_laly/309290(1).jpg"",""https://dzuwwfttnigeisicqyto.supabase.co/storage/v1/object/public/riadsimages/riad_laly/309292.jpg"",""https://dzuwwfttnigeisicqyto.supabase.co/storage/v1/object/public/riadsimages/riad_laly/311933.jpg"",""https://dzuwwfttnigeisicqyto.supabase.co/storage/v1/object/public/riadsimages/riad_laly/90fa6f68-b1da-40b8-914c-a1fd870073db-1_all_19088.jpg""]",,2026-01-24 19:57:47.661076+00
15213048-bf25-4ca9-b3c5-4cf02a264380,"{""en"":""Riad Dar Zampa"",""es"":""Riad Dar Zampa"",""fr"":""Riad Dar Zampa""}","{""en"":""Derb Iminzat, Marrakesh 40000"",""es"":""Derb Iminzat, Marrakesh 40000"",""fr"":""Derb Iminzat, Marrakesh 40000""}",marrakech,sidi_ben_slimane,riad,"{""en"":""Riad Dar Zampa is a characterful riad in an authentic area of the medina. The riad is built around a patio designed for relaxation. Its atmosphere is intimate and authentic, ideal for discovering Marrakech while enjoying a calm and refined setting."",""es"":""Riad Dar Zampa est un Riad de caractère dans un quartier authentique de la médina. Le Riad s’organise autour d’un patio propice au repos. L’atmosphère se veut intime et authentique, idéale pour découvrir Marrakech tout en profitant d’un cadre reposant et soigné."",""fr"":""Riad Dar Zampa est un riad de caractère dans un quartier authentique de la médina. Le riad s’organise autour d’un patio propice au repos. L’atmosphère se veut intime et authentique, idéale pour découvrir Marrakech tout en profitant d’un cadre reposant et soigné.""}",[],[],[],"{""en"":"""",""es"":"""",""fr"":""""}",https://riad-darzampa.com,+212524386979,riaddarzampa@gmail.com,-7.989920,31.642334,4.90,232,"[""https://dzuwwfttnigeisicqyto.supabase.co/storage/v1/object/public/riadsimages/riad_dar_zampa/14762647.jpg"",""https://dzuwwfttnigeisicqyto.supabase.co/storage/v1/object/public/riadsimages/riad_dar_zampa/14762797.jpg"",""https://dzuwwfttnigeisicqyto.supabase.co/storage/v1/object/public/riadsimages/riad_dar_zampa/14749842.jpg"",""https://dzuwwfttnigeisicqyto.supabase.co/storage/v1/object/public/riadsimages/riad_dar_zampa/508316618.jpg"",""https://dzuwwfttnigeisicqyto.supabase.co/storage/v1/object/public/riadsimages/riad_dar_zampa/106324535.jpg""]",,2026-01-24 19:57:47.661076+00
15a519ea-8c68-4f52-a483-ddef10dc1f1e,"{""en"":""Riad L'Echappee"",""es"":""Riad L'Echappee"",""fr"":""Riad L'Echappee""}","{""en"":""n 141, Sidi Ahmed Soussi, Derb al Farran, Marrakech"",""es"":""n 141, Sidi Ahmed Soussi, Derb al Farran, Marrakech"",""fr"":""n 141, Sidi Ahmed Soussi, Derb al Farran, Marrakech""}",marrakech,riad_laarous,riad,"{""en"":""Riad L'Echappee is a characterful riad in an authentic area of the medina. The riad is built around a patio designed for relaxation. Its atmosphere is intimate and authentic, ideal for discovering Marrakech while enjoying a calm and refined setting."",""es"":""Riad L'Echappee est un Riad de caractère dans un quartier authentique de la médina. Le Riad s’organise autour d’un patio propice au repos. L’atmosphère se veut intime et authentique, idéale pour découvrir Marrakech tout en profitant d’un cadre reposant et soigné."",""fr"":""Riad L'Echappee est un riad de caractère dans un quartier authentique de la médina. Le riad s’organise autour d’un patio propice au repos. L’atmosphère se veut intime et authentique, idéale pour découvrir Marrakech tout en profitant d’un cadre reposant et soigné.""}","[""choice_of_double_or_single_beds"",""individual_air_conditioning"",""baby_equipment_crib_high_chairs"",""wifi"",""pool"",""rooftop"",""shared_lounge_tv_room""]","[""breakfast_included"",""special_menus_gluten_free_vegan_etc"",""airport_shuttle"",""on_site_or_nearby_parking"",""excursions_desk"",""non_smoking_rooms""]","[""free_cancellation_depending_on_rate_plan"",""booking_without_a_credit_card""]","{""en"":"""",""es"":"""",""fr"":""""}",https://www.riadlechappee.com/,+212 6 79 45 22 01,contact@riadlechappee.com,-7.993117,31.635604,5.00,19,"[""https://dzuwwfttnigeisicqyto.supabase.co/storage/v1/object/public/riadsimages/riad_echappee/IMG_3857.jpeg"",""https://dzuwwfttnigeisicqyto.supabase.co/storage/v1/object/public/riadsimages/riad_echappee/IMG_0077%20(1).jpeg"",""https://dzuwwfttnigeisicqyto.supabase.co/storage/v1/object/public/riadsimages/riad_echappee/IMG_3845.jpeg"",""https://dzuwwfttnigeisicqyto.supabase.co/storage/v1/object/public/riadsimages/riad_echappee/IMG_3910.jpeg"",""""]",,2026-01-24 19:57:47.661076+00
15e4470a-f5f9-4c83-87d4-c1992edba00e,"{""en"":""Riad Marhbabikoum"",""es"":""Riad Marhbabikoum"",""fr"":""Riad Marhbabikoum""}","{""en"":""43 Derb lahbib Lmagni Rue Riad zitoun el jdid, Marrakesh 40000"",""es"":""43 Derb lahbib Lmagni Rue Riad zitoun el jdid, Marrakesh 40000"",""fr"":""43 Derb lahbib Lmagni Rue riad zitoun el jdid, Marrakesh 40000""}",marrakech,hay_essalam,riad,"{""en"":""Riad Marhbabikoum is a characterful riad in the heart of Marrakech’s medina. The riad is built around a patio designed for relaxation. Its atmosphere is intimate and authentic, ideal for discovering Marrakech while enjoying a calm and refined setting."",""es"":""Riad Marhbabikoum est un Riad de caractère au cœur de la médina de Marrakech. Le Riad s’organise autour d’un patio propice au repos. L’atmosphère se veut intime et authentique, idéale pour découvrir Marrakech tout en profitant d’un cadre reposant et soigné."",""fr"":""Riad Marhbabikoum est un riad de caractère au cœur de la médina de Marrakech. Le riad s’organise autour d’un patio propice au repos. L’atmosphère se veut intime et authentique, idéale pour découvrir Marrakech tout en profitant d’un cadre reposant et soigné.""}","[""choice_of_double_or_single_beds"",""family_rooms_min_3_guests"",""individual_air_conditioning"",""baby_equipment_crib_high_chairs"",""wifi"",""on_site_restaurant_guest_table"",""rooftop"",""solarium"",""first_aid_kit"",""shared_lounge_tv_room"",""video_surveillance_common_areas_and_outdoors""]","[""breakfast_included"",""special_menus_gluten_free_vegan_etc"",""airport_shuttle"",""on_site_or_nearby_parking"",""cooking_class"",""24_hour_reception"",""babysitting"",""on_site_activities"",""excursions_desk"",""non_smoking_rooms"",""luggage_storage""]","[""free_cancellation_depending_on_rate_plan"",""booking_without_a_credit_card"",""no_prepayment"",""card_payment_terminal""]","{""en"":""j'ai un channel manager qui n'est pas listé : wubook / zak"",""es"":""j'ai un channel manager qui n'est pas listé : wubook / zak"",""fr"":""j'ai un channel manager qui n'est pas listé : wubook / zak""}",marhbabikoum.com,+212670727024,marhbabikoum@gmail.com,-7.983690,31.621368,4.80,458,"[""https://dzuwwfttnigeisicqyto.supabase.co/storage/v1/object/public/riadsimages/riad_marhbabikoum/198390169.jpg"",""https://dzuwwfttnigeisicqyto.supabase.co/storage/v1/object/public/riadsimages/riad_marhbabikoum/198389937.jpg"",""https://dzuwwfttnigeisicqyto.supabase.co/storage/v1/object/public/riadsimages/riad_marhbabikoum/180886220.jpg"",""https://dzuwwfttnigeisicqyto.supabase.co/storage/v1/object/public/riadsimages/riad_marhbabikoum/180886257.jpg"",""https://dzuwwfttnigeisicqyto.supabase.co/storage/v1/object/public/riadsimages/riad_marhbabikoum/180886354.jpg"",""https://base44.app/api/apps/69f10e36f5d3972acca5a916/files/mp/public/69f10e36f5d3972acca5a916/038372bea_1706181429724.jpg"",""https://base44.app/api/apps/69f10e36f5d3972acca5a916/files/mp/public/69f10e36f5d3972acca5a916/6b2f6d8e5_B98I2161.jpg"",""https://base44.app/api/apps/69f10e36f5d3972acca5a916/files/mp/public/69f10e36f5d3972acca5a916/e4cca4841_B98I2172.jpg"",""https://base44.app/api/apps/69f10e36f5d3972acca5a916/files/mp/public/69f10e36f5d3972acca5a916/33442c27d_B98I2292.jpg"",""https://base44.app/api/apps/69f10e36f5d3972acca5a916/files/mp/public/69f10e36f5d3972acca5a916/173293d2a_IMG_20231229_113442.jpg"",""https://base44.app/api/apps/69f10e36f5d3972acca5a916/files/mp/public/69f10e36f5d3972acca5a916/e4129da04_IMG_20231229_113740.jpg"",""https://base44.app/api/apps/69f10e36f5d3972acca5a916/files/mp/public/69f10e36f5d3972acca5a916/ca6e733ca_IMG_20231229_120439.jpg"",""https://base44.app/api/apps/69f10e36f5d3972acca5a916/files/mp/public/69f10e36f5d3972acca5a916/82e787e65_IMG-20250907-WA0029.jpg"",""https://base44.app/api/apps/69f10e36f5d3972acca5a916/files/mp/public/69f10e36f5d3972acca5a916/3dbf27bce_IMG_20231229_223611.jpg"",""https://base44.app/api/apps/69f10e36f5d3972acca5a916/files/mp/public/69f10e36f5d3972acca5a916/5626aac40_IMG_20240125_154922.jpg"",""https://base44.app/api/apps/69f10e36f5d3972acca5a916/files/mp/public/69f10e36f5d3972acca5a916/e357784f1_IMG-20250907-WA0033.jpg"",""https://base44.app/api/apps/69f10e36f5d3972acca5a916/files/mp/public/69f10e36f5d3972acca5a916/08323e1ed_petitdejterrasse.jpg"",""https://base44.app/api/apps/69f10e36f5d3972acca5a916/files/mp/public/69f10e36f5d3972acca5a916/4b2a4f501_rooftop.jpg"",""https://base44.app/api/apps/69f10e36f5d3972acca5a916/files/mp/public/69f10e36f5d3972acca5a916/629040bde_salonterrasse.jpg"",""https://base44.app/api/apps/69f10e36f5d3972acca5a916/files/mp/public/69f10e36f5d3972acca5a916/d871c9cec_solarium.jpg"",""https://base44.app/api/apps/69f10e36f5d3972acca5a916/files/mp/public/69f10e36f5d3972acca5a916/b4c73ad41_suite3.jpg"",""https://base44.app/api/apps/69f10e36f5d3972acca5a916/files/mp/public/69f10e36f5d3972acca5a916/c27891117_th.jpg""]",,2026-01-24 19:57:47.661076+00
16422007-0f44-4b28-b54f-20222ac3df17,"{""en"":""Riad Bamaga"",""es"":""Riad Bamaga"",""fr"":""Riad Bamaga""}","{""en"":""86 Derb Sidi Bou Amar, Marrakesh 40000"",""es"":""86 Derb Sidi Bou Amar, Marrakesh 40000"",""fr"":""86 Derb Sidi Bou Amar, Marrakesh 40000""}",marrakech,riad_laarous,riad,"{""en"":""Riad Bamaga is a characterful riad in an authentic area of the medina. The riad is built around a patio designed for relaxation. Its atmosphere is intimate and authentic, ideal for discovering Marrakech while enjoying a calm and refined setting."",""es"":""Riad Bamaga est un Riad de caractère dans un quartier authentique de la médina. Le Riad s’organise autour d’un patio propice au repos. L’atmosphère se veut intime et authentique, idéale pour découvrir Marrakech tout en profitant d’un cadre reposant et soigné."",""fr"":""Riad Bamaga est un riad de caractère dans un quartier authentique de la médina. Le riad s’organise autour d’un patio propice au repos. L’atmosphère se veut intime et authentique, idéale pour découvrir Marrakech tout en profitant d’un cadre reposant et soigné.""}","[""choice_of_double_or_single_beds"",""family_rooms_min_3_guests"",""individual_air_conditioning"",""baby_equipment_crib_high_chairs"",""safe"",""wifi"",""on_site_restaurant_guest_table"",""rooftop"",""solarium"",""first_aid_kit"",""shared_lounge_tv_room"",""video_surveillance_common_areas_and_outdoors"",""massage_room""]","[""breakfast_included"",""special_menus_gluten_free_vegan_etc"",""airport_shuttle"",""on_site_or_nearby_parking"",""cooking_class"",""24_hour_reception"",""babysitting"",""cleaning_service"",""ironing_service"",""non_smoking_rooms"",""luggage_storage""]","[""free_cancellation_depending_on_rate_plan"",""card_payment_terminal""]","{""en"":"""",""es"":"""",""fr"":""""}",https://www.riadbamaga.com/,+212670022386,riadbamaga@gmail.com,-7.994270,31.634060,4.80,459,"[""https://dzuwwfttnigeisicqyto.supabase.co/storage/v1/object/public/riadsimages/riad_bamaga/RIAD_BAMANGA-SIMON_OLDANI_PHOTOGRAPHY-239.jpg"",""https://dzuwwfttnigeisicqyto.supabase.co/storage/v1/object/public/riadsimages/riad_bamaga/RIAD_BAMANGA-SIMON_OLDANI_PHOTOGRAPHY-164.jpg"",""https://dzuwwfttnigeisicqyto.supabase.co/storage/v1/object/public/riadsimages/riad_bamaga/chambre_superieure_double_.jpg"",""https://dzuwwfttnigeisicqyto.supabase.co/storage/v1/object/public/riadsimages/riad_bamaga/RIAD_BAMANGA-SIMON_OLDANI_PHOTOGRAPHY-229.jpg"",""https://dzuwwfttnigeisicqyto.supabase.co/storage/v1/object/public/riadsimages/riad_bamaga/Suite_1.jpg""]",,2026-01-24 19:57:47.661076+00
1649d4d8-ceb6-4112-9c2e-c18cc9de0d36,"{""en"":""Riad Dar Zouar"",""es"":""Riad Dar Zouar"",""fr"":""Riad Dar Zouar""}","{""en"":""14 Derb El Mahrouk, Marrakech 40040"",""es"":""14 Derb El Mahrouk, Marrakech 40040"",""fr"":""14 Derb El Mahrouk, Marrakech 40040""}",marrakech,sidi_ben_slimane,riad,"{""en"":""Riad Dar Zouar is a characterful riad in the heart of Marrakech’s medina. The riad is built around a patio designed for relaxation. Its atmosphere is intimate and authentic, ideal for discovering Marrakech while enjoying a calm and refined setting."",""es"":""Riad Dar Zouar est un Riad de caractère au cœur de la médina de Marrakech. Le Riad s’organise autour d’un patio propice au repos. L’atmosphère se veut intime et authentique, idéale pour découvrir Marrakech tout en profitant d’un cadre reposant et soigné."",""fr"":""Riad Dar Zouar est un riad de caractère au cœur de la médina de Marrakech. Le riad s’organise autour d’un patio propice au repos. L’atmosphère se veut intime et authentique, idéale pour découvrir Marrakech tout en profitant d’un cadre reposant et soigné.""}","[""double_beds_only"",""family_rooms_min_3_guests"",""individual_air_conditioning"",""wifi"",""spa_hammam"",""on_site_restaurant_guest_table"",""rooftop"",""solarium"",""video_surveillance_common_areas_and_outdoors"",""jacuzzi_mini_pool""]","[""breakfast_included"",""special_menus_gluten_free_vegan_etc"",""airport_shuttle"",""on_site_or_nearby_parking"",""cooking_class"",""24_hour_reception"",""non_smoking_rooms"",""luggage_storage""]","[""card_payment_terminal""]","{""en"":"""",""es"":"""",""fr"":""""}",https://darzouar.com/,+212699857886,darzouar@yahoo.fr,-7.991402,31.641744,4.70,267,"[""https://dzuwwfttnigeisicqyto.supabase.co/storage/v1/object/public/riadsimages/dar_zouar/WhatsApp_Image_2024-06-11_at_09.29.00__7_.jpeg"",""https://dzuwwfttnigeisicqyto.supabase.co/storage/v1/object/public/riadsimages/dar_zouar/WhatsApp_Image_2024-06-11_at_09.28.59__1_.jpeg"",""https://dzuwwfttnigeisicqyto.supabase.co/storage/v1/object/public/riadsimages/dar_zouar/WhatsApp_Image_2024-06-11_at_09.28.59__2_.jpeg"",""https://dzuwwfttnigeisicqyto.supabase.co/storage/v1/object/public/riadsimages/dar_zouar/WhatsApp_Image_2024-06-11_at_09.29.02__5_.jpeg"",""https://dzuwwfttnigeisicqyto.supabase.co/storage/v1/object/public/riadsimages/dar_zouar/WhatsApp_Image_2024-06-11_at_09.29.00__9_.jpeg""]",,2026-01-24 19:57:47.661076+00
17b6887f-31d6-433e-9fa8-5c3757f025fb,"{""en"":""Riad Pachavana"",""es"":""Riad Pachavana"",""fr"":""Riad Pachavana""}","{""en"":""172 Derb Lambsober, Marrakesh 40000"",""es"":""172 Derb Lambsober, Marrakesh 40000"",""fr"":""172 Derb Lambsober, Marrakesh 40000""}",marrakech,bab_doukkala,riad,"{""en"":""Riad Pachavana is a characterful riad in the heart of Marrakech’s medina. The riad is built around a patio designed for relaxation. Its atmosphere is intimate and authentic, ideal for discovering Marrakech while enjoying a calm and refined setting."",""es"":""Riad Pachavana est un Riad de caractère au cœur de la médina de Marrakech. Le Riad s’organise autour d’un patio propice au repos. L’atmosphère se veut intime et authentique, idéale pour découvrir Marrakech tout en profitant d’un cadre reposant et soigné."",""fr"":""Riad Pachavana est un riad de caractère au cœur de la médina de Marrakech. Le riad s’organise autour d’un patio propice au repos. L’atmosphère se veut intime et authentique, idéale pour découvrir Marrakech tout en profitant d’un cadre reposant et soigné.""}","[""choice_of_double_or_single_beds"",""family_rooms_min_3_guests"",""individual_air_conditioning"",""baby_equipment_crib_high_chairs"",""prm_accessibility"",""safe"",""wifi"",""pool"",""spa_hammam"",""bar"",""first_aid_kit"",""shared_lounge_tv_room""]","[""breakfast_included"",""special_menus_gluten_free_vegan_etc"",""airport_shuttle"",""on_site_or_nearby_parking"",""cooking_class"",""room_service"",""24_hour_reception"",""prm_accessibility"",""babysitting"",""excursions_desk"",""cleaning_service"",""ironing_service"",""non_smoking_rooms"",""currency_exchange"",""luggage_storage"",""business_services_meeting_reception_room""]","[""free_cancellation_depending_on_rate_plan"",""booking_without_a_credit_card"",""card_payment_terminal""]","{""en"":""Privatisations\nOrganisation évènements (anniversaires, mariages, séminaires, etc ...)"",""es"":""Privatisations\nOrganisation évènements (anniversaires, mariages, séminaires, etc ...)"",""fr"":""Privatisations\nOrganisation évènements (anniversaires, mariages, séminaires, etc ...)""}",pachavana.net,+212671225547,pachavana@gmail.com,-7.995050,31.634126,4.70,859,"[""https://dzuwwfttnigeisicqyto.supabase.co/storage/v1/object/public/riadsimages/riad_pachavana/378930763.jpg"",""https://dzuwwfttnigeisicqyto.supabase.co/storage/v1/object/public/riadsimages/riad_pachavana/481862473.jpg"",""https://dzuwwfttnigeisicqyto.supabase.co/storage/v1/object/public/riadsimages/riad_pachavana/52858616.jpg"",""https://dzuwwfttnigeisicqyto.supabase.co/storage/v1/object/public/riadsimages/riad_pachavana/337126896.jpg"",""https://dzuwwfttnigeisicqyto.supabase.co/storage/v1/object/public/riadsimages/riad_pachavana/246906763.jpg""]",,2026-01-24 19:57:47.661076+00
17e83eba-7a63-4e02-9047-6d27f66583d9,"{""en"":""Riad Jnane Tihihit"",""es"":""Riad Jnane Tihihit"",""fr"":""Riad Jnane Tihihit""}","{""en"":""Douar Makhfamane,, Lalla Takerkoust 40000"",""es"":""Douar Makhfamane,, Lalla Takerkoust 40000"",""fr"":""Douar Makhfamane,, Lalla Takerkoust 40000""}",marrakech,montagne,riad,"{""en"":""Riad Jnane Tihihit is a characterful riad in an authentic area of the medina. The riad is built around a patio designed for relaxation. Its atmosphere is intimate and authentic, ideal for discovering Marrakech while enjoying a calm and refined setting."",""es"":""Riad Jnane Tihihit est un Riad de caractère dans un quartier authentique de la médina. Le Riad s’organise autour d’un patio propice au repos. L’atmosphère se veut intime et authentique, idéale pour découvrir Marrakech tout en profitant d’un cadre reposant et soigné."",""fr"":""Jnane Tihihit est une ferme d'hôtes située à proximité du lac de Lalla Takerkoust. \nIl propose des chambres et maisonnettes traditionnelles nichées dand deux hectares de jardins et verger.\n\nLes repas servis à notre restaurant sont essentiellement préparés avec le produits issus de notre ferme.\nIl est possible de visiter la ferme et ses nombreux animaux,  ses vergers et potagers , sa fromagerie.\n""}","[""choice_of_double_or_single_beds"",""family_rooms_min_3_guests"",""baby_equipment_crib_high_chairs"",""prm_accessibility"",""safe"",""wifi"",""pool"",""spa_hammam"",""on_site_restaurant_guest_table"",""rooftop"",""garden"",""solarium"",""first_aid_kit"",""shared_lounge_tv_room"",""video_surveillance_common_areas_and_outdoors"",""family_rooms_max_3_guests"",""library"",""kids_play_area"",""moroccan_patio"",""petanque_court"",""patio_fountain_shaded_relaxation_areas""]","[""breakfast_included"",""special_menus_gluten_free_vegan_etc"",""airport_shuttle"",""on_site_or_nearby_parking"",""cooking_class"",""24_hour_reception"",""prm_accessibility"",""pets_allowed"",""on_site_activities"",""excursions_desk"",""cleaning_service"",""non_smoking_rooms"",""luggage_storage"",""business_services_meeting_reception_room"",""dinner"",""hammam"",""lunch"",""restaurant"",""wifi""]","[""free_cancellation_depending_on_rate_plan"",""booking_without_a_credit_card"",""no_prepayment"",""card_payment_terminal""]","{""en"":"""",""es"":"""",""fr"":""""}",jnane-tihihit.com,+212662163226,jnane.tihihit@gmail.com,-8.166907,31.331470,4.60,404,"[""https://dzuwwfttnigeisicqyto.supabase.co/storage/v1/object/public/riadsimages/riad_jnane_tihihit/279731153.jpg"",""https://dzuwwfttnigeisicqyto.supabase.co/storage/v1/object/public/riadsimages/riad_jnane_tihihit/279826868.jpg"",""https://dzuwwfttnigeisicqyto.supabase.co/storage/v1/object/public/riadsimages/riad_jnane_tihihit/60486152.jpg"",""https://dzuwwfttnigeisicqyto.supabase.co/storage/v1/object/public/riadsimages/riad_jnane_tihihit/818043.jpg"",""https://dzuwwfttnigeisicqyto.supabase.co/storage/v1/object/public/riadsimages/riad_jnane_tihihit/818044.jpg""]",,2026-01-24 19:57:47.661076+00
19055441-e5bb-4a04-bc9f-004e062f0f8e,"{""en"":""Riad Boussa"",""es"":""Riad Boussa"",""fr"":""Riad Boussa""}","{""en"":""192 Derb Dabachi, Derb Jdid, Marrakesh 40040"",""es"":""192 Derb Dabachi, Derb Jdid, Marrakesh 40040"",""fr"":""192 Derb Dabachi, Derb Jdid, Marrakesh 40040""}",marrakech,derb_dabachi,riad,"{""en"":""Riad  Boussa is a characterful riad in an authentic area of the medina. The riad is built around a patio designed for relaxation. Its atmosphere is intimate and authentic, ideal for discovering Marrakech while enjoying a calm and refined setting."",""es"":""Riad  Boussa est un Riad de caractère dans un quartier authentique de la médina. Le Riad s’organise autour d’un patio propice au repos. L’atmosphère se veut intime et authentique, idéale pour découvrir Marrakech tout en profitant d’un cadre reposant et soigné."",""fr"":""Riad  Boussa est un riad de caractère dans un quartier authentique de la médina. Le riad s’organise autour d’un patio propice au repos. L’atmosphère se veut intime et authentique, idéale pour découvrir Marrakech tout en profitant d’un cadre reposant et soigné.""}",[],[],[],"{""en"":"""",""es"":"""",""fr"":""""}",riad-boussa.com,,,-7.983568,31.627391,4.90,1451,"[""https://dzuwwfttnigeisicqyto.supabase.co/storage/v1/object/public/riadsimages/riad_boussa/653880092.jpg"",""https://dzuwwfttnigeisicqyto.supabase.co/storage/v1/object/public/riadsimages/riad_boussa/689076858.jpg"",""https://dzuwwfttnigeisicqyto.supabase.co/storage/v1/object/public/riadsimages/riad_boussa/278869204.jpg"",""https://dzuwwfttnigeisicqyto.supabase.co/storage/v1/object/public/riadsimages/riad_boussa/278870113.jpg"",""https://dzuwwfttnigeisicqyto.supabase.co/storage/v1/object/public/riadsimages/riad_boussa/278870020.jpg""]",,2026-01-24 19:57:47.661076+00
192c534d-378d-44fe-93e9-2553a4ccf832,"{""en"":""Villa Babouche"",""es"":""Villa Babouche"",""fr"":""Villa Babouche""}","{""en"":""Douar El Ghazoua BP1184، 44000"",""es"":""Douar El Ghazoua BP1184، 44000"",""fr"":""Douar El Ghazoua BP1184، 44000""}",essaouira,essaouira_exterieurs,guesthouse,"{""en"":""Villa Babouche is a characterful riad in an authentic area of the medina. The riad is built around a patio designed for relaxation. Its atmosphere is intimate and authentic, ideal for discovering Marrakech while enjoying a calm and refined setting."",""es"":""Villa Babouche est un Riad de caractère dans un quartier authentique de la médina. Le Riad s’organise autour d’un patio propice au repos. L’atmosphère se veut intime et authentique, idéale pour découvrir Marrakech tout en profitant d’un cadre reposant et soigné."",""fr"":""Villa Babouche est un riad de caractère dans un quartier authentique de la médina. Le riad s’organise autour d’un patio propice au repos. L’atmosphère se veut intime et authentique, idéale pour découvrir Marrakech tout en profitant d’un cadre reposant et soigné.""}",[],[],[],"{""en"":"""",""es"":"""",""fr"":""""}",villababouche.com,,,-9.736921,31.444107,4.70,50,"[""https://dzuwwfttnigeisicqyto.supabase.co/storage/v1/object/public/riadsimages/Villa_Babouche/512440325.jpg"",""https://dzuwwfttnigeisicqyto.supabase.co/storage/v1/object/public/riadsimages/Villa_Babouche/639211830.jpg"",""https://dzuwwfttnigeisicqyto.supabase.co/storage/v1/object/public/riadsimages/Villa_Babouche/639480531.jpg"",""https://dzuwwfttnigeisicqyto.supabase.co/storage/v1/object/public/riadsimages/Villa_Babouche/639472567.jpg"",""https://dzuwwfttnigeisicqyto.supabase.co/storage/v1/object/public/riadsimages/Villa_Babouche/639183194.jpg""]",,2026-01-24 19:57:47.661076+00
1d6fcdc3-62b8-489e-a362-05ed3d6ef135,"{""en"":""Riad See Moon"",""es"":""Riad See Moon"",""fr"":""Riad See Moon""}","{""en"":""N° 11 Derb Lalla Chacha, Marrakesh 40000"",""es"":""N° 11 Derb Lalla Chacha, Marrakesh 40000"",""fr"":""N° 11 Derb Lalla Chacha, Marrakesh 40000""}",marrakech,kennaria,riad,"{""en"":""Charming contemporary-style riad composed of 6 rooms including 1 family suite, a patio with a fountain and 4 orange trees with a lounge area, a rooftop and a spa hammam at your disposal. Located between Jemaa El Fna square and Bahia Palace (10 minutes walking). Taxi parking available 30 meters away."",""es"":""Encantador riad de estilo contemporáneo compuesto por 6 habitaciones, incluida 1 suite familiar, un patio con una fuente y 4 naranjos con zona de salón, una azotea y un spa hammam a su disposición. Situado entre la plaza Jemaa El Fna y el Palacio de Bahía (a 10 minutos a pie). Parada de taxis a 30 metros."",""fr"":""Riad de charme style contemporain composé de 6 chambres dont 1 suite familiale , un patio avec une fontaine et 4 orangers muni d’un salon , roof top et un spa Hammam à votre disposition . Situé entre la place Jeema El Fna et palais Bahia ( 10 min à pied ) Et parking taxi à 30 mètres ""}","[""choice_of_double_or_single_beds"",""hypoallergenic_rooms"",""family_rooms_min_3_guests"",""individual_air_conditioning"",""safe"",""wifi"",""spa_hammam"",""on_site_restaurant_guest_table"",""rooftop"",""solarium"",""first_aid_kit"",""video_surveillance_common_areas_and_outdoors"",""massage_room"",""patio_fountain_shaded_relaxation_areas"",""moroccan_patio"",""baby_equipment_crib_high_chairs""]","[""breakfast_included"",""airport_shuttle"",""on_site_or_nearby_parking"",""24_hour_reception"",""cleaning_service"",""ironing_service"",""non_smoking_rooms"",""dinner"",""hammam"",""hammam_and_treatments"",""manicure"",""massages"",""pedicure"",""private_hammam_scrubs_massages"",""spa"",""spa_hammam_and_massage"",""wi_fi_gratuit_haut_debit_rooftop_terrasse_diners_et_dejeuner_a_la_demande_massages_bien_etre_sur_demande_organisation_d_excursions_privees"",""wifi""]","[""free_cancellation_depending_on_rate_plan"",""booking_without_a_credit_card"",""card_payment_terminal""]","{""en"":"""",""es"":"""",""fr"":""""}",https://riadseemoon.com/,+212524385439,"contactseemoon@gmail.com
",-7.983503,31.624187,4.60,236,"[""https://dzuwwfttnigeisicqyto.supabase.co/storage/v1/object/public/riadsimages/riad_see_moon/345107226.jpg"",""https://dzuwwfttnigeisicqyto.supabase.co/storage/v1/object/public/riadsimages/riad_see_moon/355367004.jpg"",""https://dzuwwfttnigeisicqyto.supabase.co/storage/v1/object/public/riadsimages/riad_see_moon/79651888.jpg"",""https://dzuwwfttnigeisicqyto.supabase.co/storage/v1/object/public/riadsimages/riad_see_moon/625397246.jpg"",""https://dzuwwfttnigeisicqyto.supabase.co/storage/v1/object/public/riadsimages/riad_see_moon/76218943.jpg"",""https://base44.app/api/apps/69f10e36f5d3972acca5a916/files/mp/public/69f10e36f5d3972acca5a916/b17aeef84_IMG_2873.jpeg"",""https://base44.app/api/apps/69f10e36f5d3972acca5a916/files/mp/public/69f10e36f5d3972acca5a916/bb0a7d279_IMG_2875.jpeg"",""https://base44.app/api/apps/69f10e36f5d3972acca5a916/files/mp/public/69f10e36f5d3972acca5a916/ef9842787_IMG_2855.jpeg"",""https://base44.app/api/apps/69f10e36f5d3972acca5a916/files/mp/public/69f10e36f5d3972acca5a916/638014330_IMG_2860.jpeg"",""https://base44.app/api/apps/69f10e36f5d3972acca5a916/files/mp/public/69f10e36f5d3972acca5a916/70819123b_IMG_2851.jpeg"",""https://base44.app/api/apps/69f10e36f5d3972acca5a916/files/mp/public/69f10e36f5d3972acca5a916/d4c04f734_IMG_4479.png"",""https://base44.app/api/apps/69f10e36f5d3972acca5a916/files/mp/public/69f10e36f5d3972acca5a916/8c14181bd_IMG_4474.jpeg"",""https://base44.app/api/apps/69f10e36f5d3972acca5a916/files/mp/public/69f10e36f5d3972acca5a916/fe766b2e3_IMG_5868.jpeg"",""https://base44.app/api/apps/69f10e36f5d3972acca5a916/files/mp/public/69f10e36f5d3972acca5a916/9bc1a8ec3_IMG_5871.jpeg"",""https://base44.app/api/apps/69f10e36f5d3972acca5a916/files/mp/public/69f10e36f5d3972acca5a916/38584645f_IMG_3651.png"",""https://base44.app/api/apps/69f10e36f5d3972acca5a916/files/mp/public/69f10e36f5d3972acca5a916/3a43d972e_IMG_9001.png"",""https://base44.app/api/apps/69f10e36f5d3972acca5a916/files/mp/public/69f10e36f5d3972acca5a916/5fe7085b9_IMG_9058.png"",""https://base44.app/api/apps/69f10e36f5d3972acca5a916/files/mp/public/69f10e36f5d3972acca5a916/b559ef7ca_IMG_8770.png"",""https://base44.app/api/apps/69f10e36f5d3972acca5a916/files/mp/public/69f10e36f5d3972acca5a916/e3c70922d_IMG_3952.png"",""https://base44.app/api/apps/69f10e36f5d3972acca5a916/files/mp/public/69f10e36f5d3972acca5a916/c4f0cc623_D647241C-0AB4-46D4-B9DD-69D26B80BB3A.jpeg"",""https://base44.app/api/apps/69f10e36f5d3972acca5a916/files/mp/public/69f10e36f5d3972acca5a916/798b16a01_IMG_3870.jpeg"",""https://base44.app/api/apps/69f10e36f5d3972acca5a916/files/mp/public/69f10e36f5d3972acca5a916/678db7894_IMG_3877.jpeg"",""https://base44.app/api/apps/69f10e36f5d3972acca5a916/files/mp/public/69f10e36f5d3972acca5a916/ea2c5d42c_IMG_3861.jpeg"",""https://base44.app/api/apps/69f10e36f5d3972acca5a916/files/mp/public/69f10e36f5d3972acca5a916/052a7f51d_IMG_5538.jpeg"",""https://base44.app/api/apps/69f10e36f5d3972acca5a916/files/mp/public/69f10e36f5d3972acca5a916/743c8fa04_IMG_5546.jpeg"",""https://base44.app/api/apps/69f10e36f5d3972acca5a916/files/mp/public/69f10e36f5d3972acca5a916/3d7c37078_IMG_5583.jpeg"",""https://base44.app/api/apps/69f10e36f5d3972acca5a916/files/mp/public/69f10e36f5d3972acca5a916/890efea78_IMG_2872.jpeg"",""https://base44.app/api/apps/69f10e36f5d3972acca5a916/files/mp/public/69f10e36f5d3972acca5a916/3c77d548a_IMG_5570.jpeg"",""https://base44.app/api/apps/69f10e36f5d3972acca5a916/files/mp/public/69f10e36f5d3972acca5a916/5acf687d7_7194E89F-229B-4B2E-B789-6019BCCB6D48.jpeg"",""https://base44.app/api/apps/69f10e36f5d3972acca5a916/files/mp/public/69f10e36f5d3972acca5a916/64b493f2c_IMG_3651.png""]",,2026-01-24 19:57:47.661076+00
1e78f583-0349-476d-afad-08942d1021a6,"{""en"":""Riad Le Pavillon De La Kasbah"",""es"":""Riad Le Pavillon De La Kasbah"",""fr"":""Riad Le Pavillon De La Kasbah""}","{""en"":""J277+GG, Marrakech 40000"",""es"":""J277+GG, Marrakech 40000"",""fr"":""J277+GG, Marrakech 40000""}",marrakech,kasbah,riad,"{""en"":""Riad Le Pavillon De La Kasbah is a characterful riad in the heart of Marrakech’s medina. The riad is built around a patio designed for relaxation. Its atmosphere is intimate and authentic, ideal for discovering Marrakech while enjoying a calm and refined setting."",""es"":""Riad Le Pavillon De La Kasbah est un Riad de caractère au cœur de la médina de Marrakech. Le Riad s’organise autour d’un patio propice au repos. L’atmosphère se veut intime et authentique, idéale pour découvrir Marrakech tout en profitant d’un cadre reposant et soigné."",""fr"":""Riad Le Pavillon De La Kasbah est un riad de caractère au cœur de la médina de Marrakech. Le riad s’organise autour d’un patio propice au repos. L’atmosphère se veut intime et authentique, idéale pour découvrir Marrakech tout en profitant d’un cadre reposant et soigné.""}",[],[],[],"{""en"":"""",""es"":"""",""fr"":""""}",pavillon-marrakech.com,,,-7.986231,31.613850,4.90,137,"[""https://dzuwwfttnigeisicqyto.supabase.co/storage/v1/object/public/riadsimages/riad_Le_Pavillon_De_La_Kasbah/747287238.jpg"",""https://dzuwwfttnigeisicqyto.supabase.co/storage/v1/object/public/riadsimages/riad_Le_Pavillon_De_La_Kasbah/350461658.jpg"",""https://dzuwwfttnigeisicqyto.supabase.co/storage/v1/object/public/riadsimages/riad_Le_Pavillon_De_La_Kasbah/288179045.jpg"",""https://dzuwwfttnigeisicqyto.supabase.co/storage/v1/object/public/riadsimages/riad_Le_Pavillon_De_La_Kasbah/288178517.jpg"",""https://dzuwwfttnigeisicqyto.supabase.co/storage/v1/object/public/riadsimages/riad_Le_Pavillon_De_La_Kasbah/327608296.jpg""]",,2026-01-24 19:57:47.661076+00
1f8b9291-bb08-42fd-bad1-06c5e6abc777,"{""en"":""Riad Djebel"",""es"":""Riad Djebel"",""fr"":""Riad Djebel""}","{""en"":""190, Derb Skaya, Quartier Issebtiynne, Marrakesh 40000"",""es"":""190, Derb Skaya, Quartier Issebtiynne, Marrakesh 40000"",""fr"":""190, Derb Skaya, Quartier Issebtiynne, Marrakesh 40000""}",marrakech,ben_youssef,riad,"{""en"":""Riad Djebel is a characterful riad in an authentic area of the medina. The riad is built around a patio designed for relaxation. Its atmosphere is intimate and authentic, ideal for discovering Marrakech while enjoying a calm and refined setting."",""es"":""Riad Djebel est un Riad de caractère dans un quartier authentique de la médina. Le Riad s’organise autour d’un patio propice au repos. L’atmosphère se veut intime et authentique, idéale pour découvrir Marrakech tout en profitant d’un cadre reposant et soigné."",""fr"":""Riad Djebel est un riad de caractère dans un quartier authentique de la médina. Le riad s’organise autour d’un patio propice au repos. L’atmosphère se veut intime et authentique, idéale pour découvrir Marrakech tout en profitant d’un cadre reposant et soigné.""}","[""double_beds_only"",""individual_air_conditioning"",""baby_equipment_crib_high_chairs"",""safe"",""wifi"",""piscine_chauffee"",""on_site_restaurant_guest_table"",""rooftop"",""solarium"",""first_aid_kit"",""shared_lounge_tv_room"",""video_surveillance_common_areas_and_outdoors""]","[""breakfast_included"",""special_menus_gluten_free_vegan_etc"",""airport_shuttle"",""on_site_or_nearby_parking"",""24_hour_reception"",""excursions_desk"",""non_smoking_rooms"",""luggage_storage""]","[""free_cancellation_depending_on_rate_plan"",""card_payment_terminal""]","{""en"":"""",""es"":"""",""fr"":""""}",riaddjebel.com,+212666046698,contact@riaddjebel.com,-7.980639,31.631235,4.90,679,"[""https://dzuwwfttnigeisicqyto.supabase.co/storage/v1/object/public/riadsimages/riad_djebel/Riad_Djebel2.jpg"",""https://dzuwwfttnigeisicqyto.supabase.co/storage/v1/object/public/riadsimages/riad_djebel/Suite_superieure3.jpg"",""https://dzuwwfttnigeisicqyto.supabase.co/storage/v1/object/public/riadsimages/riad_djebel/Riad_Djebel1.jpg"",""https://dzuwwfttnigeisicqyto.supabase.co/storage/v1/object/public/riadsimages/riad_djebel/Riad_Djebel35.jpg"",""https://dzuwwfttnigeisicqyto.supabase.co/storage/v1/object/public/riadsimages/riad_djebel/Riad_Djebel7.jpg""]",,2026-01-24 19:57:47.661076+00
20a96ed3-4361-47d3-afcd-b0e20514e2ee,"{""en"":""Riad Manissa"",""es"":""Riad Manissa"",""fr"":""Riad Manissa""}","{""en"":""Riad Zitoun Lakdim, Derb Jdid n°100, Marrakech 40000"",""es"":""Riad Zitoun Lakdim, Derb Jdid n°100, Marrakech 40000"",""fr"":""Riad Zitoun Lakdim, Derb Jdid n°100, Marrakech 40000""}",marrakech,hay_essalam,riad,"{""en"":""Riad Manissa is a characterful riad in an authentic area of the medina. The riad is built around a patio designed for relaxation. Its atmosphere is intimate and authentic, ideal for discovering Marrakech while enjoying a calm and refined setting."",""es"":""Riad Manissa est un Riad de caractère dans un quartier authentique de la médina. Le Riad s’organise autour d’un patio propice au repos. L’atmosphère se veut intime et authentique, idéale pour découvrir Marrakech tout en profitant d’un cadre reposant et soigné."",""fr"":""Riad Manissa est un riad de caractère dans un quartier authentique de la médina. Le riad s’organise autour d’un patio propice au repos. L’atmosphère se veut intime et authentique, idéale pour découvrir Marrakech tout en profitant d’un cadre reposant et soigné.""}",[],[],[],"{""en"":"""",""es"":"""",""fr"":""""}",X,+212 7 14 98 29 86,,-7.985955,31.622172,4.60,252,"[""https://dzuwwfttnigeisicqyto.supabase.co/storage/v1/object/public/riadsimages/riad_manissa/96508562.jpg"",""https://dzuwwfttnigeisicqyto.supabase.co/storage/v1/object/public/riadsimages/riad_manissa/28779370.jpg"",""https://dzuwwfttnigeisicqyto.supabase.co/storage/v1/object/public/riadsimages/riad_manissa/28374331.jpg"",""https://dzuwwfttnigeisicqyto.supabase.co/storage/v1/object/public/riadsimages/riad_manissa/28378920.jpg"",""https://dzuwwfttnigeisicqyto.supabase.co/storage/v1/object/public/riadsimages/riad_manissa/96508578.jpg""]",,2026-01-24 19:57:47.661076+00
253f4eee-515a-4b65-8501-5598ba7f001f,"{""en"":""Riad Salmiya Dune"",""es"":""Riad Salmiya Dune"",""fr"":""Riad Salmiya Dune""}","{""en"":""187 Rue Sijilmassa, Essaouira 44000"",""es"":""187 Rue Sijilmassa, Essaouira 44000"",""fr"":""187 Rue Sijilmassa, Essaouira 44000""}",essaouira,essaouira_medina,riad,"{""en"":""Riad Salmiya Dune is a characterful riad in an authentic area of the medina. The riad is built around a patio designed for relaxation. Its atmosphere is intimate and authentic, ideal for discovering Marrakech while enjoying a calm and refined setting."",""es"":""Riad Salmiya Dune est un Riad de caractère dans un quartier authentique de la médina. Le Riad s’organise autour d’un patio propice au repos. L’atmosphère se veut intime et authentique, idéale pour découvrir Marrakech tout en profitant d’un cadre reposant et soigné."",""fr"":""Riad Salmiya Dune est un riad de caractère dans un quartier authentique de la médina. Le riad s’organise autour d’un patio propice au repos. L’atmosphère se veut intime et authentique, idéale pour découvrir Marrakech tout en profitant d’un cadre reposant et soigné.""}","[""choice_of_double_or_single_beds"",""family_rooms_min_3_guests"",""baby_equipment_crib_high_chairs"",""wifi"",""rooftop"",""solarium"",""shared_lounge_tv_room"",""video_surveillance_common_areas_and_outdoors""]","[""breakfast_included"",""special_menus_gluten_free_vegan_etc"",""airport_shuttle"",""on_site_or_nearby_parking"",""babysitting"",""excursions_desk"",""cleaning_service"",""ironing_service"",""non_smoking_rooms"",""luggage_storage""]","[""free_cancellation_depending_on_rate_plan"",""booking_without_a_credit_card""]","{""en"":""Établissement situé dans une impasse offrant le calme et la sérénité à nos hôtes. Belle Terrace ensoleillée. Quartier familial et authentique pour une totale immersion dans la vie quotidienne des voisins. Une petite équipe qui s’articule autour des 2 propriétaires aux petits soins avec nos hôtes."",""es"":""Établissement situé dans une impasse offrant le calme et la sérénité à nos hôtes. Belle Terraza ensoleillée. Quartier familial et authentique pour une totale immersion dans la vie quotidienne des voisins. Une petite équipe qui s’articule autour des 2 propriétaires aux petits soins avec nos hôtes."",""fr"":""Établissement situé dans une impasse offrant le calme et la sérénité à nos hôtes. Belle terrasse ensoleillée. Quartier familial et authentique pour une totale immersion dans la vie quotidienne des voisins. Une petite équipe qui s’articule autour des 2 propriétaires aux petits soins avec nos hôtes.""}",X,+2120672843820,riadsalmiya@yahoo.com,-9.756875,31.502571,4.80,241,"[""https://dzuwwfttnigeisicqyto.supabase.co/storage/v1/object/public/riadsimages/riad_salmiya_dune/798123877.jpg"",""https://dzuwwfttnigeisicqyto.supabase.co/storage/v1/object/public/riadsimages/riad_salmiya_dune/798123881.jpg"",""https://dzuwwfttnigeisicqyto.supabase.co/storage/v1/object/public/riadsimages/riad_salmiya_dune/798121730.jpg"",""https://dzuwwfttnigeisicqyto.supabase.co/storage/v1/object/public/riadsimages/riad_salmiya_dune/798046787.jpg"",""https://dzuwwfttnigeisicqyto.supabase.co/storage/v1/object/public/riadsimages/riad_salmiya_dune/798123908.jpg""]",,2026-01-24 19:57:47.661076+00
26948279-20ec-4dcf-997e-82209abb3530,"{""en"":""Riad Al Mendili"",""es"":""Riad Al Mendili"",""fr"":""Riad Al Mendili""}","{""en"":""Douar Iaamrine, Sidi Abdellah Ghiate, 40066 Marrakech"",""es"":""Douar Iaamrine, Sidi Abdellah Ghiate, 40066 Marrakech"",""fr"":""Douar Iaamrine, Sidi Abdellah Ghiate, 40066 Marrakech""}",marrakech,montagne,kasbah,"{""en"":""Riad Al Mendili is a characterful riad in an authentic area of the medina. The riad is built around a patio designed for relaxation. Its atmosphere is intimate and authentic, ideal for discovering Marrakech while enjoying a calm and refined setting."",""es"":""Riad Al Mendili est un Riad de caractère dans un quartier authentique de la médina. Le Riad s’organise autour d’un patio propice au repos. L’atmosphère se veut intime et authentique, idéale pour découvrir Marrakech tout en profitant d’un cadre reposant et soigné."",""fr"":""Riad Al Mendili est un riad de caractère dans un quartier authentique de la médina. Le riad s’organise autour d’un patio propice au repos. L’atmosphère se veut intime et authentique, idéale pour découvrir Marrakech tout en profitant d’un cadre reposant et soigné.""}","[""choice_of_double_or_single_beds"",""hypoallergenic_rooms"",""family_rooms_min_3_guests"",""individual_air_conditioning"",""baby_equipment_crib_high_chairs"",""prm_accessibility"",""safe"",""wifi"",""in_room_tv"",""pool"",""spa_hammam"",""on_site_restaurant_guest_table"",""bar"",""rooftop"",""garden"",""solarium"",""first_aid_kit"",""shared_lounge_tv_room"",""video_surveillance_common_areas_and_outdoors"",""billiards"",""hot_tub"",""petanque_court""]","[""breakfast_included"",""special_menus_gluten_free_vegan_etc"",""airport_shuttle"",""on_site_or_nearby_parking"",""cooking_class"",""room_service"",""prm_accessibility"",""excursions_desk"",""cleaning_service"",""ironing_service"",""non_smoking_rooms"",""luggage_storage"",""business_services_meeting_reception_room""]","[""free_cancellation_depending_on_rate_plan"",""booking_without_a_credit_card"",""no_prepayment"",""card_payment_terminal""]","{""en"":"""",""es"":"""",""fr"":""""}",https://www.almendili.com/en/,+212600010010,almendilikasbah@almendili.com,-7.879308,31.500448,4.90,587,"[""https://dzuwwfttnigeisicqyto.supabase.co/storage/v1/object/public/riadsimages/riad_al_mendili/el_mendili05567.jpg"",""https://dzuwwfttnigeisicqyto.supabase.co/storage/v1/object/public/riadsimages/riad_al_mendili/el_mendili05525.jpg"",""https://dzuwwfttnigeisicqyto.supabase.co/storage/v1/object/public/riadsimages/riad_al_mendili/el_mendili05536.jpg"",""https://dzuwwfttnigeisicqyto.supabase.co/storage/v1/object/public/riadsimages/riad_al_mendili/el_mendili05583.jpg"",""https://dzuwwfttnigeisicqyto.supabase.co/storage/v1/object/public/riadsimages/riad_al_mendili/el_mendili05548.jpg""]",,2026-01-24 19:57:47.661076+00
284aa4a0-645f-4d21-be88-08d397c8f635,"{""en"":""Riad Khalifa"",""es"":""Riad Khalifa"",""fr"":""Riad Khalifa""}","{""en"":""Ouayhah، 17 Derb, Rte Sidi Abdelaziz, Marrakesh 40000"",""es"":""Ouayhah، 17 Derb, Rte Sidi Abdelaziz, Marrakesh 40000"",""fr"":""Ouayhah، 17 Derb, Rte Sidi Abdelaziz, Marrakesh 40000""}",marrakech,dar_el_bacha,riad,"{""en"":""Riad Khalifa is a characterful riad in the heart of Marrakech’s medina. The riad is built around a patio designed for relaxation. Its atmosphere is intimate and authentic, ideal for discovering Marrakech while enjoying a calm and refined setting."",""es"":""Riad Khalifa est un Riad de caractère au cœur de la médina de Marrakech. Le Riad s’organise autour d’un patio propice au repos. L’atmosphère se veut intime et authentique, idéale pour découvrir Marrakech tout en profitant d’un cadre reposant et soigné."",""fr"":""Riad Khalifa est un riad de caractère au cœur de la médina de Marrakech. Le riad s’organise autour d’un patio propice au repos. L’atmosphère se veut intime et authentique, idéale pour découvrir Marrakech tout en profitant d’un cadre reposant et soigné.""}","[""double_beds_only"",""family_rooms_min_3_guests"",""individual_air_conditioning"",""safe"",""wifi"",""spa_hammam"",""on_site_restaurant_guest_table"",""rooftop"",""first_aid_kit"",""video_surveillance_common_areas_and_outdoors""]","[""breakfast_included"",""special_menus_gluten_free_vegan_etc"",""cooking_class"",""24_hour_reception"",""cleaning_service"",""non_smoking_rooms""]","[""card_payment_terminal""]","{""en"":"""",""es"":"""",""fr"":""""}",riad-khalifa.com,+393393380232,info@riad-khalifa.com,-7.989155,31.631810,4.70,99,"[""https://dzuwwfttnigeisicqyto.supabase.co/storage/v1/object/public/riadsimages/riad_Khalifa/517962991.jpg"",""https://dzuwwfttnigeisicqyto.supabase.co/storage/v1/object/public/riadsimages/riad_Khalifa/517963043.jpg"",""https://dzuwwfttnigeisicqyto.supabase.co/storage/v1/object/public/riadsimages/riad_Khalifa/517963060.jpg"",""https://dzuwwfttnigeisicqyto.supabase.co/storage/v1/object/public/riadsimages/riad_Khalifa/776534480.jpg"",""https://dzuwwfttnigeisicqyto.supabase.co/storage/v1/object/public/riadsimages/riad_Khalifa/790475839.jpg""]",,2026-01-24 19:57:47.661076+00
28ae13ed-3d19-4505-8783-4b0f5a4fa017,"{""en"":""Riad Dar Touyir"",""es"":""Riad Dar Touyir"",""fr"":""Riad Dar Touyir""}","{""en"":""132 Derb Dekkak, Marrakech 40000"",""es"":""132 Derb Dekkak, Marrakech 40000"",""fr"":""132 Derb Dekkak, Marrakech 40000""}",marrakech,bab_doukkala,riad,"{""en"":""Riad Dar Touyir is a characterful riad in the heart of Marrakech’s medina. The riad is built around a patio designed for relaxation. Its atmosphere is intimate and authentic, ideal for discovering Marrakech while enjoying a calm and refined setting."",""es"":""Riad Dar Touyir est un Riad de caractère au cœur de la médina de Marrakech. Le Riad s’organise autour d’un patio propice au repos. L’atmosphère se veut intime et authentique, idéale pour découvrir Marrakech tout en profitant d’un cadre reposant et soigné."",""fr"":""Riad Dar Touyir est un riad de caractère au cœur de la médina de Marrakech. Le riad s’organise autour d’un patio propice au repos. L’atmosphère se veut intime et authentique, idéale pour découvrir Marrakech tout en profitant d’un cadre reposant et soigné.""}","[""choice_of_double_or_single_beds"",""safe"",""wifi"",""on_site_restaurant_guest_table"",""rooftop"",""solarium"",""first_aid_kit"",""video_surveillance_common_areas_and_outdoors""]","[""breakfast_included"",""special_menus_gluten_free_vegan_etc"",""airport_shuttle"",""cooking_class"",""24_hour_reception"",""excursions_desk"",""cleaning_service"",""non_smoking_rooms"",""luggage_storage""]","[""free_cancellation_depending_on_rate_plan"",""booking_without_a_credit_card"",""no_prepayment"",""card_payment_terminal""]","{""en"":"""",""es"":"""",""fr"":""""}",dar-touyir.com/fr/,+212524387352,dar.touyir@gmail.com,-7.996912,31.631675,4.70,182,"[""https://dzuwwfttnigeisicqyto.supabase.co/storage/v1/object/public/riadsimages/riad_dar_touyir/119710315.jpg"",""https://dzuwwfttnigeisicqyto.supabase.co/storage/v1/object/public/riadsimages/riad_dar_touyir/5470189.jpg"",""https://dzuwwfttnigeisicqyto.supabase.co/storage/v1/object/public/riadsimages/riad_dar_touyir/5466696.jpg"",""https://dzuwwfttnigeisicqyto.supabase.co/storage/v1/object/public/riadsimages/riad_dar_touyir/5470076.jpg"",""https://dzuwwfttnigeisicqyto.supabase.co/storage/v1/object/public/riadsimages/riad_dar_touyir/5466702.jpg""]",,2026-01-24 19:57:47.661076+00
2ce65dde-ef4c-4257-ac35-69a9c23b6350,"{""en"":""Riad Hermes"",""es"":""Riad Hermes"",""fr"":""Riad Hermes""}","{""en"":""58 Derb Snane, Marrakech 40000"",""es"":""58 Derb Snane, Marrakech 40000"",""fr"":""58 Derb Snane, Marrakech 40000""}",marrakech,mouassine,riad,"{""en"":""Riad Hermes is a characterful riad in an authentic area of the medina. The riad is built around a patio designed for relaxation. Its atmosphere is intimate and authentic, ideal for discovering Marrakech while enjoying a calm and refined setting."",""es"":""Riad Hermes est un Riad de caractère dans un quartier authentique de la médina. Le Riad s’organise autour d’un patio propice au repos. L’atmosphère se veut intime et authentique, idéale pour découvrir Marrakech tout en profitant d’un cadre reposant et soigné."",""fr"":""Riad Hermes est un riad de caractère dans un quartier authentique de la médina. Le riad s’organise autour d’un patio propice au repos. L’atmosphère se veut intime et authentique, idéale pour découvrir Marrakech tout en profitant d’un cadre reposant et soigné.""}","[""choice_of_double_or_single_beds"",""family_rooms_min_3_guests"",""individual_air_conditioning"",""baby_equipment_crib_high_chairs"",""safe"",""wifi"",""in_room_tv"",""pool"",""piscine_chauffee"",""spa_hammam"",""on_site_restaurant_guest_table"",""rooftop"",""solarium"",""first_aid_kit"",""video_surveillance_common_areas_and_outdoors""]","[""breakfast_included"",""special_menus_gluten_free_vegan_etc"",""airport_shuttle"",""on_site_or_nearby_parking"",""24_hour_reception"",""excursions_desk"",""luggage_storage""]","[""free_cancellation_depending_on_rate_plan"",""booking_without_a_credit_card"",""no_prepayment"",""card_payment_terminal""]","{""en"":"""",""es"":"""",""fr"":""""}",riadhermes.com,+33622067506,contact@riadhermes.com,-7.991556,31.629643,4.60,539,"[""https://dzuwwfttnigeisicqyto.supabase.co/storage/v1/object/public/riadsimages/riad_hermes/156252402.jpg"",""https://dzuwwfttnigeisicqyto.supabase.co/storage/v1/object/public/riadsimages/riad_hermes/20439448.jpg"",""https://dzuwwfttnigeisicqyto.supabase.co/storage/v1/object/public/riadsimages/riad_hermes/156252089.jpg"",""https://dzuwwfttnigeisicqyto.supabase.co/storage/v1/object/public/riadsimages/riad_hermes/156252047.jpg"",""https://dzuwwfttnigeisicqyto.supabase.co/storage/v1/object/public/riadsimages/riad_hermes/20439446.jpg""]",,2026-01-24 19:57:47.661076+00
2d390544-7363-4976-9379-766ef7d7f5e1,"{""en"":""Riad Ksar Al Amal"",""es"":""Riad Ksar Al Amal"",""fr"":""Riad Ksar Al Amal""}","{""en"":""J298+WRW 35, Marrakesh 40000"",""es"":""J298+WRW 35, Marrakesh 40000"",""fr"":""J298+WRW 35, Marrakesh 40000""}",marrakech,mellah,riad,"{""en"":""Riad Ksar Al Amal is a characterful riad in the heart of Marrakech’s medina. The riad is built around a patio designed for relaxation. Its atmosphere is intimate and authentic, ideal for discovering Marrakech while enjoying a calm and refined setting."",""es"":""Riad Ksar Al Amal est un Riad de caractère au cœur de la médina de Marrakech. Le Riad s’organise autour d’un patio propice au repos. L’atmosphère se veut intime et authentique, idéale pour découvrir Marrakech tout en profitant d’un cadre reposant et soigné."",""fr"":""Riad Ksar Al Amal est un riad de caractère au cœur de la médina de Marrakech. Le riad s’organise autour d’un patio propice au repos. L’atmosphère se veut intime et authentique, idéale pour découvrir Marrakech tout en profitant d’un cadre reposant et soigné.""}",[],[],[],"{""en"":"""",""es"":"""",""fr"":""""}",riadksaralamal.com,,,-7.982844,31.620037,4.80,100,"[""https://dzuwwfttnigeisicqyto.supabase.co/storage/v1/object/public/riadsimages/riad_ksar_al_amal/639657538.jpg"",""https://dzuwwfttnigeisicqyto.supabase.co/storage/v1/object/public/riadsimages/riad_ksar_al_amal/641512927.jpg"",""https://dzuwwfttnigeisicqyto.supabase.co/storage/v1/object/public/riadsimages/riad_ksar_al_amal/641514465.jpg"",""https://dzuwwfttnigeisicqyto.supabase.co/storage/v1/object/public/riadsimages/riad_ksar_al_amal/641563777.jpg"",""https://dzuwwfttnigeisicqyto.supabase.co/storage/v1/object/public/riadsimages/riad_ksar_al_amal/374158128.jpg""]",,2026-01-24 19:57:47.661076+00
2d3e4655-92bb-414c-ac40-8b5b40c2f9e7,"{""en"":""Riad Abracadabra"",""es"":""Riad Abracadabra"",""fr"":""Riad Abracadabra""}","{""en"":""125 Derb Jamaa, Marrakesh 40000"",""es"":""125 Derb Jamaa, Marrakesh 40000"",""fr"":""125 Derb Jamaa, Marrakesh 40000""}",marrakech,derb_dabachi,riad,"{""en"":""Riad Abracadabra is a characterful riad in an authentic area of the medina. The riad is built around a patio designed for relaxation. Its atmosphere is intimate and authentic, ideal for discovering Marrakech while enjoying a calm and refined setting."",""es"":""Riad Abracadabra est un Riad de caractère dans un quartier authentique de la médina. Le Riad s’organise autour d’un patio propice au repos. L’atmosphère se veut intime et authentique, idéale pour découvrir Marrakech tout en profitant d’un cadre reposant et soigné."",""fr"":""Riad Abracadabra est un riad de caractère dans un quartier authentique de la médina. Le riad s’organise autour d’un patio propice au repos. L’atmosphère se veut intime et authentique, idéale pour découvrir Marrakech tout en profitant d’un cadre reposant et soigné.""}",[],[],[],"{""en"":"""",""es"":"""",""fr"":""""}",https://www.riadabracadabra.com,+212 611 29 27 45,info@riadabracadabra.com,-7.985167,31.626928,4.80,455,"[""https://dzuwwfttnigeisicqyto.supabase.co/storage/v1/object/public/riadsimages/riad_abracadabra/31787913.jpg"",""https://dzuwwfttnigeisicqyto.supabase.co/storage/v1/object/public/riadsimages/riad_abracadabra/534485399.jpg"",""https://dzuwwfttnigeisicqyto.supabase.co/storage/v1/object/public/riadsimages/riad_abracadabra/534454312.jpg"",""https://dzuwwfttnigeisicqyto.supabase.co/storage/v1/object/public/riadsimages/riad_abracadabra/534484772.jpg"",""https://dzuwwfttnigeisicqyto.supabase.co/storage/v1/object/public/riadsimages/riad_abracadabra/534493373.jpg""]",,2026-01-24 19:57:47.661076+00
31a1c954-ed31-4573-9466-4129821af22a,"{""en"":""Riad Zara"",""es"":""Riad Zara"",""fr"":""Riad Zara""}","{""en"":""Derb Bensalek، 294 Boutouil Bab Aylen, Marrakesh 40000"",""es"":""Derb Bensalek، 294 Boutouil Bab Aylen, Marrakesh 40000"",""fr"":""Derb Bensalek، 294 Boutouil Bab Aylen, Marrakesh 40000""}",marrakech,derb_dabachi,riad,"{""en"":""Riad Zara is a characterful riad in an authentic area of the medina. The riad is built around a patio designed for relaxation. Its atmosphere is intimate and authentic, ideal for discovering Marrakech while enjoying a calm and refined setting."",""es"":""Riad Zara est un Riad de caractère dans un quartier authentique de la médina. Le Riad s’organise autour d’un patio propice au repos. L’atmosphère se veut intime et authentique, idéale pour découvrir Marrakech tout en profitant d’un cadre reposant et soigné."",""fr"":""Riad Zara est un riad de caractère dans un quartier authentique de la médina. Le riad s’organise autour d’un patio propice au repos. L’atmosphère se veut intime et authentique, idéale pour découvrir Marrakech tout en profitant d’un cadre reposant et soigné.""}",[],[],[],"{""en"":"""",""es"":"""",""fr"":""""}",riadzara.com,,,-7.974800,31.629135,4.80,611,"[""https://dzuwwfttnigeisicqyto.supabase.co/storage/v1/object/public/riadsimages/Riad_Zara/624490059.jpg"",""https://dzuwwfttnigeisicqyto.supabase.co/storage/v1/object/public/riadsimages/Riad_Zara/61761514.jpg"",""https://dzuwwfttnigeisicqyto.supabase.co/storage/v1/object/public/riadsimages/Riad_Zara/91263078.jpg"",""https://dzuwwfttnigeisicqyto.supabase.co/storage/v1/object/public/riadsimages/Riad_Zara/61757963.jpg"",""https://dzuwwfttnigeisicqyto.supabase.co/storage/v1/object/public/riadsimages/Riad_Zara/625355784.jpg""]",,2026-01-24 19:57:47.661076+00
335587dc-73fa-41b8-9f19-65f5038212f3,"{""en"":""Riad Anyssates"",""es"":""Riad Anyssates"",""fr"":""Riad Anyssates""}","{""en"":""144 Derb El bomba, Marrakesh"",""es"":""144 Derb El bomba, Marrakesh"",""fr"":""144 Derb El bomba, Marrakesh""}",marrakech,bab_doukkala,riad,"{""en"":""Riad Anyssates is a characterful riad in the heart of Marrakech’s medina. The riad is built around a patio designed for relaxation. Its atmosphere is intimate and authentic, ideal for discovering Marrakech while enjoying a calm and refined setting."",""es"":""Riad Anyssates est un Riad de caractère au cœur de la médina de Marrakech. Le Riad s’organise autour d’un patio propice au repos. L’atmosphère se veut intime et authentique, idéale pour découvrir Marrakech tout en profitant d’un cadre reposant et soigné."",""fr"":""Riad Anyssates est un riad de caractère au cœur de la médina de Marrakech. Le riad s’organise autour d’un patio propice au repos. L’atmosphère se veut intime et authentique, idéale pour découvrir Marrakech tout en profitant d’un cadre reposant et soigné.""}","[""choice_of_double_or_single_beds"",""family_rooms_min_3_guests"",""individual_air_conditioning"",""baby_equipment_crib_high_chairs"",""safe"",""wifi"",""pool"",""spa_hammam"",""on_site_restaurant_guest_table"",""bar"",""rooftop"",""solarium"",""first_aid_kit"",""shared_lounge_tv_room"",""video_surveillance_common_areas_and_outdoors""]","[""breakfast_included"",""special_menus_gluten_free_vegan_etc"",""airport_shuttle"",""on_site_or_nearby_parking"",""cooking_class"",""room_service"",""24_hour_reception"",""babysitting"",""on_site_activities"",""excursions_desk"",""cleaning_service"",""ironing_service"",""non_smoking_rooms"",""currency_exchange"",""luggage_storage"",""business_services_meeting_reception_room"",""spa""]","[""free_cancellation_depending_on_rate_plan"",""card_payment_terminal""]","{""en"":"""",""es"":"""",""fr"":""""}",https://en.riadanyssates.com/,+330610929222,riadanyssates@gmail.com,-7.995545,31.636641,4.60,570,"[""https://dzuwwfttnigeisicqyto.supabase.co/storage/v1/object/public/riadsimages/riad_anyssates/riadanyssates2021-pationuit-001.jpg"",""https://dzuwwfttnigeisicqyto.supabase.co/storage/v1/object/public/riadsimages/riad_anyssates/riadanyssates-salon-0010.jpg"",""https://dzuwwfttnigeisicqyto.supabase.co/storage/v1/object/public/riadsimages/riad_anyssates/riadanyssates-suitetriple-victoire-002.jpg"",""https://dzuwwfttnigeisicqyto.supabase.co/storage/v1/object/public/riadsimages/riad_anyssates/riadanyssates-terrassenew-0016.jpg"",""https://dzuwwfttnigeisicqyto.supabase.co/storage/v1/object/public/riadsimages/riad_anyssates/riadanyssates-piscine-105.jpg""]",,2026-01-24 19:57:47.661076+00
353bf784-8f17-42a3-a0d5-0814f35588c9,"{""en"":""Riad El Jadide"",""es"":""Riad El Jadide"",""fr"":""Riad El Jadide""}","{""en"":""11 Derb Abdelhamid, BOUNOUALA 40000"",""es"":""11 Derb Abdelhamid, BOUNOUALA 40000"",""fr"":""11 Derb Abdelhamid, BOUNOUALA 40000""}",marrakech,ben_youssef,riad,"{""en"":""Riad El Jadide is a characterful riad in the heart of Marrakech’s medina. The riad is built around a patio designed for relaxation. Its atmosphere is intimate and authentic, ideal for discovering Marrakech while enjoying a calm and refined setting."",""es"":""Riad El Jadide est un Riad de caractère au cœur de la médina de Marrakech. Le Riad s’organise autour d’un patio propice au repos. L’atmosphère se veut intime et authentique, idéale pour découvrir Marrakech tout en profitant d’un cadre reposant et soigné."",""fr"":""Riad El Jadide est un riad de caractère au cœur de la médina de Marrakech. Le riad s’organise autour d’un patio propice au repos. L’atmosphère se veut intime et authentique, idéale pour découvrir Marrakech tout en profitant d’un cadre reposant et soigné.""}","[""choice_of_double_or_single_beds"",""family_rooms_min_3_guests"",""individual_air_conditioning"",""baby_equipment_crib_high_chairs"",""safe"",""wifi"",""pool"",""heated_pool"",""on_site_restaurant_guest_table"",""rooftop"",""solarium"",""first_aid_kit"",""video_surveillance_common_areas_and_outdoors""]","[""breakfast_included"",""special_menus_gluten_free_vegan_etc"",""airport_shuttle"",""on_site_or_nearby_parking"",""cooking_class"",""24_hour_reception"",""cleaning_service"",""ironing_service"",""non_smoking_rooms"",""luggage_storage""]","[""free_cancellation_depending_on_rate_plan""]","{""en"":"""",""es"":"""",""fr"":""""}",https://www.riadeljadide.com/,+212 524 380 390,"riadeljadide@gmail.com ",-7.988493,31.639940,4.90,86,"[""https://dzuwwfttnigeisicqyto.supabase.co/storage/v1/object/public/riadsimages/riad_el_jadide/594020747.jpg"",""https://dzuwwfttnigeisicqyto.supabase.co/storage/v1/object/public/riadsimages/riad_el_jadide/594020729.jpg"",""https://dzuwwfttnigeisicqyto.supabase.co/storage/v1/object/public/riadsimages/riad_el_jadide/758833725.jpg"",""https://dzuwwfttnigeisicqyto.supabase.co/storage/v1/object/public/riadsimages/riad_el_jadide/594020695.jpg"",""https://dzuwwfttnigeisicqyto.supabase.co/storage/v1/object/public/riadsimages/riad_el_jadide/594020787.jpg""]",,2026-01-24 19:57:47.661076+00
3696fedd-21a2-4f3e-a8d6-26c689d7f57b,"{""en"":""Riad Clefs D'Orient"",""es"":""Riad Clefs D'Orient"",""fr"":""Riad Clefs D'Orient""}","{""en"":""2 Rue Touareg Ksint N'hass, Marrakesh 40000"",""es"":""2 Rue Touareg Ksint N'hass, Marrakesh 40000"",""fr"":""2 Rue Touareg Ksint N'hass, Marrakesh 40000""}",marrakech,kasbah,riad,"{""en"":""Riad Clefs D'Orient is a characterful riad in the heart of Marrakech’s medina. The riad is built around a patio designed for relaxation. Its atmosphere is intimate and authentic, ideal for discovering Marrakech while enjoying a calm and refined setting."",""es"":""Riad Clefs D'Orient est un Riad de caractère au cœur de la médina de Marrakech. Le Riad s’organise autour d’un patio propice au repos. L’atmosphère se veut intime et authentique, idéale pour découvrir Marrakech tout en profitant d’un cadre reposant et soigné."",""fr"":""Riad Clefs D'Orient est un riad de caractère au cœur de la médina de Marrakech. Le riad s’organise autour d’un patio propice au repos. L’atmosphère se veut intime et authentique, idéale pour découvrir Marrakech tout en profitant d’un cadre reposant et soigné.""}","[""choice_of_double_or_single_beds"",""family_rooms_min_3_guests"",""individual_air_conditioning"",""safe"",""wifi"",""piscine_chauffee"",""on_site_restaurant_guest_table"",""bar"",""rooftop"",""garden"",""solarium"",""first_aid_kit"",""shared_lounge_tv_room"",""video_surveillance_common_areas_and_outdoors""]","[""breakfast_included"",""special_menus_gluten_free_vegan_etc"",""airport_shuttle"",""on_site_or_nearby_parking"",""cooking_class"",""24_hour_reception"",""on_site_activities"",""excursions_desk"",""cleaning_service"",""ironing_service"",""non_smoking_rooms"",""luggage_storage"",""business_services_meeting_reception_room""]","[""free_cancellation_depending_on_rate_plan"",""card_payment_terminal""]","{""en"":"""",""es"":"""",""fr"":""""}",https://www.riadclefsdorient.com/,+212641613801,riadclefsdorient@gmail.com,-7.987412,31.618369,4.90,291,"[""https://dzuwwfttnigeisicqyto.supabase.co/storage/v1/object/public/riadsimages/Riad_Cle_D_Orient/terrassenight.jpg"",""https://dzuwwfttnigeisicqyto.supabase.co/storage/v1/object/public/riadsimages/Riad_Cle_D_Orient/IMG_9870.jpg"",""https://dzuwwfttnigeisicqyto.supabase.co/storage/v1/object/public/riadsimages/Riad_Cle_D_Orient/photo_rooftop_2_entier.jpg"",""https://dzuwwfttnigeisicqyto.supabase.co/storage/v1/object/public/riadsimages/Riad_Cle_D_Orient/vue_grand_rooftop.jpg"",""https://dzuwwfttnigeisicqyto.supabase.co/storage/v1/object/public/riadsimages/Riad_Cle_D_Orient/suite_bahia_1.jpg""]",,2026-01-24 19:57:47.661076+00
370b7a07-5e37-45af-9772-a8cdf890d17a,"{""en"":""Riad Le Bled To Stay"",""es"":""Riad Le Bled To Stay"",""fr"":""Riad Le Bled To Stay""}","{""en"":""Douar Coucou - Oasis Hassan II 40 000 Taseltanet - Marrakech, 40000"",""es"":""Douar Coucou - Oasis Hassan II 40 000 Taseltanet - Marrakech, 40000"",""fr"":""Douar Coucou - Oasis Hassan II 40 000 Taseltanet - Marrakech, 40000""}",marrakech,montagne,guesthouse,"{""en"":""Riad Le Bled To Stay is a characterful riad in an authentic area of the medina. The riad is built around a patio designed for relaxation. Its atmosphere is intimate and authentic, ideal for discovering Marrakech while enjoying a calm and refined setting."",""es"":""Riad Le Bled To Stay est un Riad de caractère dans un quartier authentique de la médina. Le Riad s’organise autour d’un patio propice au repos. L’atmosphère se veut intime et authentique, idéale pour découvrir Marrakech tout en profitant d’un cadre reposant et soigné."",""fr"":""Riad Le Bled To Stay est un riad de caractère dans un quartier authentique de la médina. Le riad s’organise autour d’un patio propice au repos. L’atmosphère se veut intime et authentique, idéale pour découvrir Marrakech tout en profitant d’un cadre reposant et soigné.""}",[],[],[],"{""en"":"""",""es"":"""",""fr"":""""}",,,,,,,0,"["""","""","""","""",""""]",,2026-01-24 19:57:47.661076+00
392eece5-56b3-4f9b-b3b7-9141e16f1b0f,"{""en"":""Riad Les Jardins Mandaline"",""es"":""Riad Les Jardins Mandaline"",""fr"":""Riad Les Jardins Mandaline""}","{""en"":""55 Derb El Ferrane, Marrakesh 40000"",""es"":""55 Derb El Ferrane, Marrakesh 40000"",""fr"":""55 Derb El Ferrane, Marrakesh 40000""}",marrakech,riad_laarous,riad,"{""en"":""Riad Les Jardins Mandaline is a characterful riad in the heart of Marrakech’s medina. The riad is built around a patio designed for relaxation. Its atmosphere is intimate and authentic, ideal for discovering Marrakech while enjoying a calm and refined setting."",""es"":""Riad Les Jardins Mandaline est un Riad de caractère au cœur de la médina de Marrakech. Le Riad s’organise autour d’un patio propice au repos. L’atmosphère se veut intime et authentique, idéale pour découvrir Marrakech tout en profitant d’un cadre reposant et soigné."",""fr"":""Riad Les Jardins Mandaline est un riad de caractère au cœur de la médina de Marrakech. Le riad s’organise autour d’un patio propice au repos. L’atmosphère se veut intime et authentique, idéale pour découvrir Marrakech tout en profitant d’un cadre reposant et soigné.""}",[],[],[],"{""en"":"""",""es"":"""",""fr"":""""}",esjardinsmandaline.morocco-ma,,,-7.989951,31.634526,4.60,625,"[""https://dzuwwfttnigeisicqyto.supabase.co/storage/v1/object/public/riadsimages/riad_Les_Jardins_Mandaline/108480915.jpg"",""https://dzuwwfttnigeisicqyto.supabase.co/storage/v1/object/public/riadsimages/riad_Les_Jardins_Mandaline/154790339.jpg"",""https://dzuwwfttnigeisicqyto.supabase.co/storage/v1/object/public/riadsimages/riad_Les_Jardins_Mandaline/21884201.jpg"",""https://dzuwwfttnigeisicqyto.supabase.co/storage/v1/object/public/riadsimages/riad_Les_Jardins_Mandaline/324927152.jpg"",""https://dzuwwfttnigeisicqyto.supabase.co/storage/v1/object/public/riadsimages/riad_Les_Jardins_Mandaline/107214003.jpg""]",,2026-01-24 19:57:47.661076+00
3953e157-cf85-4de8-87bb-4158e7a2083a,"{""en"":""Riad La Parenthese"",""es"":""Riad La Parenthese"",""fr"":""Riad La Parenthese""}","{""en"":""Lieu-dit \""EL HIMANIA\"", BP 87, Tameslohte 42312"",""es"":""Lieu-dit \""EL HIMANIA\"", BP 87, Tameslohte 42312"",""fr"":""Lieu-dit \""EL HIMANIA\"", BP 87, Tameslohte 42312""}",marrakech,desert,riad,"{""en"":""Riad La Parenthese is a characterful riad in the heart of Marrakech’s medina. The riad is built around a patio designed for relaxation. Its atmosphere is intimate and authentic, ideal for discovering Marrakech while enjoying a calm and refined setting."",""es"":""Riad La Parenthese est un Riad de caractère au cœur de la médina de Marrakech. Le Riad s’organise autour d’un patio propice au repos. L’atmosphère se veut intime et authentique, idéale pour découvrir Marrakech tout en profitant d’un cadre reposant et soigné."",""fr"":""Riad La Parenthese est un riad de caractère au cœur de la médina de Marrakech. Le riad s’organise autour d’un patio propice au repos. L’atmosphère se veut intime et authentique, idéale pour découvrir Marrakech tout en profitant d’un cadre reposant et soigné.""}",[],[],[],"{""en"":"""",""es"":"""",""fr"":""""}",riad-parenthese.com,,,-7.994012,31.631126,4.90,618,"[""https://dzuwwfttnigeisicqyto.supabase.co/storage/v1/object/public/riadsimages/riad_La_Parenthese/1.jpg"",""https://dzuwwfttnigeisicqyto.supabase.co/storage/v1/object/public/riadsimages/riad_La_Parenthese/9.jpg"",""https://dzuwwfttnigeisicqyto.supabase.co/storage/v1/object/public/riadsimages/riad_La_Parenthese/11.jpg"",""https://dzuwwfttnigeisicqyto.supabase.co/storage/v1/object/public/riadsimages/riad_La_Parenthese/20.jpg"",""https://dzuwwfttnigeisicqyto.supabase.co/storage/v1/object/public/riadsimages/riad_La_Parenthese/15.jpg""]",,2026-01-24 19:57:47.661076+00
3970d071-b1fb-4a97-bb68-8eca8fc9f5b0,"{""en"":""Riad Al Manara"",""es"":""Riad Al Manara"",""fr"":""Riad Al Manara""}","{""en"":""9 Rue Ahmed Baba Soudany, Essaouira 44000"",""es"":""9 Rue Ahmed Baba Soudany, Essaouira 44000"",""fr"":""9 Rue Ahmed Baba Soudany, Essaouira 44000""}",essaouira,essaouira_medina,riad,"{""en"":""Riad Al Manara is a characterful riad in the heart of Marrakech’s medina. The riad is built around a patio designed for relaxation. Its atmosphere is intimate and authentic, ideal for discovering Marrakech while enjoying a calm and refined setting."",""es"":""Riad Al Manara est un Riad de caractère au cœur de la médina de Marrakech. Le Riad s’organise autour d’un patio propice au repos. L’atmosphère se veut intime et authentique, idéale pour découvrir Marrakech tout en profitant d’un cadre reposant et soigné."",""fr"":""Riad Al Manara est un riad de caractère au cœur de la médina de Marrakech. Le riad s’organise autour d’un patio propice au repos. L’atmosphère se veut intime et authentique, idéale pour découvrir Marrakech tout en profitant d’un cadre reposant et soigné.""}","[""double_beds_only"",""choice_of_double_or_single_beds"",""family_rooms_min_3_guests"",""baby_equipment_crib_high_chairs"",""safe"",""wifi"",""rooftop"",""first_aid_kit"",""shared_lounge_tv_room"",""video_surveillance_common_areas_and_outdoors""]","[""breakfast_included"",""special_menus_gluten_free_vegan_etc"",""airport_shuttle"",""24_hour_reception"",""non_smoking_rooms"",""luggage_storage""]","[""free_cancellation_depending_on_rate_plan"",""booking_without_a_credit_card"",""no_prepayment"",""card_payment_terminal""]","{""en"":"""",""es"":"""",""fr"":""""}",https://www.riadalmanara.com,+2120766759513,riadalmanara@gmail.com,-9.769840,31.513834,4.60,64,"[""https://dzuwwfttnigeisicqyto.supabase.co/storage/v1/object/public/riadsimages/riad_al_manara/494485152.jpg"",""https://dzuwwfttnigeisicqyto.supabase.co/storage/v1/object/public/riadsimages/riad_al_manara/560597556.jpg"",""https://dzuwwfttnigeisicqyto.supabase.co/storage/v1/object/public/riadsimages/riad_al_manara/489571892.jpg"",""https://dzuwwfttnigeisicqyto.supabase.co/storage/v1/object/public/riadsimages/riad_al_manara/560604685.jpg"",""https://dzuwwfttnigeisicqyto.supabase.co/storage/v1/object/public/riadsimages/riad_al_manara/562559432.jpg""]",,2026-01-24 19:57:47.661076+00
39cb78a9-66dd-450b-90a2-cd6628531b75,"{""en"":""Riad Les Orangers D'Alilia"",""es"":""Riad Les Orangers D'Alilia"",""fr"":""Riad Les Orangers D'Alilia""}","{""en"":""216 rue Tadla, Marrakesh 40000"",""es"":""216 rue Tadla, Marrakesh 40000"",""fr"":""216 rue Tadla, Marrakesh 40000""}",marrakech,kasbah,riad,"{""en"":""Riad Les Orangers D'Alilia is a characterful riad in the heart of Marrakech’s medina. The riad is built around a patio designed for relaxation. Its atmosphere is intimate and authentic, ideal for discovering Marrakech while enjoying a calm and refined setting."",""es"":""Riad Les Orangers D'Alilia est un Riad de caractère au cœur de la médina de Marrakech. Le Riad s’organise autour d’un patio propice au repos. L’atmosphère se veut intime et authentique, idéale pour découvrir Marrakech tout en profitant d’un cadre reposant et soigné."",""fr"":""Riad Les Orangers D'Alilia est un riad de caractère au cœur de la médina de Marrakech. Le riad s’organise autour d’un patio propice au repos. L’atmosphère se veut intime et authentique, idéale pour découvrir Marrakech tout en profitant d’un cadre reposant et soigné.""}","[""choice_of_double_or_single_beds"",""family_rooms_min_3_guests"",""individual_air_conditioning"",""baby_equipment_crib_high_chairs"",""safe"",""wifi"",""pool"",""on_site_restaurant_guest_table"",""rooftop"",""solarium"",""first_aid_kit"",""shared_lounge_tv_room"",""video_surveillance_common_areas_and_outdoors""]","[""breakfast_included"",""special_menus_gluten_free_vegan_etc"",""airport_shuttle"",""on_site_or_nearby_parking"",""cooking_class"",""room_service"",""24_hour_reception"",""babysitting"",""pets_allowed"",""excursions_desk"",""cleaning_service"",""ironing_service"",""non_smoking_rooms"",""luggage_storage""]","[""card_payment_terminal""]","{""en"":"""",""es"":"""",""fr"":""""}",orangersdalilia.com,+212662210145,info@orangersdalilia.com,-7.986350,31.612787,4.80,939,"[""https://dzuwwfttnigeisicqyto.supabase.co/storage/v1/object/public/riadsimages/riad_Les_Orangers_D'Alilia/761117226.jpg"",""https://dzuwwfttnigeisicqyto.supabase.co/storage/v1/object/public/riadsimages/riad_Les_Orangers_D'Alilia/761134248.jpg"",""https://dzuwwfttnigeisicqyto.supabase.co/storage/v1/object/public/riadsimages/riad_Les_Orangers_D'Alilia/761124059.jpg"",""https://dzuwwfttnigeisicqyto.supabase.co/storage/v1/object/public/riadsimages/riad_Les_Orangers_D'Alilia/761185826.jpg"",""https://dzuwwfttnigeisicqyto.supabase.co/storage/v1/object/public/riadsimages/riad_Les_Orangers_D'Alilia/761125138.jpg""]",,2026-01-24 19:57:47.661076+00
39d631d7-5abf-4ba0-b0bb-843257531ecc,"{""en"":""Riad Mazaya"",""es"":""Riad Mazaya"",""fr"":""Riad Mazaya""}","{""en"":""17 Derb El Arsa, Marrakesh 40000"",""es"":""17 Derb El Arsa, Marrakesh 40000"",""fr"":""17 Derb El Arsa, Marrakesh 40000""}",marrakech,hay_essalam,riad,"{""en"":""Riad Mazaya is an enchanted retreat in the heart of the Marrakech medina, blending Moroccan elegance with contemporary comfort. From the moment you enter, a cozy, refined, and warm atmosphere envelops the travelers.\n\nIts 5 carefully decorated rooms combine traditional craftsmanship with modern touches.\n\nThe bright patio offers a haven of peace after the bustle of the souks. The rooftop jacuzzi invites relaxation under the Marrakech sky. A discreet and attentive service offers tailored experiences (excursions, activities, transfers). Local flavors, prepared with passion, celebrate the rich Moroccan culinary heritage.\n\nEvery detail is designed to offer a unique and authentic escape.\n\nIdeally located near Jemaa el-Fna square, in a quiet alley in the Riad Zitoun Jdid neighborhood (Bahia Palace, Badi Palace, Saadian Tombs, Culinary Art Museum).\n\nA confidential address where guests come... and where they already dream of returning."",""es"":""El Riad Mazaya es un retiro encantado en el corazón de la medina de Marrakech, que combina elegancia marroquí con confort contemporáneo. Desde el momento en que entras, una atmósfera acogedora, refinada y cálida envuelve a los viajeros.\n\nSus 5 habitaciones, decoradas con esmero, combinan la artesanía tradicional con toques modernos.\n\nEl patio brillante ofrece un remanso de paz después del bullicio de los zocos. El jacuzzi en la terraza de la azotea invita a la relajación bajo el cielo de Marrakech. Un servicio discreto y atento ofrece experiencias personalizadas (excursiones, actividades, traslados). Los sabores locales, preparados con pasión, celebran la rica herencia culinaria marroquí.\n\nCada detalle está pensado para ofrecer una escapada única y auténtica.\n\nIdealmente ubicado cerca de la plaza Jemaa el-Fna, en un callejón tranquilo del barrio Riad Zitoun Jdid (Palacio Bahia, Palacio Badi, Tumbas Saadíes, Museo de Arte Culinario).\n\nUna dirección confidencial donde la gente viene... y ya sueña con volver."",""fr"":""Le Riad Mazaya est une parenthèse enchantée au cœur de la médina de Marrakech, alliant élégance marocaine et confort contemporain. Dès l’entrée, une atmosphère intimiste, raffinée et chaleureuse enveloppe les voyageurs.\n\nSes 5 chambres, décorées avec soin, mêlent artisanat traditionnel et touches modernes.\n\nLe patio lumineux offre un havre de paix après l’effervescence des souks. Le jacuzzi sur le toit-terrasse invite à la détente sous le ciel de Marrakech. Un service discret et attentionné propose des expériences sur mesure (excursions, activités, transferts). Les saveurs locales, préparées avec passion, célèbrent la richesse culinaire marocaine.\n\nChaque détail est pensé pour offrir une évasion unique et authentique.\n\nIdéalement situé près de la place Jemaa el-Fna, dans une ruelle calme du quartier Riad Zitoun Jdid (Palais Bahia, Palais Badi, Tombeaux Saadiens, Musée d’Art Culinaire)\n\nUne adresse confidentielle où l’on vient… et où l’on rêve déjà de revenir.""}","[""choice_of_double_or_single_beds"",""individual_air_conditioning"",""safe"",""wifi"",""pool"",""on_site_restaurant_guest_table"",""rooftop"",""solarium"",""first_aid_kit"",""shared_lounge_tv_room"",""video_surveillance_common_areas_and_outdoors"",""moroccan_patio"",""library"",""heated_hot_tub"",""patio_fountain_shaded_relaxation_areas"",""solarium_with_shower_and_greenery"",""terrasse_transats_chauffage_climatisation_seche_cheveux_produits"",""family_rooms_max_3_guests""]","[""breakfast_included"",""special_menus_gluten_free_vegan_etc"",""airport_shuttle"",""on_site_or_nearby_parking"",""24_hour_reception"",""on_site_activities"",""excursions_desk"",""cleaning_service"",""ironing_service"",""non_smoking_rooms"",""currency_exchange"",""luggage_storage"",""massages"",""lunch"",""dinner"",""bookings_golf"",""parking_a_proximite"",""restaurant"",""wi_fi_gratuit_haut_debit_rooftop_terrasse_diners_et_dejeuner_a_la_demande_massages_bien_etre_sur_demande_organisation_d_excursions_privees"",""riad_for_exclusive_use"",""wifi""]","[""free_cancellation_depending_on_rate_plan"",""card_payment_terminal""]","{""en"":""Enfants acceptés à partir de 12 ans\n2 nuits minimum"",""es"":""Enfants acceptés à partir de 12 ans\n2 nuits minimum"",""fr"":""Enfants acceptés à partir de 12 ans\n2 nuits minimum""}",riadmazaya.com,+212660535613,contact@riadmazaya.com,-7.982650,31.623020,5.00,368,"[""https://dzuwwfttnigeisicqyto.supabase.co/storage/v1/object/public/riadsimages/Riad_Mazaya/principal.jpeg"",""https://dzuwwfttnigeisicqyto.supabase.co/storage/v1/object/public/riadsimages/Riad_Mazaya/inside.jpeg"",""https://dzuwwfttnigeisicqyto.supabase.co/storage/v1/object/public/riadsimages/Riad_Mazaya/details.jpg"",""https://dzuwwfttnigeisicqyto.supabase.co/storage/v1/object/public/riadsimages/Riad_Mazaya/terrase.jpeg"",""https://dzuwwfttnigeisicqyto.supabase.co/storage/v1/object/public/riadsimages/Riad_Mazaya/terrasse2.jpeg"",""https://base44.app/api/apps/69f10e36f5d3972acca5a916/files/mp/public/69f10e36f5d3972acca5a916/a22fb66e6__DSC9451-HDR-2.jpg"",""https://base44.app/api/apps/69f10e36f5d3972acca5a916/files/mp/public/69f10e36f5d3972acca5a916/cbf8be461__DSC9527-HDR.jpg"",""https://base44.app/api/apps/69f10e36f5d3972acca5a916/files/mp/public/69f10e36f5d3972acca5a916/826328485__DSC9298-HDR.jpg"",""https://base44.app/api/apps/69f10e36f5d3972acca5a916/files/mp/public/69f10e36f5d3972acca5a916/333c14cc3__DSC9614-HDR-2.jpg"",""https://base44.app/api/apps/69f10e36f5d3972acca5a916/files/mp/public/69f10e36f5d3972acca5a916/8ac3915f1__DSC9712-HDR.jpg"",""https://base44.app/api/apps/69f10e36f5d3972acca5a916/files/mp/public/69f10e36f5d3972acca5a916/2c41a0477_image1.jpeg"",""https://base44.app/api/apps/69f10e36f5d3972acca5a916/files/mp/public/69f10e36f5d3972acca5a916/88a851bdb_image0.jpeg""]",https://www.simplebooking.it/ibe2/hotel/11010?lang=EN&cur=EUR,2026-01-24 19:57:47.661076+00
3a9f80ae-4308-4b2f-9e1d-b5a6d10934e5,"{""en"":""Riad Dar Ti Janat"",""es"":""Riad Dar Ti Janat"",""fr"":""Riad Dar Ti Janat""}","{""en"":""Douar bouzamour),Route d'agadir, Sidi kaouki, Essaouira"",""es"":""Douar bouzamour),Route d'agadir, Sidi kaouki, Essaouira"",""fr"":""Douar bouzamour),Route d'agadir, Sidi kaouki, Essaouira""}",essaouira,essaouira_exterieurs,riad,"{""en"":""Riad Dar Ti Janat is a characterful riad in the heart of Marrakech’s medina. The riad is built around a patio designed for relaxation. Its atmosphere is intimate and authentic, ideal for discovering Marrakech while enjoying a calm and refined setting."",""es"":""Riad Dar Ti Janat est un Riad de caractère au cœur de la médina de Marrakech. Le Riad s’organise autour d’un patio propice au repos. L’atmosphère se veut intime et authentique, idéale pour découvrir Marrakech tout en profitant d’un cadre reposant et soigné."",""fr"":""Riad Dar Ti Janat est un riad de caractère au cœur de la médina de Marrakech. Le riad s’organise autour d’un patio propice au repos. L’atmosphère se veut intime et authentique, idéale pour découvrir Marrakech tout en profitant d’un cadre reposant et soigné.""}","[""choice_of_double_or_single_beds"",""family_rooms_min_3_guests"",""baby_equipment_crib_high_chairs"",""wifi"",""pool"",""on_site_restaurant_guest_table"",""garden"",""first_aid_kit"",""shared_lounge_tv_room"",""video_surveillance_common_areas_and_outdoors""]","[""breakfast_included"",""special_menus_gluten_free_vegan_etc"",""airport_shuttle"",""on_site_or_nearby_parking"",""on_site_activities"",""excursions_desk"",""cleaning_service"",""non_smoking_rooms"",""luggage_storage""]","[""booking_without_a_credit_card""]","{""en"":""Tapis de yoga, table de ping pong, sac de frappe, vélo elliptique, terrain de pétanque, jeux de flechette, accessoires et jeux de Pool, à disposition."",""es"":""Tapis de yoga, table de ping pong, sac de frappe, vélo elliptique, terrain de pétanque, jeux de flechette, accessoires et jeux de Piscina, à disposition."",""fr"":""Tapis de yoga, table de ping pong, sac de frappe, vélo elliptique, terrain de pétanque, jeux de flechette, accessoires et jeux de piscine, à disposition.""}",dar-ti-janat.com,+212642341805,Contact@dar-ti-janat.com,-9.704710,31.395918,5.00,66,"[""https://dzuwwfttnigeisicqyto.supabase.co/storage/v1/object/public/riadsimages/riad_dar_ti_janat/9-profondeur-1m50.jpg"",""https://dzuwwfttnigeisicqyto.supabase.co/storage/v1/object/public/riadsimages/riad_dar_ti_janat/20230417.png"",""https://dzuwwfttnigeisicqyto.supabase.co/storage/v1/object/public/riadsimages/riad_dar_ti_janat/2023_04_17.png"",""https://dzuwwfttnigeisicqyto.supabase.co/storage/v1/object/public/riadsimages/riad_dar_ti_janat/2023-04-17.png"",""https://dzuwwfttnigeisicqyto.supabase.co/storage/v1/object/public/riadsimages/riad_dar_ti_janat/2023-04-04.png""]",,2026-01-24 19:57:47.661076+00
3b7620b8-84c4-456a-bcdd-941a5eb86038,"{""en"":""Riad Bab Aljana"",""es"":""Riad Bab Aljana"",""fr"":""Riad Bab Aljana""}","{""en"":""70 Derb Moulay Abdul Kader, Marrakesh 40000"",""es"":""70 Derb Moulay Abdul Kader, Marrakesh 40000"",""fr"":""70 Derb Moulay Abdul Kader, Marrakesh 40000""}",marrakech,derb_dabachi,riad,"{""en"":""Riad Bab Aljana is a characterful riad in an authentic area of the medina. The riad is built around a patio designed for relaxation. Its atmosphere is intimate and authentic, ideal for discovering Marrakech while enjoying a calm and refined setting."",""es"":""Riad Bab Aljana est un Riad de caractère dans un quartier authentique de la médina. Le Riad s’organise autour d’un patio propice au repos. L’atmosphère se veut intime et authentique, idéale pour découvrir Marrakech tout en profitant d’un cadre reposant et soigné."",""fr"":""Riad Bab Aljana est un riad de caractère dans un quartier authentique de la médina. Le riad s’organise autour d’un patio propice au repos. L’atmosphère se veut intime et authentique, idéale pour découvrir Marrakech tout en profitant d’un cadre reposant et soigné.""}","[""choice_of_double_or_single_beds"",""family_rooms_min_3_guests"",""individual_air_conditioning"",""safe"",""wifi"",""tv_in_room"",""pool"",""heated_pool"",""on_site_restaurant_guest_table"",""rooftop"",""solarium"",""first_aid_kit"",""video_surveillance_common_areas_and_outdoors""]","[""breakfast_included"",""special_menus_gluten_free_vegan_etc"",""airport_shuttle"",""24_hour_reception"",""excursions_desk"",""non_smoking_rooms"",""luggage_storage""]","[""free_cancellation_depending_on_rate_plan"",""card_payment_terminal""]","{""en"":"""",""es"":"""",""fr"":""""}",https://www.riad-bab-aljana-marrakech.com/,+212673733207,riadbabaljana@gmail.com,-7.985478,31.628583,4.70,28,"[""https://dzuwwfttnigeisicqyto.supabase.co/storage/v1/object/public/riadsimages/riad_bab_aljana/IMG_9483.jpg"",""https://dzuwwfttnigeisicqyto.supabase.co/storage/v1/object/public/riadsimages/riad_bab_aljana/IMG_9605-HDR.jpg"",""https://dzuwwfttnigeisicqyto.supabase.co/storage/v1/object/public/riadsimages/riad_bab_aljana/IMG_9513.jpg"",""https://dzuwwfttnigeisicqyto.supabase.co/storage/v1/object/public/riadsimages/riad_bab_aljana/IMG_9605-HDR.jpg"",""https://dzuwwfttnigeisicqyto.supabase.co/storage/v1/object/public/riadsimages/riad_bab_aljana/IMG_9661-HDR.jpg""]",,2026-01-24 19:57:47.661076+00
3bd5cfd1-3274-4fae-a071-666173d99c01,"{""en"":""Test Reda"",""es"":""Test Reda"",""fr"":""Test Reda""}","{""fr"":""Bad doukkala""}",marrakech,bab_doukkala,riad,"{""en"":""this is a test"",""es"":""esto es una prueba"",""fr"":""c´est un test""}",[],[],[],{},,,,-7.999000,31.455500,,,,,2026-04-29 14:25:23.810408+00
3ce88413-84a8-4be5-b755-c87e43584690,"{""en"":""Riad La Terrasse Des Oliviers"",""es"":""Riad La Terrasse Des Oliviers"",""fr"":""Riad La Terrasse Des Oliviers""}","{""en"":""79 Derb Derdouba, Marrakesh 40030"",""es"":""79 Derb Derdouba, Marrakesh 40030"",""fr"":""79 Derb Derdouba, Marrakesh 40030""}",marrakech,riad_laarous,riad,"{""en"":""Riad La Terrasse Des Oliviers is a characterful riad in an authentic area of the medina. The rooftop provides a pleasant setting to enjoy Marrakech evenings. Its atmosphere is intimate and authentic, ideal for discovering Marrakech while enjoying a calm and refined setting."",""es"":""Riad La Terrasse Des Oliviers est un Riad de caractère dans un quartier authentique de la médina. Le rooftop offre un cadre agréable pour profiter des soirées marrakchies. L’atmosphère se veut intime et authentique, idéale pour découvrir Marrakech tout en profitant d’un cadre reposant et soigné."",""fr"":""Riad La Terrasse Des Oliviers est un riad de caractère dans un quartier authentique de la médina. Le rooftop offre un cadre agréable pour profiter des soirées marrakchies. L’atmosphère se veut intime et authentique, idéale pour découvrir Marrakech tout en profitant d’un cadre reposant et soigné.""}","[""double_beds_only"",""family_rooms_min_3_guests"",""individual_air_conditioning"",""baby_equipment_crib_high_chairs"",""safe"",""wifi"",""pool"",""on_site_restaurant_guest_table"",""rooftop""]","[""breakfast_included"",""airport_shuttle"",""on_site_or_nearby_parking"",""room_service"",""24_hour_reception"",""cleaning_service"",""ironing_service"",""non_smoking_rooms"",""luggage_storage""]",[],"{""en"":"""",""es"":"""",""fr"":""""}",https://terrasse-des-oliviers.com/,+212 665 14 64 51,contact@riadlaterrassedesoliviers.com,-7.994585,31.635363,4.80,496,"[""https://dzuwwfttnigeisicqyto.supabase.co/storage/v1/object/public/riadsimages/riad_terrasse_des_oliviers/6290536.jpg"",""https://dzuwwfttnigeisicqyto.supabase.co/storage/v1/object/public/riadsimages/riad_terrasse_des_oliviers/362493650.jpg"",""https://dzuwwfttnigeisicqyto.supabase.co/storage/v1/object/public/riadsimages/riad_terrasse_des_oliviers/362490314.jpg"",""https://dzuwwfttnigeisicqyto.supabase.co/storage/v1/object/public/riadsimages/riad_terrasse_des_oliviers/6290515.jpg"",""https://dzuwwfttnigeisicqyto.supabase.co/storage/v1/object/public/riadsimages/riad_terrasse_des_oliviers/6290527.jpg""]",,2026-01-24 19:57:47.661076+00
3cf648fa-0c7f-4ecd-91d0-2b0900c4cfb2,"{""en"":""Riad Mon Riad"",""es"":""Riad Mon Riad"",""fr"":""Riad Mon Riad""}","{""en"":""4 Derb Lahbasse, Riad Zitoun Lakdim, Marrakesh 40000"",""es"":""4 Derb Lahbasse, Riad Zitoun Lakdim, Marrakesh 40000"",""fr"":""4 Derb Lahbasse, Riad Zitoun Lakdim, Marrakesh 40000""}",marrakech,hay_essalam,riad,"{""en"":""Riad Mon Riad is a characterful riad in the heart of Marrakech’s medina. The riad is built around a patio designed for relaxation. Its atmosphere is intimate and authentic, ideal for discovering Marrakech while enjoying a calm and refined setting."",""es"":""Riad Mon Riad est un Riad de caractère au cœur de la médina de Marrakech. Le Riad s’organise autour d’un patio propice au repos. L’atmosphère se veut intime et authentique, idéale pour découvrir Marrakech tout en profitant d’un cadre reposant et soigné."",""fr"":""Riad Mon Riad est un riad de caractère au cœur de la médina de Marrakech. Le riad s’organise autour d’un patio propice au repos. L’atmosphère se veut intime et authentique, idéale pour découvrir Marrakech tout en profitant d’un cadre reposant et soigné.""}","[""choice_of_double_or_single_beds"",""hypoallergenic_rooms"",""family_rooms_min_3_guests"",""individual_air_conditioning"",""baby_equipment_crib_high_chairs"",""wifi"",""pool"",""on_site_restaurant_guest_table"",""rooftop"",""solarium"",""first_aid_kit"",""video_surveillance_common_areas_and_outdoors""]","[""breakfast_included"",""special_menus_gluten_free_vegan_etc"",""airport_shuttle"",""on_site_or_nearby_parking"",""cooking_class"",""room_service"",""24_hour_reception"",""cleaning_service"",""ironing_service"",""non_smoking_rooms"",""luggage_storage"",""business_services_meeting_reception_room"",""dinner"",""lunch"",""parking_a_proximite"",""restaurant"",""wi_fi_gratuit_haut_debit_rooftop_terrasse_diners_et_dejeuner_a_la_demande_massages_bien_etre_sur_demande_organisation_d_excursions_privees"",""wifi""]","[""free_cancellation_depending_on_rate_plan"",""card_payment_terminal""]","{""en"":"""",""es"":"""",""fr"":""""}",monriad.net,+2120671897078,info@monriad.net,-7.985119,31.622686,4.80,363,"[""https://dzuwwfttnigeisicqyto.supabase.co/storage/v1/object/public/riadsimages/riad_monriad/426539893.jpg"",""https://dzuwwfttnigeisicqyto.supabase.co/storage/v1/object/public/riadsimages/riad_monriad/426529901.jpg"",""https://dzuwwfttnigeisicqyto.supabase.co/storage/v1/object/public/riadsimages/riad_monriad/437270009.jpg"",""https://dzuwwfttnigeisicqyto.supabase.co/storage/v1/object/public/riadsimages/riad_monriad/442086467.jpg"",""https://dzuwwfttnigeisicqyto.supabase.co/storage/v1/object/public/riadsimages/riad_monriad/510464790.jpg""]",,2026-01-24 19:57:47.661076+00
3d2880e6-fcad-4a40-a4ee-47ac69eca1b3,"{""en"":""Riad Dar Zioui"",""es"":""Riad Dar Zioui"",""fr"":""Riad Dar Zioui""}","{""en"":""108 Derb el Cadi, Marrakech 40000"",""es"":""108 Derb el Cadi, Marrakech 40000"",""fr"":""108 Derb el Cadi, Marrakech 40000""}",marrakech,ben_youssef,riad,"{""en"":""Riad Dar Zioui is a characterful riad in the heart of Marrakech’s medina. The riad is built around a patio designed for relaxation. Its atmosphere is intimate and authentic, ideal for discovering Marrakech while enjoying a calm and refined setting."",""es"":""Riad Dar Zioui est un Riad de caractère au cœur de la médina de Marrakech. Le Riad s’organise autour d’un patio propice au repos. L’atmosphère se veut intime et authentique, idéale pour découvrir Marrakech tout en profitant d’un cadre reposant et soigné."",""fr"":""Riad Dar Zioui est un riad de caractère au cœur de la médina de Marrakech. Le riad s’organise autour d’un patio propice au repos. L’atmosphère se veut intime et authentique, idéale pour découvrir Marrakech tout en profitant d’un cadre reposant et soigné.""}","[""choice_of_double_or_single_beds"",""family_rooms_min_3_guests"",""individual_air_conditioning"",""wifi"",""pool"",""piscine_chauffee"",""spa_hammam"",""on_site_restaurant_guest_table"",""bar"",""shared_lounge_tv_room""]","[""breakfast_included"",""special_menus_gluten_free_vegan_etc"",""airport_shuttle"",""on_site_or_nearby_parking"",""cooking_class"",""room_service"",""24_hour_reception"",""on_site_activities"",""excursions_desk"",""cleaning_service"",""ironing_service"",""non_smoking_rooms"",""luggage_storage""]","[""free_cancellation_depending_on_rate_plan"",""booking_without_a_credit_card"",""no_prepayment"",""card_payment_terminal""]","{""en"":"""",""es"":"""",""fr"":""""}",zioui.xtadia.com,+212668087636,zioui.by.nour@gmail.com,-7.984441,31.629383,4.10,70,"[""https://dzuwwfttnigeisicqyto.supabase.co/storage/v1/object/public/riadsimages/riad_dar_zioui/771974750.jpg"",""https://dzuwwfttnigeisicqyto.supabase.co/storage/v1/object/public/riadsimages/riad_dar_zioui/770326581.jpg"",""https://dzuwwfttnigeisicqyto.supabase.co/storage/v1/object/public/riadsimages/riad_dar_zioui/772680878.jpg"",""https://dzuwwfttnigeisicqyto.supabase.co/storage/v1/object/public/riadsimages/riad_dar_zioui/771407908.jpg"",""https://dzuwwfttnigeisicqyto.supabase.co/storage/v1/object/public/riadsimages/riad_dar_zioui/770326727.jpg""]",,2026-01-24 19:57:47.661076+00
3d6ecb14-8974-4e9b-938b-72825177f75d,"{""en"":""Riad La Villa De Marrakech"",""es"":""Riad La Villa De Marrakech"",""fr"":""Riad La Villa De Marrakech""}","{""en"":""31 Derb LAMNABHA، MARRAKECH KASBAH 40040"",""es"":""31 Derb LAMNABHA، MARRAKECH KASBAH 40040"",""fr"":""31 Derb LAMNABHA، MARRAKECH KASBAH 40040""}",marrakech,kasbah,riad,"{""en"":""Riad La Villa De Marrakech is a characterful riad set in the heart of the Kasbah, close to major landmarks. The riad is built around a patio designed for relaxation. Its atmosphere is intimate and authentic, ideal for discovering Marrakech while enjoying a calm and refined setting."",""es"":""Riad La Villa De Marrakech est un Riad de caractère implanté au cœur de la Kasbah, à proximité des sites emblématiques. Le Riad s’organise autour d’un patio propice au repos. L’atmosphère se veut intime et authentique, idéale pour découvrir Marrakech tout en profitant d’un cadre reposant et soigné."",""fr"":""Riad La Villa De Marrakech est un riad de caractère implanté au cœur de la Kasbah, à proximité des sites emblématiques. Le riad s’organise autour d’un patio propice au repos. L’atmosphère se veut intime et authentique, idéale pour découvrir Marrakech tout en profitant d’un cadre reposant et soigné.""}",[],[],[],"{""en"":"""",""es"":"""",""fr"":""""}",lavillamarrakech.com,,,-7.987003,31.613751,4.90,340,"[""https://dzuwwfttnigeisicqyto.supabase.co/storage/v1/object/public/riadsimages/riad_la_villa_marrakech/94014617.jpg"",""https://dzuwwfttnigeisicqyto.supabase.co/storage/v1/object/public/riadsimages/riad_la_villa_marrakech/50405226.jpg"",""https://dzuwwfttnigeisicqyto.supabase.co/storage/v1/object/public/riadsimages/riad_la_villa_marrakech/47699443.jpg"",""https://dzuwwfttnigeisicqyto.supabase.co/storage/v1/object/public/riadsimages/riad_la_villa_marrakech/46820348.jpg"",""https://dzuwwfttnigeisicqyto.supabase.co/storage/v1/object/public/riadsimages/riad_la_villa_marrakech/50404964.jpg""]",,2026-01-24 19:57:47.661076+00
3dc0dcfc-ede1-4ceb-b0e5-c899f8cd489f,"{""en"":""Riad O'Lika"",""es"":""Riad O'Lika"",""fr"":""Riad O'Lika""}","{""en"":""131 BIS Derb Gachgach, Marrakesh 40000"",""es"":""131 BIS Derb Gachgach, Marrakesh 40000"",""fr"":""131 BIS Derb Gachgach, Marrakesh 40000""}",marrakech,derb_dabachi,riad,"{""en"":""Riad O'Lika is a characterful riad in an authentic area of the medina. The riad is built around a patio designed for relaxation. Its atmosphere is intimate and authentic, ideal for discovering Marrakech while enjoying a calm and refined setting."",""es"":""Riad O'Lika est un Riad de caractère dans un quartier authentique de la médina. Le Riad s’organise autour d’un patio propice au repos. L’atmosphère se veut intime et authentique, idéale pour découvrir Marrakech tout en profitant d’un cadre reposant et soigné."",""fr"":""Riad O'Lika est un riad de caractère dans un quartier authentique de la médina. Le riad s’organise autour d’un patio propice au repos. L’atmosphère se veut intime et authentique, idéale pour découvrir Marrakech tout en profitant d’un cadre reposant et soigné.""}",[],[],[],"{""en"":"""",""es"":"""",""fr"":""""}",X,,,-7.985131,31.626832,4.90,85,"[""https://dzuwwfttnigeisicqyto.supabase.co/storage/v1/object/public/riadsimages/Riad_O'Lika/468527859.jpg"",""https://dzuwwfttnigeisicqyto.supabase.co/storage/v1/object/public/riadsimages/Riad_O'Lika/468529467.jpg"",""https://dzuwwfttnigeisicqyto.supabase.co/storage/v1/object/public/riadsimages/Riad_O'Lika/468529471.jpg"",""https://dzuwwfttnigeisicqyto.supabase.co/storage/v1/object/public/riadsimages/Riad_O'Lika/345276442.jpg"",""https://dzuwwfttnigeisicqyto.supabase.co/storage/v1/object/public/riadsimages/Riad_O'Lika/468529461.jpg""]",,2026-01-24 19:57:47.661076+00
40c901c0-b0bb-44af-b7f6-124b5ace430c,"{""en"":""Riad Dar Chergui"",""es"":""Riad Dar Chergui"",""fr"":""Riad Dar Chergui""}","{""en"":""53 Derb El Halfaoui"",""es"":""53 Derb El Halfaoui"",""fr"":""53 Derb El Halfaoui""}",marrakech,dar_el_bacha,riad,"{""en"":""Riad Dar Chergui is a characterful riad in the heart of Marrakech’s medina. The riad is built around a patio designed for relaxation. Its atmosphere is intimate and authentic, ideal for discovering Marrakech while enjoying a calm and refined setting."",""es"":""Riad Dar Chergui est un Riad de caractère au cœur de la médina de Marrakech. Le Riad s’organise autour d’un patio propice au repos. L’atmosphère se veut intime et authentique, idéale pour découvrir Marrakech tout en profitant d’un cadre reposant et soigné."",""fr"":""Riad Dar Chergui est un riad de caractère au cœur de la médina de Marrakech. Le riad s’organise autour d’un patio propice au repos. L’atmosphère se veut intime et authentique, idéale pour découvrir Marrakech tout en profitant d’un cadre reposant et soigné.""}","[""choice_of_double_or_single_beds"",""family_rooms_min_3_guests"",""individual_air_conditioning"",""baby_equipment_crib_high_chairs"",""safe"",""wifi"",""pool"",""on_site_restaurant_guest_table"",""bar"",""rooftop"",""shared_lounge_tv_room"",""video_surveillance_common_areas_and_outdoors""]","[""breakfast_included"",""special_menus_gluten_free_vegan_etc"",""airport_shuttle"",""room_service"",""24_hour_reception"",""excursions_desk"",""cleaning_service"",""ironing_service"",""non_smoking_rooms""]","[""card_payment_terminal""]","{""en"":"""",""es"":"""",""fr"":""""}",riadchergui.com,+212676519285,contact@riadchergui.com,-7.994076,31.632395,4.90,1118,"[""https://dzuwwfttnigeisicqyto.supabase.co/storage/v1/object/public/riadsimages/riad_dar_chergui/451170747.jpg"",""https://dzuwwfttnigeisicqyto.supabase.co/storage/v1/object/public/riadsimages/riad_dar_chergui/357248041.jpg"",""https://dzuwwfttnigeisicqyto.supabase.co/storage/v1/object/public/riadsimages/riad_dar_chergui/451170729.jpg"",""https://dzuwwfttnigeisicqyto.supabase.co/storage/v1/object/public/riadsimages/riad_dar_chergui/227894026.jpg"",""https://dzuwwfttnigeisicqyto.supabase.co/storage/v1/object/public/riadsimages/riad_dar_chergui/227888787.jpg""]",,2026-01-24 19:57:47.661076+00
42c92020-fa6d-4aaf-a4e5-081a5af198bc,"{""en"":""Riad Dar Yammi"",""es"":""Riad Dar Yammi"",""fr"":""Riad Dar Yammi""}","{""en"":""20 Derb Zaari, Marrakech 40008"",""es"":""20 Derb Zaari, Marrakech 40008"",""fr"":""20 Derb Zaari, Marrakech 40008""}",marrakech,derb_dabachi,riad,"{""en"":""Riad Dar Yammi is a characterful riad in the heart of Marrakech’s medina. The riad is built around a patio designed for relaxation. Its atmosphere is intimate and authentic, ideal for discovering Marrakech while enjoying a calm and refined setting."",""es"":""Riad Dar Yammi est un Riad de caractère au cœur de la médina de Marrakech. Le Riad s’organise autour d’un patio propice au repos. L’atmosphère se veut intime et authentique, idéale pour découvrir Marrakech tout en profitant d’un cadre reposant et soigné."",""fr"":""Riad Dar Yammi est un riad de caractère au cœur de la médina de Marrakech. Le riad s’organise autour d’un patio propice au repos. L’atmosphère se veut intime et authentique, idéale pour découvrir Marrakech tout en profitant d’un cadre reposant et soigné.""}","[""double_beds_only"",""choice_of_double_or_single_beds"",""family_rooms_min_3_guests"",""individual_air_conditioning"",""baby_equipment_crib_high_chairs"",""safe"",""wifi"",""spa_hammam"",""on_site_restaurant_guest_table"",""rooftop"",""first_aid_kit"",""video_surveillance_common_areas_and_outdoors""]","[""breakfast_included"",""special_menus_gluten_free_vegan_etc"",""airport_shuttle"",""cooking_class"",""room_service"",""24_hour_reception"",""excursions_desk"",""cleaning_service"",""ironing_service"",""non_smoking_rooms"",""currency_exchange"",""luggage_storage""]","[""free_cancellation_depending_on_rate_plan"",""booking_without_a_credit_card"",""card_payment_terminal""]","{""en"":"""",""es"":"""",""fr"":""""}",riaddar-yammi.com,+2120524375572,contact.daryammi@gmail.com,-7.986955,31.625931,4.80,302,"[""https://dzuwwfttnigeisicqyto.supabase.co/storage/v1/object/public/riadsimages/riad_dar_yammi/504708340.jpg"",""https://dzuwwfttnigeisicqyto.supabase.co/storage/v1/object/public/riadsimages/riad_dar_yammi/unnamed.png"",""https://dzuwwfttnigeisicqyto.supabase.co/storage/v1/object/public/riadsimages/riad_dar_yammi/2024-01-15.png"",""https://dzuwwfttnigeisicqyto.supabase.co/storage/v1/object/public/riadsimages/riad_dar_yammi/754182207.jpg"",""https://dzuwwfttnigeisicqyto.supabase.co/storage/v1/object/public/riadsimages/riad_dar_yammi/unnamed_webp.png""]",,2026-01-24 19:57:47.661076+00
43010664-3cd9-4189-918d-98b1284c782f,"{""en"":""Riad Clementine"",""es"":""Riad Clementine"",""fr"":""Riad Clementine""}","{""en"":""38 derb Sidi Messaoud, Marrakesh 40000"",""es"":""38 derb Sidi Messaoud, Marrakesh 40000"",""fr"":""38 derb Sidi Messaoud, Marrakesh 40000""}",marrakech,bab_doukkala,riad,"{""en"":""Riad Clementine is a characterful riad in an authentic area of the medina. The riad is built around a patio designed for relaxation. Its atmosphere is intimate and authentic, ideal for discovering Marrakech while enjoying a calm and refined setting."",""es"":""Riad Clementine est un Riad de caractère dans un quartier authentique de la médina. Le Riad s’organise autour d’un patio propice au repos. L’atmosphère se veut intime et authentique, idéale pour découvrir Marrakech tout en profitant d’un cadre reposant et soigné."",""fr"":""Riad Clementine est un riad de caractère dans un quartier authentique de la médina. Le riad s’organise autour d’un patio propice au repos. L’atmosphère se veut intime et authentique, idéale pour découvrir Marrakech tout en profitant d’un cadre reposant et soigné.""}",[],[],[],"{""en"":"""",""es"":"""",""fr"":""""}",https://www.riadclementine.com/en/,"+212 5 24 38 22 94 ",info@riadclementine.com,-7.996311,31.637037,4.90,685,"[""https://dzuwwfttnigeisicqyto.supabase.co/storage/v1/object/public/riadsimages/riad_clementine/47206336.jpg"",""https://dzuwwfttnigeisicqyto.supabase.co/storage/v1/object/public/riadsimages/riad_clementine/178358563.jpg"",""https://dzuwwfttnigeisicqyto.supabase.co/storage/v1/object/public/riadsimages/riad_clementine/178341388.jpg"",""https://dzuwwfttnigeisicqyto.supabase.co/storage/v1/object/public/riadsimages/riad_clementine/66799027.jpg"",""https://dzuwwfttnigeisicqyto.supabase.co/storage/v1/object/public/riadsimages/riad_clementine/66802158.jpg""]",,2026-01-24 19:57:47.661076+00
43271fc7-8427-4ddd-991f-8e036d1073fd,"{""en"":""Riad Bohemia"",""es"":""Riad Bohemia"",""fr"":""Riad Bohemia""}","{""en"":""123 Sidi Ahmed Soussi, Marrakesh 40000"",""es"":""123 Sidi Ahmed Soussi, Marrakesh 40000"",""fr"":""123 Sidi Ahmed Soussi, Marrakesh 40000""}",marrakech,riad_laarous,riad,"{""en"":""Riad Bohemia is a characterful riad in an authentic area of the medina. The riad is built around a patio designed for relaxation. Its atmosphere is intimate and authentic, ideal for discovering Marrakech while enjoying a calm and refined setting."",""es"":""Riad Bohemia est un Riad de caractère dans un quartier authentique de la médina. Le Riad s’organise autour d’un patio propice au repos. L’atmosphère se veut intime et authentique, idéale pour découvrir Marrakech tout en profitant d’un cadre reposant et soigné."",""fr"":""Bienvenue au Riad Bohemia (Khol), un riad de charme situé dans le quartier typique de Laarous, au cœur de la médina de Marrakech. Ce riad authentique marie subtilement tradition marocaine et élégance contemporaine, dans une atmosphère paisible et raffinée.\n\nLaissez-vous envoûter par la beauté de son patio lumineux, ses chambres décorées en tadelakt et zellige, et son ambiance bohème où chaque détail célèbre l’art de vivre marocain.\n\nUne expérience unique, entre authenticité, bien-être et sérénité, vous attend au Riad Bohemia Marrakech.""}","[""double_beds_only"",""individual_air_conditioning"",""baby_equipment_crib_high_chairs"",""safe"",""wifi"",""spa_hammam"",""on_site_restaurant_guest_table"",""rooftop"",""solarium"",""shared_lounge_tv_room"",""video_surveillance_common_areas_and_outdoors"",""family_rooms_min_3_guests"",""library"",""moroccan_patio"",""in_room_massage_service"",""massage_room"",""patio_fountain_shaded_relaxation_areas"",""terrasse_transats_chauffage_climatisation_seche_cheveux_produits"",""traditional_moroccan_fountain""]","[""breakfast_included"",""special_menus_gluten_free_vegan_etc"",""airport_shuttle"",""on_site_or_nearby_parking"",""cooking_class"",""room_service"",""24_hour_reception"",""babysitting"",""excursions_desk"",""cleaning_service"",""non_smoking_rooms"",""luggage_storage"",""bookings_golf"",""dinner"",""hammam"",""hammam_and_treatments"",""massage"",""manicure"",""massages"",""pedicure"",""on_site_massages_and_treatments"",""restaurant"",""spa_hammam_and_massage"",""wi_fi_gratuit_haut_debit_rooftop_terrasse_diners_et_dejeuner_a_la_demande_massages_bien_etre_sur_demande_organisation_d_excursions_privees"",""wifi""]","[""free_cancellation_depending_on_rate_plan"",""card_payment_terminal""]","{""en"":"""",""es"":"""",""fr"":""""}",riadbohemia.com,+212684769412,contact@riadbohemia.com,-7.992317,31.636767,4.40,82,"[""https://dzuwwfttnigeisicqyto.supabase.co/storage/v1/object/public/riadsimages/riad_bohemia/346238758.jpg"",""https://dzuwwfttnigeisicqyto.supabase.co/storage/v1/object/public/riadsimages/riad_bohemia/346238757.jpg"",""https://dzuwwfttnigeisicqyto.supabase.co/storage/v1/object/public/riadsimages/riad_bohemia/346237071.jpg"",""https://dzuwwfttnigeisicqyto.supabase.co/storage/v1/object/public/riadsimages/riad_bohemia/312207395.jpg"",""https://dzuwwfttnigeisicqyto.supabase.co/storage/v1/object/public/riadsimages/riad_bohemia/346237682.jpg""]",,2026-01-24 19:57:47.661076+00
43b254af-b6ff-4d2e-ac9c-f2763a7368cc,"{""en"":""Riad Dar Blanche"",""es"":""Riad Dar Blanche"",""fr"":""Riad Dar Blanche""}","{""en"":""179 Derb Sidi Ahmed Soussi, Marrakesh 40000"",""es"":""179 Derb Sidi Ahmed Soussi, Marrakesh 40000"",""fr"":""179 Derb Sidi Ahmed Soussi, Marrakesh 40000""}",marrakech,riad_laarous,riad,"{""en"":""Riad Dar Blanche is a characterful riad in the heart of Marrakech’s medina. The riad is built around a patio designed for relaxation. Its atmosphere is intimate and authentic, ideal for discovering Marrakech while enjoying a calm and refined setting."",""es"":""Riad Dar Blanche est un Riad de caractère au cœur de la médina de Marrakech. Le Riad s’organise autour d’un patio propice au repos. L’atmosphère se veut intime et authentique, idéale pour découvrir Marrakech tout en profitant d’un cadre reposant et soigné."",""fr"":""Riad Dar Blanche est un riad de caractère au cœur de la médina de Marrakech. Le riad s’organise autour d’un patio propice au repos. L’atmosphère se veut intime et authentique, idéale pour découvrir Marrakech tout en profitant d’un cadre reposant et soigné.""}","[""double_beds_only"",""family_rooms_min_3_guests"",""individual_air_conditioning"",""safe"",""wifi"",""pool"",""heated_pool"",""spa_hammam"",""on_site_restaurant_guest_table"",""rooftop"",""first_aid_kit"",""shared_lounge_tv_room"",""video_surveillance_common_areas_and_outdoors""]","[""breakfast_included"",""airport_shuttle"",""on_site_or_nearby_parking"",""24_hour_reception"",""excursions_desk"",""non_smoking_rooms"",""luggage_storage""]","[""free_cancellation_depending_on_rate_plan"",""no_prepayment"",""card_payment_terminal""]","{""en"":"""",""es"":"""",""fr"":""""}",riad-dar-blanche.com,+2120524383087,contact.riaddarblanche@gmail.com,-7.991639,31.635819,4.70,154,"[""https://dzuwwfttnigeisicqyto.supabase.co/storage/v1/object/public/riadsimages/riad_dar_blanche/430384648.jpg"",""https://dzuwwfttnigeisicqyto.supabase.co/storage/v1/object/public/riadsimages/riad_dar_blanche/430385722.jpg"",""https://dzuwwfttnigeisicqyto.supabase.co/storage/v1/object/public/riadsimages/riad_dar_blanche/714262929.jpg"",""https://dzuwwfttnigeisicqyto.supabase.co/storage/v1/object/public/riadsimages/riad_dar_blanche/431244149.jpg"",""https://dzuwwfttnigeisicqyto.supabase.co/storage/v1/object/public/riadsimages/riad_dar_blanche/430384888.jpg""]",,2026-01-24 19:57:47.661076+00
4436b339-8d29-4b67-94c1-5a1f591b9fe2,"{""en"":""Riad Al Nour"",""es"":""Riad Al Nour"",""fr"":""Riad Al Nour""}","{""en"":""7 Derb Lhaj Housseine, Bab doukkala, Marrakech 40030"",""es"":""7 Derb Lhaj Housseine, Bab doukkala, Marrakech 40030"",""fr"":""7 Derb Lhaj Housseine, Bab doukkala, Marrakech 40030""}",marrakech,bab_doukkala,riad,"{""en"":""Riad Al Nour is a characterful riad in the Bab Doukkala area, valued for its residential feel. The riad is built around a patio designed for relaxation. Its atmosphere is intimate and authentic, ideal for discovering Marrakech while enjoying a calm and refined setting."",""es"":""Riad Al Nour est un Riad de caractère dans le quartier de Bab Doukkala, apprécié pour son ambiance résidentielle. Le Riad s’organise autour d’un patio propice au repos. L’atmosphère se veut intime et authentique, idéale pour découvrir Marrakech tout en profitant d’un cadre reposant et soigné."",""fr"":""Riad Al Nour est un riad de caractère dans le quartier de Bab Doukkala, apprécié pour son ambiance résidentielle. Le riad s’organise autour d’un patio propice au repos. L’atmosphère se veut intime et authentique, idéale pour découvrir Marrakech tout en profitant d’un cadre reposant et soigné.""}","[""double_beds_only"",""single_beds_only"",""choice_of_double_or_single_beds"",""family_rooms_min_3_guests"",""individual_air_conditioning"",""baby_equipment_crib_high_chairs"",""safe"",""wifi"",""on_site_restaurant_guest_table"",""rooftop"",""garden"",""first_aid_kit"",""shared_lounge_tv_room"",""video_surveillance_common_areas_and_outdoors""]","[""breakfast_included"",""special_menus_gluten_free_vegan_etc"",""airport_shuttle"",""on_site_or_nearby_parking"",""cooking_class"",""room_service"",""24_hour_reception"",""excursions_desk"",""cleaning_service"",""non_smoking_rooms"",""luggage_storage""]","[""free_cancellation_depending_on_rate_plan"",""card_payment_terminal""]","{""en"":"""",""es"":"""",""fr"":""""}",,+212700770175,riadalnour.marrakech@gmail.com,-7.997017,31.632317,4.80,438,"[""https://dzuwwfttnigeisicqyto.supabase.co/storage/v1/object/public/riadsimages/riad_al_nour/641576364.jpg"",""https://dzuwwfttnigeisicqyto.supabase.co/storage/v1/object/public/riadsimages/riad_al_nour/641576452.jpg"",""https://dzuwwfttnigeisicqyto.supabase.co/storage/v1/object/public/riadsimages/riad_al_nour/345781841.jpg"",""https://dzuwwfttnigeisicqyto.supabase.co/storage/v1/object/public/riadsimages/riad_al_nour/406609562.jpg"",""https://dzuwwfttnigeisicqyto.supabase.co/storage/v1/object/public/riadsimages/riad_al_nour/345652396.jpg""]",,2026-01-24 19:57:47.661076+00
44c10d51-f8fb-4065-bf72-dc5428fff1be,"{""en"":""Riad Des Arts"",""es"":""Riad Des Arts"",""fr"":""Riad Des Arts""}","{""en"":""Rue Dabachi، 116 Moulay Abdelkader, Marrakesh 44000"",""es"":""Rue Dabachi، 116 Moulay Abdelkader, Marrakesh 44000"",""fr"":""Rue Dabachi، 116 Moulay Abdelkader, Marrakesh 44000""}",marrakech,derb_dabachi,riad,"{""en"":""Riad Des Arts is a characterful riad in the heart of Marrakech’s medina. The riad is built around a patio designed for relaxation. Its atmosphere is intimate and authentic, ideal for discovering Marrakech while enjoying a calm and refined setting."",""es"":""Riad Des Arts est un Riad de caractère au cœur de la médina de Marrakech. Le Riad s’organise autour d’un patio propice au repos. L’atmosphère se veut intime et authentique, idéale pour découvrir Marrakech tout en profitant d’un cadre reposant et soigné."",""fr"":""Riad Des Arts est un riad de caractère au cœur de la médina de Marrakech. Le riad s’organise autour d’un patio propice au repos. L’atmosphère se veut intime et authentique, idéale pour découvrir Marrakech tout en profitant d’un cadre reposant et soigné.""}","[""double_beds_only"",""choice_of_double_or_single_beds"",""family_rooms_min_3_guests"",""individual_air_conditioning"",""baby_equipment_crib_high_chairs"",""safe"",""wifi"",""pool"",""on_site_restaurant_guest_table"",""rooftop"",""solarium"",""first_aid_kit"",""video_surveillance_common_areas_and_outdoors""]","[""breakfast_included"",""special_menus_gluten_free_vegan_etc"",""airport_shuttle"",""cooking_class"",""room_service"",""24_hour_reception"",""babysitting"",""excursions_desk"",""cleaning_service"",""ironing_service"",""non_smoking_rooms"",""currency_exchange"",""luggage_storage""]","[""free_cancellation_depending_on_rate_plan"",""booking_without_a_credit_card"",""no_prepayment"",""card_payment_terminal""]","{""en"":"""",""es"":"""",""fr"":""""}",https://riaddesarts.com/,+2120524443040,riaddesarts@gmail.com,-7.985461,31.627909,4.80,205,"[""https://dzuwwfttnigeisicqyto.supabase.co/storage/v1/object/public/riadsimages/riad_des_arts/20240521_104855.jpg"",""https://dzuwwfttnigeisicqyto.supabase.co/storage/v1/object/public/riadsimages/riad_des_arts/Chambre_terrasse_.jpg"",""https://dzuwwfttnigeisicqyto.supabase.co/storage/v1/object/public/riadsimages/riad_des_arts/20250512_120058.jpg"",""https://dzuwwfttnigeisicqyto.supabase.co/storage/v1/object/public/riadsimages/riad_des_arts/Chambre_beige_.jpg"",""https://dzuwwfttnigeisicqyto.supabase.co/storage/v1/object/public/riadsimages/riad_des_arts/IMG-20221021-WA0020.jpg""]",,2026-01-24 19:57:47.661076+00
472b101c-6401-4e73-ace3-48a7990a2966,"{""en"":""Riad Ta'achchaqa"",""es"":""Riad Ta'achchaqa"",""fr"":""Riad Ta'achchaqa""}","{""en"":""Ouayhah، 19 Derb, Rte Sidi Abdelaziz, Marrakesh 40030"",""es"":""Ouayhah، 19 Derb, Rte Sidi Abdelaziz, Marrakesh 40030"",""fr"":""Ouayhah، 19 Derb, Rte Sidi Abdelaziz, Marrakesh 40030""}",marrakech,dar_el_bacha,riad,"{""en"":""Riad Ta Achchaqa is a characterful riad in an authentic area of the medina. The riad is built around a patio designed for relaxation. Its atmosphere is intimate and authentic, ideal for discovering Marrakech while enjoying a calm and refined setting."",""es"":""Riad Ta Achchaqa est un Riad de caractère dans un quartier authentique de la médina. Le Riad s’organise autour d’un patio propice au repos. L’atmosphère se veut intime et authentique, idéale pour découvrir Marrakech tout en profitant d’un cadre reposant et soigné."",""fr"":""Riad Ta Achchaqa est un riad de caractère dans un quartier authentique de la médina. Le riad s’organise autour d’un patio propice au repos. L’atmosphère se veut intime et authentique, idéale pour découvrir Marrakech tout en profitant d’un cadre reposant et soigné.""}","[""choice_of_double_or_single_beds"",""family_rooms_min_3_guests"",""individual_air_conditioning"",""safe"",""wifi"",""spa_hammam"",""on_site_restaurant_guest_table"",""rooftop"",""solarium"",""video_surveillance_common_areas_and_outdoors""]","[""breakfast_included"",""special_menus_gluten_free_vegan_etc"",""airport_shuttle"",""cooking_class"",""room_service"",""24_hour_reception"",""babysitting"",""excursions_desk"",""cleaning_service"",""ironing_service"",""non_smoking_rooms"",""currency_exchange"",""luggage_storage""]","[""free_cancellation_depending_on_rate_plan"",""no_prepayment"",""card_payment_terminal""]","{""en"":"""",""es"":"""",""fr"":""""}",https://www.riadtaachchaqa.com/,+393381037443,riadtaachchaqa1@gmail.com,-7.989850,31.632310,4.50,216,"[""https://dzuwwfttnigeisicqyto.supabase.co/storage/v1/object/public/riadsimages/riad_ta_achchaga/9A1A9567.jpg"",""https://dzuwwfttnigeisicqyto.supabase.co/storage/v1/object/public/riadsimages/riad_ta_achchaga/image00023.jpeg"",""https://dzuwwfttnigeisicqyto.supabase.co/storage/v1/object/public/riadsimages/riad_ta_achchaga/9A1A9485.jpg"",""https://dzuwwfttnigeisicqyto.supabase.co/storage/v1/object/public/riadsimages/riad_ta_achchaga/9A1A9640.jpg"",""https://dzuwwfttnigeisicqyto.supabase.co/storage/v1/object/public/riadsimages/riad_ta_achchaga/9A1A9750.jpg""]",,2026-01-24 19:57:47.661076+00
4745f7e6-4cbe-4e4a-b1da-a94c9b109073,"{""en"":""Riad Palau Marrakech"",""es"":""Riad Palau Marrakech"",""fr"":""Riad Palau Marrakech""}","{""en"":""Sidi ben Slimane, derb Sidi Maseud, 31, Marrakesh 40000"",""es"":""Sidi ben Slimane, derb Sidi Maseud, 31, Marrakesh 40000"",""fr"":""Sidi ben Slimane, derb Sidi Maseud, 31, Marrakesh 40000""}",marrakech,sidi_ben_slimane,riad,"{""en"":""Riad Palau Marrakech is a characterful riad in the heart of Marrakech’s medina. The riad is built around a patio designed for relaxation. Its atmosphere is intimate and authentic, ideal for discovering Marrakech while enjoying a calm and refined setting."",""es"":""Riad Palau Marrakech est un Riad de caractère au cœur de la médina de Marrakech. Le Riad s’organise autour d’un patio propice au repos. L’atmosphère se veut intime et authentique, idéale pour découvrir Marrakech tout en profitant d’un cadre reposant et soigné."",""fr"":""Riad Palau Marrakech est un riad de caractère au cœur de la médina de Marrakech. Le riad s’organise autour d’un patio propice au repos. L’atmosphère se veut intime et authentique, idéale pour découvrir Marrakech tout en profitant d’un cadre reposant et soigné.""}","[""choice_of_double_or_single_beds"",""individual_air_conditioning"",""pool"",""solarium"",""first_aid_kit"",""moroccan_patio"",""safe"",""terrasse_transats_chauffage_climatisation_seche_cheveux_produits"",""shared_lounge_tv_room""]","[""breakfast_included"",""airport_shuttle"",""non_smoking_rooms"",""dinner"",""lunch"",""riad_for_exclusive_use"",""wi_fi_gratuit_haut_debit_rooftop_terrasse_diners_et_dejeuner_a_la_demande_massages_bien_etre_sur_demande_organisation_d_excursions_privees"",""wifi""]","[""booking_without_a_credit_card"",""card_payment_terminal"",""free_cancellation_depending_on_rate_plan""]","{""en"":"""",""es"":"""",""fr"":""""}",https://www.riadpalau-marrakech.com/en,+212 808695316,contact@riadpalau-marrakech.com,-7.991408,31.636768,4.90,422,"[""https://dzuwwfttnigeisicqyto.supabase.co/storage/v1/object/public/riadsimages/riad_palau/DSC_8631.jpeg"",""https://dzuwwfttnigeisicqyto.supabase.co/storage/v1/object/public/riadsimages/riad_palau/riad-palau-marrakech-salon-accueil__5_.JPG"",""https://dzuwwfttnigeisicqyto.supabase.co/storage/v1/object/public/riadsimages/riad_palau/riad-palau-marrakech-terrasse-detente-soleil__6_.JPG"",""https://dzuwwfttnigeisicqyto.supabase.co/storage/v1/object/public/riadsimages/riad_palau/riad-palau-marrakech-chambre-sultana-vue-piscine__(1).JPG"",""https://dzuwwfttnigeisicqyto.supabase.co/storage/v1/object/public/riadsimages/riad_palau/riad-palau-marrakech-salon-commun-decor-maroquin__.JPG"",""""]",,2026-01-24 19:57:47.661076+00
474fc5b1-f10b-4e79-b3f2-918e49c5fb74,"{""en"":""Riad Kheirredine"",""es"":""Riad Kheirredine"",""fr"":""Riad Kheirredine""}","{""en"":""2, Derb Chelligui, Sidi Ben Slimane,, Marrakesh 40000"",""es"":""2, Derb Chelligui, Sidi Ben Slimane,, Marrakesh 40000"",""fr"":""2, Derb Chelligui, Sidi Ben Slimane,, Marrakesh 40000""}",marrakech,sidi_ben_slimane,riad,"{""en"":""Riad Kheirredine is a characterful riad in an authentic area of the medina. The riad is built around a patio designed for relaxation. Its atmosphere is intimate and authentic, ideal for discovering Marrakech while enjoying a calm and refined setting."",""es"":""Riad Kheirredine est un Riad de caractère dans un quartier authentique de la médina. Le Riad s’organise autour d’un patio propice au repos. L’atmosphère se veut intime et authentique, idéale pour découvrir Marrakech tout en profitant d’un cadre reposant et soigné."",""fr"":""Riad Kheirredine est un riad de caractère dans un quartier authentique de la médina. Le riad s’organise autour d’un patio propice au repos. L’atmosphère se veut intime et authentique, idéale pour découvrir Marrakech tout en profitant d’un cadre reposant et soigné.""}",[],[],[],"{""en"":"""",""es"":"""",""fr"":""""}",riadkheirredine.com,,,-7.993015,31.637373,5.00,4174,"[""https://dzuwwfttnigeisicqyto.supabase.co/storage/v1/object/public/riadsimages/riad_kheirredine/_ALK2723C.jpg"",""https://dzuwwfttnigeisicqyto.supabase.co/storage/v1/object/public/riadsimages/riad_kheirredine/_ALK3783_Fusion-NaturelB.jpg"",""https://dzuwwfttnigeisicqyto.supabase.co/storage/v1/object/public/riadsimages/riad_kheirredine/_ALK3757_Fusion-Naturel.jpg"",""https://dzuwwfttnigeisicqyto.supabase.co/storage/v1/object/public/riadsimages/riad_kheirredine/_ALK3927B.jpg"",""https://dzuwwfttnigeisicqyto.supabase.co/storage/v1/object/public/riadsimages/riad_kheirredine/_ALK4006B.jpg""]",,2026-01-24 19:57:47.661076+00
4846b950-8a96-413d-b586-faa25d665caf,"{""en"":""Riad Alegia"",""es"":""Riad Alegia"",""fr"":""Riad Alegia""}","{""en"":""Derb Berrima, 61 Rue Touareg, Marrakesh 40200"",""es"":""Derb Berrima, 61 Rue Touareg, Marrakesh 40200"",""fr"":""Derb Berrima, 61 Rue Touareg, Marrakesh 40200""}",marrakech,mellah,riad,"{""en"":""Riad Alegia is a characterful riad in the heart of Marrakech’s medina. The riad is built around a patio designed for relaxation. Its atmosphere is intimate and authentic, ideal for discovering Marrakech while enjoying a calm and refined setting."",""es"":""Riad Alegia est un Riad de caractère au cœur de la médina de Marrakech. Le Riad s’organise autour d’un patio propice au repos. L’atmosphère se veut intime et authentique, idéale pour découvrir Marrakech tout en profitant d’un cadre reposant et soigné."",""fr"":""Riad Alegia est un riad de caractère au cœur de la médina de Marrakech. Le riad s’organise autour d’un patio propice au repos. L’atmosphère se veut intime et authentique, idéale pour découvrir Marrakech tout en profitant d’un cadre reposant et soigné.""}","[""choice_of_double_or_single_beds"",""family_rooms_min_3_guests"",""individual_air_conditioning"",""baby_equipment_crib_high_chairs"",""wifi"",""tv_in_room"",""pool"",""spa_hammam"",""on_site_restaurant_guest_table"",""rooftop"",""first_aid_kit"",""video_surveillance_common_areas_and_outdoors""]","[""breakfast_included"",""special_menus_gluten_free_vegan_etc"",""airport_shuttle"",""on_site_or_nearby_parking"",""cooking_class"",""24_hour_reception"",""excursions_desk"",""cleaning_service"",""ironing_service"",""non_smoking_rooms"",""luggage_storage""]","[""free_cancellation_depending_on_rate_plan"",""card_payment_terminal""]","{""en"":"""",""es"":"""",""fr"":""""}",,+330614466706,manager.alegriamagi@gmail.com,-7.986630,31.619210,4.60,115,"[""https://dzuwwfttnigeisicqyto.supabase.co/storage/v1/object/public/riadsimages/riad_alegia/619397376.jpg"",""https://dzuwwfttnigeisicqyto.supabase.co/storage/v1/object/public/riadsimages/riad_alegia/39205314.jpg"",""https://dzuwwfttnigeisicqyto.supabase.co/storage/v1/object/public/riadsimages/riad_alegia/47564931.jpg"",""https://dzuwwfttnigeisicqyto.supabase.co/storage/v1/object/public/riadsimages/riad_alegia/39205494.jpg"",""https://dzuwwfttnigeisicqyto.supabase.co/storage/v1/object/public/riadsimages/riad_alegia/47564990.jpg""]",,2026-01-24 19:57:47.661076+00
487e439b-9d08-4e28-af44-520bb87e1c83,"{""en"":""Riad Jardin Des Sens"",""es"":""Riad Jardin Des Sens"",""fr"":""Riad Jardin Des Sens""}","{""en"":""151 et, 151 bis, Rue Derb Jdid, Marrakech 40000"",""es"":""151 et, 151 bis, Rue Derb Jdid, Marrakech 40000"",""fr"":""151 et, 151 bis, Rue Derb Jdid, Marrakech 40000""}",marrakech,derb_dabachi,riad,"{""en"":""Riad Jardin Des Sens is a characterful riad in the heart of Marrakech’s medina. The riad is built around a patio designed for relaxation. Its atmosphere is intimate and authentic, ideal for discovering Marrakech while enjoying a calm and refined setting."",""es"":""Riad Jardin Des Sens est un Riad de caractère au cœur de la médina de Marrakech. Le Riad s’organise autour d’un patio propice au repos. L’atmosphère se veut intime et authentique, idéale pour découvrir Marrakech tout en profitant d’un cadre reposant et soigné."",""fr"":""Intégralement restauré par l’architecte Christophe Siméon, ce riad du début du XIX ème siècle, a ouvert ses portes en octobre 2016, pour s’agrandir en 2022 puis 2026. L’établissement se compose désormais de deux riads jumelés offrant 10 chambres et suites, un spa, trois bassins, un double patio et une double terrasse. L’ensemble pouvant accueillir jusqu’à 27 hôtes.\n\nIdéalement situé à au cœur de la Médina de Marrakech et à 5 minutes de la place Jemaa el Fna, nichée dans une petite ruelle calme, le Riad Le Jardin des Sens & Spa est également à proximité immédiate des multiples lieux d’intérêt culturel notamment les palais et monuments, les jardins et les souks.\n\nPour un séjour en toute sérénité, vous disposez d’un service de navette aéroport jour et nuit, d’un restaurant offrant une cuisine des plus savoureuses et d’une équipe dévouée et disponible 24h/24 pour organiser vos sorties et excursions à Marrakech et au Maroc.\n\nCôté Soins, le Spa « Eveil des Sens », réservée à la clientèle du Jardin des Sens, vous accueille pour profiter de son Hammam traditionnel, d’une salle de massage et d’un salon de relaxation.""}","[""choice_of_double_or_single_beds"",""hypoallergenic_rooms"",""family_rooms_min_3_guests"",""individual_air_conditioning"",""safe"",""wifi"",""pool"",""piscine_chauffee"",""spa_hammam"",""on_site_restaurant_guest_table"",""bar"",""rooftop"",""garden"",""solarium"",""first_aid_kit"",""shared_lounge_tv_room"",""video_surveillance_common_areas_and_outdoors"",""family_rooms_max_3_guests"",""in_room_massage_service"",""massage_room"",""solarium_with_shower_and_greenery"",""traditional_moroccan_fountain"",""terrasse_transats_chauffage_climatisation_seche_cheveux_produits""]","[""breakfast_included"",""special_menus_gluten_free_vegan_etc"",""airport_shuttle"",""on_site_or_nearby_parking"",""cooking_class"",""room_service"",""24_hour_reception"",""excursions_desk"",""cleaning_service"",""ironing_service"",""non_smoking_rooms"",""luggage_storage"",""spa"",""restaurant"",""dinner"",""hammam"",""hammam_and_treatments"",""hammam_massages_craft_workshops"",""lunch"",""massage"",""manicure"",""massages"",""on_site_massages_and_treatments"",""parking_a_proximite"",""piscine_chauffee"",""private_hammam_scrubs_massages"",""reiki"",""riad_for_exclusive_use"",""spa_hammam_and_massage"",""wi_fi_gratuit_haut_debit_rooftop_terrasse_diners_et_dejeuner_a_la_demande_massages_bien_etre_sur_demande_organisation_d_excursions_privees"",""wifi""]","[""free_cancellation_depending_on_rate_plan"",""card_payment_terminal""]","{""en"":"""",""es"":"""",""fr"":""""}",https://www.riad-jardin-des-sens.com/,+33686574952,riadjardindessens@gmail.com,-7.983150,31.627248,5.00,800,"[""https://dzuwwfttnigeisicqyto.supabase.co/storage/v1/object/public/riadsimages/Riad_jardin_des_sens/822430912.jpg"",""https://dzuwwfttnigeisicqyto.supabase.co/storage/v1/object/public/riadsimages/Riad_jardin_des_sens/822430940.jpg"",""https://dzuwwfttnigeisicqyto.supabase.co/storage/v1/object/public/riadsimages/Riad_jardin_des_sens/822430835.jpg"",""https://dzuwwfttnigeisicqyto.supabase.co/storage/v1/object/public/riadsimages/Riad_jardin_des_sens/822430925.jpg"",""https://dzuwwfttnigeisicqyto.supabase.co/storage/v1/object/public/riadsimages/Riad_jardin_des_sens/822448439.jpg"",""https://base44.app/api/apps/69f10e36f5d3972acca5a916/files/mp/public/69f10e36f5d3972acca5a916/319689630_IMG_4053.jpeg"",""https://base44.app/api/apps/69f10e36f5d3972acca5a916/files/mp/public/69f10e36f5d3972acca5a916/447936c44_IMG_4054.jpeg"",""https://base44.app/api/apps/69f10e36f5d3972acca5a916/files/mp/public/69f10e36f5d3972acca5a916/5cc88337f_IMG_4059.jpeg"",""https://base44.app/api/apps/69f10e36f5d3972acca5a916/files/mp/public/69f10e36f5d3972acca5a916/f5640f329_IMG_6946.jpeg"",""https://base44.app/api/apps/69f10e36f5d3972acca5a916/files/mp/public/69f10e36f5d3972acca5a916/8eac4ddf1_patio2riadjardindessens.jpeg"",""https://base44.app/api/apps/69f10e36f5d3972acca5a916/files/mp/public/69f10e36f5d3972acca5a916/e2140a17e_patio3riadjardindesens.jpeg"",""https://base44.app/api/apps/69f10e36f5d3972acca5a916/files/mp/public/69f10e36f5d3972acca5a916/8f0a97335_patio5riadjardindesens.jpeg"",""https://base44.app/api/apps/69f10e36f5d3972acca5a916/files/mp/public/69f10e36f5d3972acca5a916/76cfd9cd2_riadjardindessens1.jpeg"",""https://base44.app/api/apps/69f10e36f5d3972acca5a916/files/mp/public/69f10e36f5d3972acca5a916/8d572fe90_riadjardindessens2.jpeg"",""https://base44.app/api/apps/69f10e36f5d3972acca5a916/files/mp/public/69f10e36f5d3972acca5a916/158875412_RIADJARDINDESSENS3.jpeg"",""https://base44.app/api/apps/69f10e36f5d3972acca5a916/files/mp/public/69f10e36f5d3972acca5a916/68bb48a0e_riadjardindessens4.jpeg"",""https://base44.app/api/apps/69f10e36f5d3972acca5a916/files/mp/public/69f10e36f5d3972acca5a916/9714feccd_RIADJARDINDESSENS6.jpeg"",""https://base44.app/api/apps/69f10e36f5d3972acca5a916/files/mp/public/69f10e36f5d3972acca5a916/7208feea6_RIADJARDINDESSENS9.jpeg"",""https://base44.app/api/apps/69f10e36f5d3972acca5a916/files/mp/public/69f10e36f5d3972acca5a916/af8a265dd_RIADJARDINDESSENS11.jpeg"",""https://base44.app/api/apps/69f10e36f5d3972acca5a916/files/mp/public/69f10e36f5d3972acca5a916/52d76da39_RIADJARDINDESSENS12.jpeg"",""https://base44.app/api/apps/69f10e36f5d3972acca5a916/files/mp/public/69f10e36f5d3972acca5a916/647028141_RIADJARDINDESSENS13.jpg"",""https://base44.app/api/apps/69f10e36f5d3972acca5a916/files/mp/public/69f10e36f5d3972acca5a916/32d677ada_RIADJARDINDESSENS15.jpeg"",""https://base44.app/api/apps/69f10e36f5d3972acca5a916/files/mp/public/69f10e36f5d3972acca5a916/6e1999787_RIADJARDINDESSENS16.jpeg"",""https://base44.app/api/apps/69f10e36f5d3972acca5a916/files/mp/public/69f10e36f5d3972acca5a916/c614a3a14_riadjardindesens2suitezaira.jpeg"",""https://base44.app/api/apps/69f10e36f5d3972acca5a916/files/mp/public/69f10e36f5d3972acca5a916/8602069c3_riadjardindesens3suiteargana.jpeg"",""https://base44.app/api/apps/69f10e36f5d3972acca5a916/files/mp/public/69f10e36f5d3972acca5a916/1203871d6_riadjardindesens4suiteambra.jpeg"",""https://base44.app/api/apps/69f10e36f5d3972acca5a916/files/mp/public/69f10e36f5d3972acca5a916/e3d3f8692_riadjardindesens5suitenasmatthomas.jpeg"",""https://base44.app/api/apps/69f10e36f5d3972acca5a916/files/mp/public/69f10e36f5d3972acca5a916/2afc4207d_RIADJARDINDESENSSUITENASMATTHOMAS4.jpeg"",""https://base44.app/api/apps/69f10e36f5d3972acca5a916/files/mp/public/69f10e36f5d3972acca5a916/a1a9ce140_RIADJARDINDESNSESSUITEZAIRA2.jpeg"",""https://base44.app/api/apps/69f10e36f5d3972acca5a916/files/mp/public/69f10e36f5d3972acca5a916/8f2d8d2ba_RIADJARDINDESSENSSPA.jpeg"",""https://base44.app/api/apps/69f10e36f5d3972acca5a916/files/mp/public/69f10e36f5d3972acca5a916/e21992128_riadjardindessens1suiteambra.jpeg"",""https://base44.app/api/apps/69f10e36f5d3972acca5a916/files/mp/public/69f10e36f5d3972acca5a916/80f92c3ed_RIADJARDINDESSENSTERRASSE1.jpeg"",""https://base44.app/api/apps/69f10e36f5d3972acca5a916/files/mp/public/69f10e36f5d3972acca5a916/e54fd64b4_RIADJARDINDESSENSTERRASSE8.jpeg"",""https://base44.app/api/apps/69f10e36f5d3972acca5a916/files/mp/public/69f10e36f5d3972acca5a916/e2bbfeebf_SPAEVEILDESENSE1.jpeg"",""https://base44.app/api/apps/69f10e36f5d3972acca5a916/files/mp/public/69f10e36f5d3972acca5a916/25581ca81_SPAEVEILDESSENS4.jpeg"",""https://base44.app/api/apps/69f10e36f5d3972acca5a916/files/mp/public/69f10e36f5d3972acca5a916/7e0988329_SPAEVEILDESSENS5.jpg"",""https://base44.app/api/apps/69f10e36f5d3972acca5a916/files/mp/public/69f10e36f5d3972acca5a916/8f7ad9d02_SUITEAMBRA6.jpeg"",""https://base44.app/api/apps/69f10e36f5d3972acca5a916/files/mp/public/69f10e36f5d3972acca5a916/c567a5b62_SUITECAMELIA2.jpeg"",""https://base44.app/api/apps/69f10e36f5d3972acca5a916/files/mp/public/69f10e36f5d3972acca5a916/708181570_SUITECAMELIA10.jpeg"",""https://base44.app/api/apps/69f10e36f5d3972acca5a916/files/mp/public/69f10e36f5d3972acca5a916/8f4204da4_SUITENASMATTHOMAS4.jpeg"",""https://base44.app/api/apps/69f10e36f5d3972acca5a916/files/mp/public/69f10e36f5d3972acca5a916/08f9e540f_SUITENASMATTHOMAS6.jpeg"",""https://base44.app/api/apps/69f10e36f5d3972acca5a916/files/mp/public/69f10e36f5d3972acca5a916/d5f6f4222_SUITENASMATTHOMAS7.jpeg"",""https://base44.app/api/apps/69f10e36f5d3972acca5a916/files/mp/public/69f10e36f5d3972acca5a916/c801b6d83_SUITENASMATTHOMAS11.jpeg"",""https://base44.app/api/apps/69f10e36f5d3972acca5a916/files/mp/public/69f10e36f5d3972acca5a916/ae5ca0edc_terrasseriadjardindesens2.jpeg"",""https://base44.app/api/apps/69f10e36f5d3972acca5a916/files/mp/public/69f10e36f5d3972acca5a916/e476f8380_terrasseriadjardindesens6.jpeg"",""https://base44.app/api/apps/69f10e36f5d3972acca5a916/files/mp/public/69f10e36f5d3972acca5a916/2f402d690_terrasseriadjardindessens1.jpeg"",""https://base44.app/api/apps/69f10e36f5d3972acca5a916/files/mp/public/69f10e36f5d3972acca5a916/cf1f86da9_terrasseriadjardindessens3.jpeg"",""https://base44.app/api/apps/69f10e36f5d3972acca5a916/files/mp/public/69f10e36f5d3972acca5a916/706509873_terrasseriadjardindessens5.jpeg""]",https://www.simplebooking.it/portal/256/hotel/11012,2026-01-24 19:57:47.661076+00
48f9aa08-bb98-4019-871c-a2da7ab7774e,"{""en"":""Palais Noor El Jena"",""es"":""Palais Noor El Jena"",""fr"":""Palais Noor El Jena""}","{""en"":""17 km, Route de Fès, 40000, Marrakesh"",""es"":""17 km, Route de Fès, 40000, Marrakesh"",""fr"":""17 km, Route de Fès, 40000, Marrakesh""}",marrakech,desert,guesthouse,"{""en"":""Palais Noor El Jena is a characterful riad in an authentic area of the medina. Generous spaces and refined decor evoke a palace-style residence. Its atmosphere is intimate and authentic, ideal for discovering Marrakech while enjoying a calm and refined setting."",""es"":""Palais Noor El Jena est un Riad de caractère dans un quartier authentique de la médina. Les volumes généreux et la décoration raffinée rappellent l’esprit d’un palais. L’atmosphère se veut intime et authentique, idéale pour découvrir Marrakech tout en profitant d’un cadre reposant et soigné."",""fr"":""Palais Noor El Jena est un riad de caractère dans un quartier authentique de la médina. Les volumes généreux et la décoration raffinée rappellent l’esprit d’un palais. L’atmosphère se veut intime et authentique, idéale pour découvrir Marrakech tout en profitant d’un cadre reposant et soigné.""}","[""double_beds_only"",""individual_air_conditioning"",""baby_equipment_crib_high_chairs"",""safe"",""wifi"",""in_room_tv"",""pool"",""piscine_chauffee"",""spa_hammam"",""on_site_fitness_room"",""on_site_restaurant_guest_table"",""bar"",""garden"",""solarium"",""first_aid_kit"",""shared_lounge_tv_room"",""video_surveillance_common_areas_and_outdoors"",""billiards_table_tennis_table_football_petanque""]","[""breakfast_included"",""on_site_or_nearby_parking"",""24_hour_reception"",""cleaning_service"",""non_smoking_rooms"",""luggage_storage""]","[""card_payment_terminal""]","{""en"":""Paiement par virement bancaire, 50% à la réservation .\nSolde un mois avant l’arrivée \nMaison privatisée uniquement \n8 Rooms minimum \n11 Rooms maximum"",""es"":""Paiement par virement bancaire, 50% à la réservation .\nSolde un mois avant l’arrivée \nMaison privatisée uniquement \n8 Habitaciónes minimum \n11 Habitaciónes maximum"",""fr"":""Paiement par virement bancaire, 50% à la réservation .\nSolde un mois avant l’arrivée \nMaison privatisée uniquement \n8 chambres minimum \n11 chambres maximum""}",nooreljena.com,+330683805710,contact@nooreljena.com,-7.832708,31.648628,4.70,42,"[""https://dzuwwfttnigeisicqyto.supabase.co/storage/v1/object/public/riadsimages/palais_noor_el_jena/palais-noor-el-jena1.jpg"",""https://dzuwwfttnigeisicqyto.supabase.co/storage/v1/object/public/riadsimages/palais_noor_el_jena/palais-noor-el-jena2.jpg"",""https://dzuwwfttnigeisicqyto.supabase.co/storage/v1/object/public/riadsimages/palais_noor_el_jena/palais-noor-el-jena3.jpg"",""https://dzuwwfttnigeisicqyto.supabase.co/storage/v1/object/public/riadsimages/palais_noor_el_jena/palais-noor-el-jena.jpg"",""https://dzuwwfttnigeisicqyto.supabase.co/storage/v1/object/public/riadsimages/palais_noor_el_jena/caption.jpg""]",,2026-01-24 19:57:47.661076+00
49154d61-1f89-44cd-aa8a-7b340cc45cb0,"{""en"":""Riad Baladin"",""es"":""Riad Baladin"",""fr"":""Riad Baladin""}","{""en"":""9 Rue Sidi Magdoul, Essaouira 44000"",""es"":""9 Rue Sidi Magdoul, Essaouira 44000"",""fr"":""9 Rue Sidi Magdoul, Essaouira 44000""}",essaouira,essaouira_medina,riad,"{""en"":""Riad  Baladin is a characterful riad in the heart of Marrakech’s medina. The riad is built around a patio designed for relaxation. Its atmosphere is intimate and authentic, ideal for discovering Marrakech while enjoying a calm and refined setting."",""es"":""Riad  Baladin est un Riad de caractère au cœur de la médina de Marrakech. Le Riad s’organise autour d’un patio propice au repos. L’atmosphère se veut intime et authentique, idéale pour découvrir Marrakech tout en profitant d’un cadre reposant et soigné."",""fr"":""Riad  Baladin est un riad de caractère au cœur de la médina de Marrakech. Le riad s’organise autour d’un patio propice au repos. L’atmosphère se veut intime et authentique, idéale pour découvrir Marrakech tout en profitant d’un cadre reposant et soigné.""}","[""double_beds_only"",""single_beds_only"",""choice_of_double_or_single_beds"",""family_rooms_min_3_guests"",""baby_equipment_crib_high_chairs"",""wifi"",""rooftop"",""shared_lounge_tv_room"",""video_surveillance_common_areas_and_outdoors"",""heated_jacuzzi""]","[""breakfast_included"",""special_menus_gluten_free_vegan_etc"",""airport_shuttle"",""on_site_or_nearby_parking"",""cooking_class"",""24_hour_reception"",""babysitting"",""excursions_desk"",""cleaning_service"",""non_smoking_rooms"",""currency_exchange"",""luggage_storage""]","[""free_cancellation_depending_on_rate_plan"",""no_prepayment""]","{""en"":"""",""es"":"""",""fr"":""""}",https://www.riadbaladin.com/,+212 661 604 504,"riadbaladin@gmail.com ",-9.771507,31.516071,4.70,1626,"[""https://dzuwwfttnigeisicqyto.supabase.co/storage/v1/object/public/riadsimages/riad_baladin/555259731.jpg"",""https://dzuwwfttnigeisicqyto.supabase.co/storage/v1/object/public/riadsimages/riad_baladin/36068399.jpg"",""https://dzuwwfttnigeisicqyto.supabase.co/storage/v1/object/public/riadsimages/riad_baladin/36068475.jpg"",""https://dzuwwfttnigeisicqyto.supabase.co/storage/v1/object/public/riadsimages/riad_baladin/517708663.jpg"",""https://dzuwwfttnigeisicqyto.supabase.co/storage/v1/object/public/riadsimages/riad_baladin/555514972.jpg""]",,2026-01-24 19:57:47.661076+00
493a2f0b-2e78-4690-b93c-d3f4584a7257,"{""en"":""Riad Amya & Spa"",""es"":""Riad Amya & Spa"",""fr"":""Riad Amya & Spa""}","{""en"":""N°: 35 SOUIKA RUE TOUALA BAB AHMAR MEDINA MARRAKECH"",""es"":""N°: 35 SOUIKA RUE TOUALA BAB AHMAR MEDINA MARRAKECH"",""fr"":""N°: 35 SOUIKA RUE TOUALA BAB AHMAR MEDINA MARRAKECH""}",marrakech,kasbah,riad,"{""en"":""Riad Amya & Spa is a characterful riad in the heart of Marrakech’s medina. The experience is focused on wellness, with spaces dedicated to relaxation. Its atmosphere is intimate and authentic, ideal for discovering Marrakech while enjoying a calm and refined setting."",""es"":""Riad Amya & Spa est un Riad de caractère au cœur de la médina de Marrakech. L’expérience est résolument orientée bien-être, avec des espaces dédiés à la détente. L’atmosphère se veut intime et authentique, idéale pour découvrir Marrakech tout en profitant d’un cadre reposant et soigné."",""fr"":""Riad Amya & Spa est un riad de caractère au cœur de la médina de Marrakech. L’expérience est résolument orientée bien-être, avec des espaces dédiés à la détente. L’atmosphère se veut intime et authentique, idéale pour découvrir Marrakech tout en profitant d’un cadre reposant et soigné.""}","[""choice_of_double_or_single_beds"",""family_rooms_min_3_guests"",""individual_air_conditioning"",""baby_equipment_crib_high_chairs"",""safe"",""wifi"",""pool"",""spa_hammam"",""on_site_restaurant_guest_table"",""rooftop"",""solarium"",""first_aid_kit"",""video_surveillance_common_areas_and_outdoors""]","[""breakfast_included"",""special_menus_gluten_free_vegan_etc"",""airport_shuttle"",""on_site_or_nearby_parking"",""cooking_class"",""24_hour_reception"",""excursions_desk"",""cleaning_service"",""non_smoking_rooms"",""luggage_storage""]","[""free_cancellation_depending_on_rate_plan"",""card_payment_terminal""]","{""en"":"""",""es"":"""",""fr"":""""}",https://riadamya.com,+2120661769065,contact@riadamya.com,-7.978488,31.614331,4.90,201,"[""https://dzuwwfttnigeisicqyto.supabase.co/storage/v1/object/public/riadsimages/riad_amya_&_Spa/442993600.jpg"",""https://dzuwwfttnigeisicqyto.supabase.co/storage/v1/object/public/riadsimages/riad_amya_&_Spa/442992617.jpg"",""https://dzuwwfttnigeisicqyto.supabase.co/storage/v1/object/public/riadsimages/riad_amya_&_Spa/653743461.jpg"",""https://dzuwwfttnigeisicqyto.supabase.co/storage/v1/object/public/riadsimages/riad_amya_&_Spa/442991245.jpg"",""https://dzuwwfttnigeisicqyto.supabase.co/storage/v1/object/public/riadsimages/riad_amya_&_Spa/442992525.jpg""]",,2026-01-24 19:57:47.661076+00
496b2616-edb6-47db-8f11-fd72fae01154,"{""en"":""Riad Dar Mar'Ouka"",""es"":""Riad Dar Mar'Ouka"",""fr"":""Riad Dar Mar'Ouka""}","{""en"":""18 Derb el Farah, Marrakesh 40000"",""es"":""18 Derb el Farah, Marrakesh 40000"",""fr"":""18 Derb el Farah, Marrakesh 40000""}",marrakech,hay_essalam,guesthouse,"{""en"":""Riad Dar Mar'Ouka is a characterful riad in the heart of Marrakech’s medina. The riad is built around a patio designed for relaxation. Its atmosphere is intimate and authentic, ideal for discovering Marrakech while enjoying a calm and refined setting."",""es"":""Riad Dar Mar'Ouka est un Riad de caractère au cœur de la médina de Marrakech. Le Riad s’organise autour d’un patio propice au repos. L’atmosphère se veut intime et authentique, idéale pour découvrir Marrakech tout en profitant d’un cadre reposant et soigné."",""fr"":""Riad Dar Mar'Ouka est un riad de caractère au cœur de la médina de Marrakech. Le riad s’organise autour d’un patio propice au repos. L’atmosphère se veut intime et authentique, idéale pour découvrir Marrakech tout en profitant d’un cadre reposant et soigné.""}",[],[],[],"{""en"":"""",""es"":"""",""fr"":""""}",marouka.xtadia.com,,,-7.981817,31.626300,4.90,118,"[""https://dzuwwfttnigeisicqyto.supabase.co/storage/v1/object/public/riadsimages/riad_dar_mar'Ouka/425992775.jpg"",""https://dzuwwfttnigeisicqyto.supabase.co/storage/v1/object/public/riadsimages/riad_dar_mar'Ouka/425850287.jpg"",""https://dzuwwfttnigeisicqyto.supabase.co/storage/v1/object/public/riadsimages/riad_dar_mar'Ouka/417246940.jpg"",""https://dzuwwfttnigeisicqyto.supabase.co/storage/v1/object/public/riadsimages/riad_dar_mar'Ouka/417246947.jpg"",""https://dzuwwfttnigeisicqyto.supabase.co/storage/v1/object/public/riadsimages/riad_dar_mar'Ouka/425632591.jpg""]",,2026-01-24 19:57:47.661076+00
4afe544d-6d7f-467e-8617-aaf53044539d,"{""en"":""Riad Dar Syada"",""es"":""Riad Dar Syada"",""fr"":""Riad Dar Syada""}","{""en"":""Alouah"",""es"":""Alouah"",""fr"":""Alouah""}",marrakech,montagne,guesthouse,"{""en"":""Riad Dar Syada is a characterful riad in the heart of Marrakech’s medina. The riad is built around a patio designed for relaxation. Its atmosphere is intimate and authentic, ideal for discovering Marrakech while enjoying a calm and refined setting."",""es"":""Riad Dar Syada est un Riad de caractère au cœur de la médina de Marrakech. Le Riad s’organise autour d’un patio propice au repos. L’atmosphère se veut intime et authentique, idéale pour découvrir Marrakech tout en profitant d’un cadre reposant et soigné."",""fr"":""Riad Dar Syada est un riad de caractère au cœur de la médina de Marrakech. Le riad s’organise autour d’un patio propice au repos. L’atmosphère se veut intime et authentique, idéale pour découvrir Marrakech tout en profitant d’un cadre reposant et soigné.""}","[""choice_of_double_or_single_beds"",""family_rooms_min_3_guests"",""individual_air_conditioning"",""safe"",""wifi"",""pool"",""piscine_chauffee"",""spa_hammam"",""on_site_restaurant_guest_table"",""bar"",""rooftop"",""garden"",""solarium"",""first_aid_kit"",""shared_lounge_tv_room"",""video_surveillance_common_areas_and_outdoors"",""tennis_court""]","[""breakfast_included"",""special_menus_gluten_free_vegan_etc"",""airport_shuttle"",""on_site_or_nearby_parking"",""24_hour_reception"",""prm_accessibility"",""on_site_activities"",""excursions_desk"",""cleaning_service"",""ironing_service"",""non_smoking_rooms"",""luggage_storage"",""business_services_meeting_reception_room""]","[""free_cancellation_depending_on_rate_plan"",""card_payment_terminal""]","{""en"":"""",""es"":"""",""fr"":""""}",darsyada.com,+212666651187,contact@darsyada.com,-7.816913,31.480950,4.80,46,"[""https://dzuwwfttnigeisicqyto.supabase.co/storage/v1/object/public/riadsimages/riad_dar_syada/746241228.jpg"",""https://dzuwwfttnigeisicqyto.supabase.co/storage/v1/object/public/riadsimages/riad_dar_syada/701086123.jpg"",""https://dzuwwfttnigeisicqyto.supabase.co/storage/v1/object/public/riadsimages/riad_dar_syada/701066247.jpg"",""https://dzuwwfttnigeisicqyto.supabase.co/storage/v1/object/public/riadsimages/riad_dar_syada/768622140.jpg"",""https://dzuwwfttnigeisicqyto.supabase.co/storage/v1/object/public/riadsimages/riad_dar_syada/825593208.jpg""]",,2026-01-24 19:57:47.661076+00
4c070f1e-bebe-463d-bae1-fc60a5cb22d4,"{""en"":""Riad Algora"",""es"":""Riad Algora"",""fr"":""Riad Algora""}","{""en"":""48 derb old Ben Sbaa, Marrakech 40000"",""es"":""48 derb old Ben Sbaa, Marrakech 40000"",""fr"":""48 derb old Ben Sbaa, Marrakech 40000""}",marrakech,kasbah,riad,"{""en"":""Riad Algora is a characterful riad in the heart of Marrakech’s medina. The riad is built around a patio designed for relaxation. Its atmosphere is intimate and authentic, ideal for discovering Marrakech while enjoying a calm and refined setting."",""es"":""Riad Algora est un Riad de caractère au cœur de la médina de Marrakech. Le Riad s’organise autour d’un patio propice au repos. L’atmosphère se veut intime et authentique, idéale pour découvrir Marrakech tout en profitant d’un cadre reposant et soigné."",""fr"":""Riad Algora est un riad de caractère au cœur de la médina de Marrakech. Le riad s’organise autour d’un patio propice au repos. L’atmosphère se veut intime et authentique, idéale pour découvrir Marrakech tout en profitant d’un cadre reposant et soigné.""}","[""double_beds_only"",""choice_of_double_or_single_beds"",""family_rooms_min_3_guests"",""individual_air_conditioning"",""baby_equipment_crib_high_chairs"",""wifi"",""pool"",""on_site_restaurant_guest_table"",""rooftop"",""solarium"",""first_aid_kit"",""shared_lounge_tv_room"",""video_surveillance_common_areas_and_outdoors""]","[""breakfast_included"",""special_menus_gluten_free_vegan_etc"",""airport_shuttle"",""on_site_or_nearby_parking"",""cooking_class"",""on_site_activities"",""excursions_desk"",""non_smoking_rooms"",""luggage_storage""]","[""free_cancellation_depending_on_rate_plan""]","{""en"":"""",""es"":"""",""fr"":""""}",https://www.riadalgora.com/,"
+33 6 21 19 80 01","
contact.riadalgora@gmail.com",-7.994086,31.618748,4.90,80,"[""https://dzuwwfttnigeisicqyto.supabase.co/storage/v1/object/public/riadsimages/riad_algora/741298305.jpg"",""https://dzuwwfttnigeisicqyto.supabase.co/storage/v1/object/public/riadsimages/riad_algora/741300185.jpg"",""https://dzuwwfttnigeisicqyto.supabase.co/storage/v1/object/public/riadsimages/riad_algora/741315434.jpg"",""https://dzuwwfttnigeisicqyto.supabase.co/storage/v1/object/public/riadsimages/riad_algora/741303350.jpg"",""https://dzuwwfttnigeisicqyto.supabase.co/storage/v1/object/public/riadsimages/riad_algora/741315831.jpg""]",,2026-01-24 19:57:47.661076+00
4d37155f-0775-4cf1-8aee-706dd51643c5,"{""en"":""Riad Dar Aman"",""es"":""Riad Dar Aman"",""fr"":""Riad Dar Aman""}","{""en"":""33-34 Derb Moulay Abdelkader, Marrakesh 40030"",""es"":""33-34 Derb Moulay Abdelkader, Marrakesh 40030"",""fr"":""33-34 Derb Moulay Abdelkader, Marrakesh 40030""}",marrakech,derb_dabachi,riad,"{""en"":""Riad Dar Aman is a characterful riad in the heart of Marrakech’s medina. The riad is built around a patio designed for relaxation. Its atmosphere is intimate and authentic, ideal for discovering Marrakech while enjoying a calm and refined setting."",""es"":""Riad Dar Aman est un Riad de caractère au cœur de la médina de Marrakech. Le Riad s’organise autour d’un patio propice au repos. L’atmosphère se veut intime et authentique, idéale pour découvrir Marrakech tout en profitant d’un cadre reposant et soigné."",""fr"":""Riad Dar Aman est un riad de caractère au cœur de la médina de Marrakech. Le riad s’organise autour d’un patio propice au repos. L’atmosphère se veut intime et authentique, idéale pour découvrir Marrakech tout en profitant d’un cadre reposant et soigné.""}",[],[],[],"{""en"":"""",""es"":"""",""fr"":""""}",https://riadaman.com/,+212 662 669 887,"contact@riadaman.com  ",-7.984403,31.627848,4.80,163,"[""https://dzuwwfttnigeisicqyto.supabase.co/storage/v1/object/public/riadsimages/riad_dar_aman/243190728.jpg"",""https://dzuwwfttnigeisicqyto.supabase.co/storage/v1/object/public/riadsimages/riad_dar_aman/243190621.jpg"",""https://dzuwwfttnigeisicqyto.supabase.co/storage/v1/object/public/riadsimages/riad_dar_aman/243190697.jpg"",""https://dzuwwfttnigeisicqyto.supabase.co/storage/v1/object/public/riadsimages/riad_dar_aman/243190732.jpg"",""https://dzuwwfttnigeisicqyto.supabase.co/storage/v1/object/public/riadsimages/riad_dar_aman/490214726.jpg""]",,2026-01-24 19:57:47.661076+00
4d38e268-b162-4bbd-b6b1-ce59236bca4e,"{""en"":""Riad Nivarna"",""es"":""Riad Nivarna"",""fr"":""Riad Nivarna""}","{""en"":""J297+328، Derb Lalla Izza Hamed 3, Ksibat Nhass, Marrakesh 40000"",""es"":""J297+328، Derb Lalla Izza Hamed 3, Ksibat Nhass, Marrakesh 40000"",""fr"":""J297+328، Derb Lalla Izza Hamed 3, Ksibat Nhass, Marrakesh 40000""}",marrakech,kasbah,riad,"{""en"":""Riad Nivarna is a characterful riad in an authentic area of the medina. The riad is built around a patio designed for relaxation. Its atmosphere is intimate and authentic, ideal for discovering Marrakech while enjoying a calm and refined setting."",""es"":""Riad Nivarna est un Riad de caractère dans un quartier authentique de la médina. Le Riad s’organise autour d’un patio propice au repos. L’atmosphère se veut intime et authentique, idéale pour découvrir Marrakech tout en profitant d’un cadre reposant et soigné."",""fr"":""Riad Nivarna est un riad de caractère dans un quartier authentique de la médina. Le riad s’organise autour d’un patio propice au repos. L’atmosphère se veut intime et authentique, idéale pour découvrir Marrakech tout en profitant d’un cadre reposant et soigné.""}","[""choice_of_double_or_single_beds"",""family_rooms_min_3_guests"",""individual_air_conditioning"",""baby_equipment_crib_high_chairs"",""safe"",""wifi"",""on_site_restaurant_guest_table"",""bar"",""rooftop"",""solarium"",""shared_lounge_tv_room"",""video_surveillance_common_areas_and_outdoors"",""patio_fountain_shaded_relaxation_areas"",""terrasse_transats_chauffage_climatisation_seche_cheveux_produits""]","[""breakfast_included"",""special_menus_gluten_free_vegan_etc"",""airport_shuttle"",""on_site_or_nearby_parking"",""cooking_class"",""room_service"",""24_hour_reception"",""on_site_activities"",""excursions_desk"",""cleaning_service"",""ironing_service"",""non_smoking_rooms"",""currency_exchange"",""luggage_storage"",""wi_fi_gratuit_haut_debit_rooftop_terrasse_diners_et_dejeuner_a_la_demande_massages_bien_etre_sur_demande_organisation_d_excursions_privees""]","[""free_cancellation_depending_on_rate_plan"",""no_prepayment"",""card_payment_terminal""]","{""en"":""« Aucun prépaiement ».\n\nPourriez-vous nous confirmer si cette option signifie :\n– que le client ne paie pas à l’avance, – mais qu’une carte bancaire reste obligatoire à la réservation à titre de garantie, – et que le paiement s’effectue à l’arrivée, sauf en cas de non-présentation ou d’Cancellation tardive selon la politique de l’établissement ?"",""es"":""« Aucun prépaiement ».\n\nPourriez-vous nous confirmer si cette option signifie :\n– que le client ne paie pas à l’avance, – mais qu’une carte bancaire reste obligatoire à la réservation à titre de garantie, – et que le paiement s’effectue à l’arrivée, sauf en cas de non-présentation ou d’Cancelación tardive selon la politique de l’établissement ?"",""fr"":""« Aucun prépaiement ».\n\nPourriez-vous nous confirmer si cette option signifie :\n– que le client ne paie pas à l’avance, – mais qu’une carte bancaire reste obligatoire à la réservation à titre de garantie, – et que le paiement s’effectue à l’arrivée, sauf en cas de non-présentation ou d’annulation tardive selon la politique de l’établissement ?""}",riad-nirvana.ma,+330699045731,contactriadnirvana@gmail.com,-7.987517,31.617539,4.80,121,"[""https://dzuwwfttnigeisicqyto.supabase.co/storage/v1/object/public/riadsimages/riad_nivarna/618972544.jpg"",""https://dzuwwfttnigeisicqyto.supabase.co/storage/v1/object/public/riadsimages/riad_nivarna/222544205.jpg"",""https://dzuwwfttnigeisicqyto.supabase.co/storage/v1/object/public/riadsimages/riad_nivarna/799861146.jpg"",""https://dzuwwfttnigeisicqyto.supabase.co/storage/v1/object/public/riadsimages/riad_nivarna/90254214.jpg"",""https://dzuwwfttnigeisicqyto.supabase.co/storage/v1/object/public/riadsimages/riad_nivarna/82439061.jpg""]",,2026-01-24 19:57:47.661076+00
531fafe1-9595-4635-9651-836074fdb878,"{""en"":""Riad Dabachi & Gabriel"",""es"":""Riad Dabachi & Gabriel"",""fr"":""Riad Dabachi & Gabriel""}","{""en"":""Derb hajra 09 Derb Dabachi Marrakech، 26 Derb El Hajra, Marrakesh 40000"",""es"":""Derb hajra 09 Derb Dabachi Marrakech، 26 Derb El Hajra, Marrakesh 40000"",""fr"":""Derb hajra 09 Derb Dabachi Marrakech، 26 Derb El Hajra, Marrakesh 40000""}",marrakech,derb_dabachi,riad,"{""en"":""Riad Dabachi & Gabriel is a characterful riad in the heart of Marrakech’s medina. The riad is built around a patio designed for relaxation. Its atmosphere is intimate and authentic, ideal for discovering Marrakech while enjoying a calm and refined setting."",""es"":""Riad Dabachi & Gabriel est un Riad de caractère au cœur de la médina de Marrakech. Le Riad s’organise autour d’un patio propice au repos. L’atmosphère se veut intime et authentique, idéale pour découvrir Marrakech tout en profitant d’un cadre reposant et soigné."",""fr"":""Riad Dabachi & Gabriel est un riad de caractère au cœur de la médina de Marrakech. Le riad s’organise autour d’un patio propice au repos. L’atmosphère se veut intime et authentique, idéale pour découvrir Marrakech tout en profitant d’un cadre reposant et soigné.""}","[""double_beds_only"",""family_rooms_min_3_guests"",""individual_air_conditioning"",""wifi"",""pool"",""on_site_restaurant_guest_table"",""rooftop"",""garden"",""solarium"",""first_aid_kit"",""video_surveillance_common_areas_and_outdoors""]","[""breakfast_included"",""special_menus_gluten_free_vegan_etc"",""airport_shuttle"",""on_site_or_nearby_parking"",""24_hour_reception"",""babysitting"",""excursions_desk"",""cleaning_service"",""ironing_service"",""non_smoking_rooms"",""luggage_storage"",""yoga_area"",""reiki""]","[""no_prepayment"",""card_payment_terminal""]","{""en"":"""",""es"":"""",""fr"":""""}",X,+212666087838,contactriaddabachi@gmail.com,,,,0,"[""https://dzuwwfttnigeisicqyto.supabase.co/storage/v1/object/public/riadsimages/riad_dabachi/Patio-piscine.jpeg"",""https://dzuwwfttnigeisicqyto.supabase.co/storage/v1/object/public/riadsimages/riad_dabachi/Solarium.jpeg"",""https://dzuwwfttnigeisicqyto.supabase.co/storage/v1/object/public/riadsimages/riad_dabachi/EBENE.jpeg"",""https://dzuwwfttnigeisicqyto.supabase.co/storage/v1/object/public/riadsimages/riad_dabachi/espace_bien_etre.jpg"",""https://dzuwwfttnigeisicqyto.supabase.co/storage/v1/object/public/riadsimages/riad_dabachi/Toit_terrasse.jpeg""]",,2026-01-24 19:57:47.661076+00
5456a388-11ac-47a4-b691-b33284d2e9aa,"{""en"":""Riad N'S"",""es"":""Riad N'S"",""fr"":""Riad N'S""}","{""en"":""Ouayhah, 30 Derb, Rte Sidi Abdelaziz, Marrakech 40000"",""es"":""Ouayhah, 30 Derb, Rte Sidi Abdelaziz, Marrakech 40000"",""fr"":""Ouayhah, 30 Derb, Rte Sidi Abdelaziz, Marrakech 40000""}",marrakech,dar_el_bacha,riad,"{""en"":""Riad N'S is a characterful riad in the heart of Marrakech’s medina. The riad is built around a patio designed for relaxation. Its atmosphere is intimate and authentic, ideal for discovering Marrakech while enjoying a calm and refined setting."",""es"":""Riad N'S est un Riad de caractère au cœur de la médina de Marrakech. Le Riad s’organise autour d’un patio propice au repos. L’atmosphère se veut intime et authentique, idéale pour découvrir Marrakech tout en profitant d’un cadre reposant et soigné."",""fr"":""Riad N'S est un riad de caractère au cœur de la médina de Marrakech. Le riad s’organise autour d’un patio propice au repos. L’atmosphère se veut intime et authentique, idéale pour découvrir Marrakech tout en profitant d’un cadre reposant et soigné.""}","[""choice_of_double_or_single_beds"",""family_rooms_min_3_guests"",""individual_air_conditioning"",""baby_equipment_crib_high_chairs"",""safe"",""wifi"",""on_site_restaurant_guest_table"",""bar"",""rooftop"",""solarium"",""first_aid_kit"",""shared_lounge_tv_room"",""video_surveillance_common_areas_and_outdoors"",""massage_room""]","[""breakfast_included"",""special_menus_gluten_free_vegan_etc"",""airport_shuttle"",""on_site_or_nearby_parking"",""cooking_class"",""room_service"",""24_hour_reception"",""babysitting"",""pets_allowed"",""on_site_activities"",""excursions_desk"",""cleaning_service"",""ironing_service"",""non_smoking_rooms"",""luggage_storage""]","[""free_cancellation_depending_on_rate_plan"",""no_prepayment"",""card_payment_terminal""]","{""en"":"""",""es"":"""",""fr"":""""}",riadns-marrakech.com,+212613183602,riad.nsmarrakech@gmail.com,-7.989718,31.632127,4.50,85,"[""https://dzuwwfttnigeisicqyto.supabase.co/storage/v1/object/public/riadsimages/riad_N'S/519223274.jpg"",""https://dzuwwfttnigeisicqyto.supabase.co/storage/v1/object/public/riadsimages/riad_N'S/519223399.jpg"",""https://dzuwwfttnigeisicqyto.supabase.co/storage/v1/object/public/riadsimages/riad_N'S/568839041.jpg"",""https://dzuwwfttnigeisicqyto.supabase.co/storage/v1/object/public/riadsimages/riad_N'S/568838903.jpg"",""https://dzuwwfttnigeisicqyto.supabase.co/storage/v1/object/public/riadsimages/riad_N'S/568839278.jpg""]",,2026-01-24 19:57:47.661076+00
545ac105-333e-487d-9eb6-8b6c7a13d49c,"{""en"":""Villa Wenge"",""es"":""Villa Wenge"",""fr"":""Villa Wenge""}","{""en"":""rahba, 4 Derb el Messfioui, Marrakech 40000"",""es"":""rahba, 4 Derb el Messfioui, Marrakech 40000"",""fr"":""rahba, 4 Derb el Messfioui, Marrakech 40000""}",marrakech,derb_dabachi,riad,"{""en"":""Villa Wenge is a characterful riad in an authentic area of the medina. The riad is built around a patio designed for relaxation. Its atmosphere is intimate and authentic, ideal for discovering Marrakech while enjoying a calm and refined setting."",""es"":""Villa Wenge est un Riad de caractère dans un quartier authentique de la médina. Le Riad s’organise autour d’un patio propice au repos. L’atmosphère se veut intime et authentique, idéale pour découvrir Marrakech tout en profitant d’un cadre reposant et soigné."",""fr"":""Villa Wenge est un riad de caractère dans un quartier authentique de la médina. Le riad s’organise autour d’un patio propice au repos. L’atmosphère se veut intime et authentique, idéale pour découvrir Marrakech tout en profitant d’un cadre reposant et soigné.""}","[""choice_of_double_or_single_beds"",""family_rooms_min_3_guests"",""individual_air_conditioning"",""safe"",""wifi"",""in_room_tv"",""spa_hammam"",""on_site_restaurant_guest_table"",""rooftop"",""solarium"",""first_aid_kit"",""video_surveillance_common_areas_and_outdoors"",""heated_hot_tub""]","[""breakfast_included"",""special_menus_gluten_free_vegan_etc"",""airport_shuttle"",""cooking_class"",""24_hour_reception"",""excursions_desk"",""cleaning_service"",""ironing_service"",""non_smoking_rooms"",""luggage_storage"",""spa_hammam_and_massage""]","[""free_cancellation_depending_on_rate_plan"",""card_payment_terminal""]","{""en"":"""",""es"":"""",""fr"":""""}",https://riadvillawenge.com/,+212661601746,riadvillawenge@gmail.com,-7.986209,31.628305,4.70,813,"[""https://dzuwwfttnigeisicqyto.supabase.co/storage/v1/object/public/riadsimages/villa_wenge/WhatsApp_Image_2025-06-13_at_18.45.35.jpeg"",""https://dzuwwfttnigeisicqyto.supabase.co/storage/v1/object/public/riadsimages/villa_wenge/VILLA_WENGE_-_Simon_Oldani_Photography-003.jpg"",""https://dzuwwfttnigeisicqyto.supabase.co/storage/v1/object/public/riadsimages/villa_wenge/VILLA_WENGE_-_Simon_Oldani_Photography-124.jpg"",""https://dzuwwfttnigeisicqyto.supabase.co/storage/v1/object/public/riadsimages/villa_wenge/F089E1D9-56C7-4009-A05D-A6740B55B310.jpeg"",""https://dzuwwfttnigeisicqyto.supabase.co/storage/v1/object/public/riadsimages/villa_wenge/VILLA_WENGE_-_Simon_Oldani_Photography-208.jpg""]",,2026-01-24 19:57:47.661076+00
54fed4c6-4f06-4ba9-9ff6-9ba9e34fd9fd,"{""en"":""Riad Maipa Boutique Riad"",""es"":""Riad Maipa Boutique Riad"",""fr"":""Riad Maipa Boutique Riad""}","{""en"":""n, 5 Derb Jdid, Marrakesh 40000"",""es"":""n, 5 Derb Jdid, Marrakesh 40000"",""fr"":""n, 5 Derb Jdid, Marrakesh 40000""}",marrakech,derb_dabachi,riad,"{""en"":""Riad Maipa Boutique Riad is a characterful riad in the heart of Marrakech’s medina. The riad is built around a patio designed for relaxation. Its atmosphere is intimate and authentic, ideal for discovering Marrakech while enjoying a calm and refined setting."",""es"":""Riad Maipa Boutique Riad est un Riad de caractère au cœur de la médina de Marrakech. Le Riad s’organise autour d’un patio propice au repos. L’atmosphère se veut intime et authentique, idéale pour découvrir Marrakech tout en profitant d’un cadre reposant et soigné."",""fr"":""Riad Maipa Boutique Riad est un riad de caractère au cœur de la médina de Marrakech. Le riad s’organise autour d’un patio propice au repos. L’atmosphère se veut intime et authentique, idéale pour découvrir Marrakech tout en profitant d’un cadre reposant et soigné.""}","[""choice_of_double_or_single_beds"",""individual_air_conditioning"",""safe"",""wifi"",""piscine_chauffee"",""on_site_restaurant_guest_table"",""rooftop"",""solarium"",""first_aid_kit"",""shared_lounge_tv_room"",""video_surveillance_common_areas_and_outdoors""]","[""breakfast_included"",""special_menus_gluten_free_vegan_etc"",""airport_shuttle"",""room_service"",""24_hour_reception"",""excursions_desk"",""cleaning_service"",""ironing_service"",""non_smoking_rooms"",""luggage_storage""]","[""booking_without_a_credit_card""]","{""en"":""Réservé aux adultes uniquement"",""es"":""Réservé aux adultes uniquement"",""fr"":""Réservé aux adultes uniquement""}",riadmaipa-marrakech.com,+212674797354,concierge@riadmaipa-marrakech.com,-7.984391,31.627211,4.90,115,"[""https://dzuwwfttnigeisicqyto.supabase.co/storage/v1/object/public/riadsimages/maipa_boutique/_18A5883-Modifica.jpg"",""https://dzuwwfttnigeisicqyto.supabase.co/storage/v1/object/public/riadsimages/maipa_boutique/_18A5599-HDR-2-Modifica.jpg"",""https://dzuwwfttnigeisicqyto.supabase.co/storage/v1/object/public/riadsimages/maipa_boutique/_18A5608-HDR-Modifica.jpg"",""https://dzuwwfttnigeisicqyto.supabase.co/storage/v1/object/public/riadsimages/maipa_boutique/Laurier_A.jpg"",""https://dzuwwfttnigeisicqyto.supabase.co/storage/v1/object/public/riadsimages/maipa_boutique/_18A5897-HDR-Modifica.jpg""]",,2026-01-24 19:57:47.661076+00
597ed3f9-8a01-4bfd-9a88-88178f844c55,"{""en"":""Villa El Arsa"",""es"":""Villa El Arsa"",""fr"":""Villa El Arsa""}","{""en"":""18 Derb El Arsa, Marrakesh 40000"",""es"":""18 Derb El Arsa, Marrakesh 40000"",""fr"":""18 Derb El Arsa, Marrakesh 40000""}",marrakech,derb_dabachi,riad,"{""en"":""Villa El Arsa is a characterful riad in the heart of Marrakech’s medina. The riad is built around a patio designed for relaxation. Its atmosphere is intimate and authentic, ideal for discovering Marrakech while enjoying a calm and refined setting."",""es"":""Villa El Arsa est un Riad de caractère au cœur de la médina de Marrakech. Le Riad s’organise autour d’un patio propice au repos. L’atmosphère se veut intime et authentique, idéale pour découvrir Marrakech tout en profitant d’un cadre reposant et soigné."",""fr"":""Villa El Arsa est un riad de caractère au cœur de la médina de Marrakech. Le riad s’organise autour d’un patio propice au repos. L’atmosphère se veut intime et authentique, idéale pour découvrir Marrakech tout en profitant d’un cadre reposant et soigné.""}",[],[],[],"{""en"":"""",""es"":"""",""fr"":""""}",riadvillaelarsa.com,,,-7.985220,31.625511,4.80,444,"[""https://dzuwwfttnigeisicqyto.supabase.co/storage/v1/object/public/riadsimages/viilla_el_arsa/511070806.jpg"",""https://dzuwwfttnigeisicqyto.supabase.co/storage/v1/object/public/riadsimages/viilla_el_arsa/405999556.jpg"",""https://dzuwwfttnigeisicqyto.supabase.co/storage/v1/object/public/riadsimages/viilla_el_arsa/510818453.jpg"",""https://dzuwwfttnigeisicqyto.supabase.co/storage/v1/object/public/riadsimages/viilla_el_arsa/407348490.jpg"",""https://dzuwwfttnigeisicqyto.supabase.co/storage/v1/object/public/riadsimages/viilla_el_arsa/190681541.jpg""]",,2026-01-24 19:57:47.661076+00
59b67dca-5ded-45c5-95b6-3d8f21c3c30c,"{""en"":""Test Reda 2"",""es"":""Test Reda 2"",""fr"":""Test Reda 2""}","{""en"":""Rue de la medina"",""es"":""Rue de la medina"",""fr"":""Rue de la medina""}",marrakech,dar_el_bacha,riad,"{""fr"":""We rock and roll :)""}","[""billiards"",""boules_court"",""double_beds_only"",""family_rooms_min_3_guests"",""prm_facilities""]","[""on_site_or_nearby_parking""]","[""card_payment_terminal""]",{},www.hostpitalitywebservices.com,+212661208812,r.aboudihaj@gmail.com,-7.999900,31.333300,,,"[""https://base44.app/api/apps/69f10e36f5d3972acca5a916/files/mp/public/69f10e36f5d3972acca5a916/ec3cb1939_1024px-OYO_Rooms_logo.png"",""https://base44.app/api/apps/69f10e36f5d3972acca5a916/files/mp/public/69f10e36f5d3972acca5a916/42ece9a19_EHTPLogo.jpeg""]",,2026-04-30 08:05:29.279925+00
5e9624f3-9b0e-4375-83a3-b56088d93ccb,"{""en"":""Riad Dar Tiflet"",""es"":""Riad Dar Tiflet"",""fr"":""Riad Dar Tiflet""}","{""en"":""Derb Gnaoua, Marrakesh 40000"",""es"":""Derb Gnaoua, Marrakesh 40000"",""fr"":""Derb Gnaoua, Marrakesh 40000""}",marrakech,mouassine,riad,"{""en"":""Riad Dar Tiflet is a characterful riad in an authentic area of the medina. The riad is built around a patio designed for relaxation. Its atmosphere is intimate and authentic, ideal for discovering Marrakech while enjoying a calm and refined setting."",""es"":""Riad Dar Tiflet est un Riad de caractère dans un quartier authentique de la médina. Le Riad s’organise autour d’un patio propice au repos. L’atmosphère se veut intime et authentique, idéale pour découvrir Marrakech tout en profitant d’un cadre reposant et soigné."",""fr"":""Riad Dar Tiflet est un riad de caractère dans un quartier authentique de la médina. Le riad s’organise autour d’un patio propice au repos. L’atmosphère se veut intime et authentique, idéale pour découvrir Marrakech tout en profitant d’un cadre reposant et soigné.""}","[""choice_of_double_or_single_beds"",""hypoallergenic_rooms"",""family_rooms_min_3_guests"",""individual_air_conditioning"",""safe"",""wifi"",""on_site_restaurant_guest_table"",""bar"",""rooftop"",""solarium"",""first_aid_kit""]","[""breakfast_included"",""special_menus_gluten_free_vegan_etc"",""airport_shuttle"",""on_site_or_nearby_parking"",""cooking_class"",""24_hour_reception"",""on_site_activities"",""excursions_desk"",""cleaning_service"",""ironing_service"",""non_smoking_rooms"",""luggage_storage""]","[""free_cancellation_depending_on_rate_plan"",""booking_without_a_credit_card"",""card_payment_terminal""]","{""en"":"""",""es"":"""",""fr"":""""}",dartiflet.com,+33756848934,hello@dartiflet.com,-7.983945,31.629065,4.90,782,"[""https://dzuwwfttnigeisicqyto.supabase.co/storage/v1/object/public/riadsimages/riad_dar_tiflet/776027742.jpg"",""https://dzuwwfttnigeisicqyto.supabase.co/storage/v1/object/public/riadsimages/riad_dar_tiflet/776535206.jpg"",""https://dzuwwfttnigeisicqyto.supabase.co/storage/v1/object/public/riadsimages/riad_dar_tiflet/775937000.jpg"",""https://dzuwwfttnigeisicqyto.supabase.co/storage/v1/object/public/riadsimages/riad_dar_tiflet/775963427.jpg"",""https://dzuwwfttnigeisicqyto.supabase.co/storage/v1/object/public/riadsimages/riad_dar_tiflet/775963622.jpg""]",,2026-01-24 19:57:47.661076+00
5ff0b683-4f67-4ffb-b1cf-32bb4d134efb,"{""en"":""Riad Hello"",""es"":""Riad Hello"",""fr"":""Riad Hello""}","{""en"":""69 Derb Rahala Rd, Marrakesh 40000"",""es"":""69 Derb Rahala Rd, Marrakesh 40000"",""fr"":""69 Derb Rahala Rd, Marrakesh 40000""}",marrakech,kasbah,riad,"{""en"":""Riad Hello is a characterful riad in an authentic area of the medina. The riad is built around a patio designed for relaxation. Its atmosphere is intimate and authentic, ideal for discovering Marrakech while enjoying a calm and refined setting."",""es"":""Riad Hello est un Riad de caractère dans un quartier authentique de la médina. Le Riad s’organise autour d’un patio propice au repos. L’atmosphère se veut intime et authentique, idéale pour découvrir Marrakech tout en profitant d’un cadre reposant et soigné."",""fr"":""Riad Hello est un riad de caractère dans un quartier authentique de la médina. Le riad s’organise autour d’un patio propice au repos. L’atmosphère se veut intime et authentique, idéale pour découvrir Marrakech tout en profitant d’un cadre reposant et soigné.""}",[],[],[],"{""en"":"""",""es"":"""",""fr"":""""}",riadhello.com,,,-7.990160,31.616391,4.80,30,"[""https://dzuwwfttnigeisicqyto.supabase.co/storage/v1/object/public/riadsimages/Riad_Hello/w023.png"",""https://dzuwwfttnigeisicqyto.supabase.co/storage/v1/object/public/riadsimages/Riad_Hello/2025_09-22.png"",""https://dzuwwfttnigeisicqyto.supabase.co/storage/v1/object/public/riadsimages/Riad_Hello/j010.png"",""https://dzuwwfttnigeisicqyto.supabase.co/storage/v1/object/public/riadsimages/Riad_Hello/2025-09-22.png"",""https://dzuwwfttnigeisicqyto.supabase.co/storage/v1/object/public/riadsimages/Riad_Hello/2025_09_22.png""]",,2026-01-24 19:57:47.661076+00
6060c53d-ea01-4691-a2c7-91a571976929,"{""en"":""Riad Jardins D'Argane"",""es"":""Riad Jardins D'Argane"",""fr"":""Riad Jardins D'Argane""}","{""en"":""DOUAR LAMSASSA، 44000"",""es"":""DOUAR LAMSASSA، 44000"",""fr"":""DOUAR LAMSASSA، 44000""}",essaouira,essaouira_exterieurs,riad,"{""en"":""Riad Jardins D'Argane is a characterful riad in the heart of Marrakech’s medina. The riad is built around a patio designed for relaxation. Its atmosphere is intimate and authentic, ideal for discovering Marrakech while enjoying a calm and refined setting."",""es"":""Riad Jardins D'Argane est un Riad de caractère au cœur de la médina de Marrakech. Le Riad s’organise autour d’un patio propice au repos. L’atmosphère se veut intime et authentique, idéale pour découvrir Marrakech tout en profitant d’un cadre reposant et soigné."",""fr"":""Riad Jardins D'Argane est un riad de caractère au cœur de la médina de Marrakech. Le riad s’organise autour d’un patio propice au repos. L’atmosphère se veut intime et authentique, idéale pour découvrir Marrakech tout en profitant d’un cadre reposant et soigné.""}","[""choice_of_double_or_single_beds"",""family_rooms_min_3_guests"",""individual_air_conditioning"",""baby_equipment_crib_high_chairs"",""prm_accessibility"",""prm_facilities"",""wifi"",""in_room_tv"",""pool"",""piscine_chauffee"",""spa_hammam"",""garden"",""first_aid_kit"",""shared_lounge_tv_room"",""giant_chess"",""kids_play_area"",""boules_court"",""caidal_tent""]","[""on_site_or_nearby_parking"",""cooking_class"",""prm_accessibility"",""pets_allowed"",""cleaning_service"",""non_smoking_rooms"",""spa""]",[],"{""en"":""Réservation en privatisation uniquement. Groupe jusqu a 23 personnes enfants compris. Option : Prestation Cheffe en option. Prestation Swimming pool chauffée. Prestation Spa"",""es"":""Réservation en privatisation uniquement. Groupe jusqu a 23 personnes enfants compris. Option : Prestation Cheffe en option. Prestation Piscina chauffée. Prestation Spa"",""fr"":""Réservation en privatisation uniquement. Groupe jusqu a 23 personnes enfants compris. Option : Prestation Cheffe en option. Prestation piscine chauffée. Prestation spa""}",https://lesjardinsdargane.com/,+212622262861,contact@lesjardinsdargane.com,-9.634806,31.514743,4.80,127,"[""https://dzuwwfttnigeisicqyto.supabase.co/storage/v1/object/public/riadsimages/riad_les_jardins_argane/20221023_163930.jpg"",""https://dzuwwfttnigeisicqyto.supabase.co/storage/v1/object/public/riadsimages/riad_les_jardins_argane/20240912_143706.jpg"",""https://dzuwwfttnigeisicqyto.supabase.co/storage/v1/object/public/riadsimages/riad_les_jardins_argane/20200913_091138.jpg"",""https://dzuwwfttnigeisicqyto.supabase.co/storage/v1/object/public/riadsimages/riad_les_jardins_argane/20240912_143642.jpg"",""https://dzuwwfttnigeisicqyto.supabase.co/storage/v1/object/public/riadsimages/riad_les_jardins_argane/CHAMBRE_5_B.jpg""]",,2026-01-24 19:57:47.661076+00
62b04243-2a08-41ff-8e47-de1d2ff85d83,"{""en"":""Riad Dar Kawa"",""es"":""Riad Dar Kawa"",""fr"":""Riad Dar Kawa""}","{""en"":""18 Derb Ouali, Marrakesh 40000"",""es"":""18 Derb Ouali, Marrakesh 40000"",""fr"":""18 Derb Ouali, Marrakesh 40000""}",marrakech,ben_youssef,riad,"{""en"":""Riad Dar Kawa is a characterful riad in an authentic area of the medina. The riad is built around a patio designed for relaxation. Its atmosphere is intimate and authentic, ideal for discovering Marrakech while enjoying a calm and refined setting."",""es"":""Riad Dar Kawa est un Riad de caractère dans un quartier authentique de la médina. Le Riad s’organise autour d’un patio propice au repos. L’atmosphère se veut intime et authentique, idéale pour découvrir Marrakech tout en profitant d’un cadre reposant et soigné."",""fr"":""Riad Dar Kawa est un riad de caractère dans un quartier authentique de la médina. Le riad s’organise autour d’un patio propice au repos. L’atmosphère se veut intime et authentique, idéale pour découvrir Marrakech tout en profitant d’un cadre reposant et soigné.""}",[],[],[],"{""en"":"""",""es"":"""",""fr"":""""}",darkawa.net,,,-7.985242,31.631259,5.00,160,"[""https://dzuwwfttnigeisicqyto.supabase.co/storage/v1/object/public/riadsimages/riad_dar_kawa/dar-kawa-riad1.jpg"",""https://dzuwwfttnigeisicqyto.supabase.co/storage/v1/object/public/riadsimages/riad_dar_kawa/filename-p1170156-jpg.jpg"",""https://dzuwwfttnigeisicqyto.supabase.co/storage/v1/object/public/riadsimages/riad_dar_kawa/omani-suite1.jpg"",""https://dzuwwfttnigeisicqyto.supabase.co/storage/v1/object/public/riadsimages/riad_dar_kawa/dar-kawa-riad.jpg"",""https://dzuwwfttnigeisicqyto.supabase.co/storage/v1/object/public/riadsimages/riad_dar_kawa/photo2jpg.jpg""]",,2026-01-24 19:57:47.661076+00
631935fc-b557-47c1-b9b7-b65109f5cff9,"{""en"":""Riad Dar Justo Hotel Boutique & Spa"",""es"":""Riad Dar Justo Hotel Boutique & Spa"",""fr"":""Riad Dar Justo Hotel Boutique & Spa""}","{""en"":""35, Derb Chofa Lakbir, Marrakesh 40008"",""es"":""35, Derb Chofa Lakbir, Marrakesh 40008"",""fr"":""35, Derb Chofa Lakbir, Marrakesh 40008""}",marrakech,mouassine,riad,"{""en"":""Riad Justo is a characterful riad in an authentic area of the medina. The riad is built around a patio designed for relaxation. Its atmosphere is intimate and authentic, ideal for discovering Marrakech while enjoying a calm and refined setting."",""es"":""Riad Justo est un Riad de caractère dans un quartier authentique de la médina. Le Riad s’organise autour d’un patio propice au repos. L’atmosphère se veut intime et authentique, idéale pour découvrir Marrakech tout en profitant d’un cadre reposant et soigné."",""fr"":""Riad Justo est un riad de caractère dans un quartier authentique de la médina. Le riad s’organise autour d’un patio propice au repos. L’atmosphère se veut intime et authentique, idéale pour découvrir Marrakech tout en profitant d’un cadre reposant et soigné.""}","[""elevator"",""video_surveillance_common_areas_and_outdoors""]","[""pets_allowed"",""on_site_activities"",""currency_exchange"",""parking_a_proximite""]","[""booking_without_a_credit_card""]","{""en"":"""",""es"":"""",""fr"":""""}",darjusto.com,+212661483046,info@darjusto.com,-7.989979,31.629317,4.60,959,"[""https://dzuwwfttnigeisicqyto.supabase.co/storage/v1/object/public/riadsimages/riad_dar_justo_hotel_boutique_&_Spa/690835435.jpg"",""https://dzuwwfttnigeisicqyto.supabase.co/storage/v1/object/public/riadsimages/riad_dar_justo_hotel_boutique_&_Spa/114455239.jpg"",""https://dzuwwfttnigeisicqyto.supabase.co/storage/v1/object/public/riadsimages/riad_dar_justo_hotel_boutique_&_Spa/241112499.jpg"",""https://dzuwwfttnigeisicqyto.supabase.co/storage/v1/object/public/riadsimages/riad_dar_justo_hotel_boutique_&_Spa/424913684.jpg"",""https://dzuwwfttnigeisicqyto.supabase.co/storage/v1/object/public/riadsimages/riad_dar_justo_hotel_boutique_&_Spa/219574307.jpg""]",,2026-01-24 19:57:47.661076+00
6388bbae-9ac1-4e52-8af3-266b58e3746a,"{""en"":""Riad Le Consulat"",""es"":""Riad Le Consulat"",""fr"":""Riad Le Consulat""}","{""en"":""74 Rue Touahen, Essaouira 44000"",""es"":""74 Rue Touahen, Essaouira 44000"",""fr"":""74 Rue Touahen, Essaouira 44000""}",essaouira,essaouira_medina,riad,"{""en"":""Riad Le Consulat is a characterful riad in the heart of Marrakech’s medina. The riad is built around a patio designed for relaxation. Its atmosphere is intimate and authentic, ideal for discovering Marrakech while enjoying a calm and refined setting."",""es"":""Riad Le Consulat est un Riad de caractère au cœur de la médina de Marrakech. Le Riad s’organise autour d’un patio propice au repos. L’atmosphère se veut intime et authentique, idéale pour découvrir Marrakech tout en profitant d’un cadre reposant et soigné."",""fr"":""Riad Le Consulat est un riad de caractère au cœur de la médina de Marrakech. Le riad s’organise autour d’un patio propice au repos. L’atmosphère se veut intime et authentique, idéale pour découvrir Marrakech tout en profitant d’un cadre reposant et soigné.""}","[""choice_of_double_or_single_beds"",""family_rooms_min_3_guests"",""baby_equipment_crib_high_chairs"",""wifi"",""on_site_restaurant_guest_table"",""rooftop"",""solarium"",""video_surveillance_common_areas_and_outdoors""]","[""breakfast_included"",""special_menus_gluten_free_vegan_etc"",""airport_shuttle"",""on_site_or_nearby_parking"",""cooking_class"",""babysitting"",""cleaning_service"",""non_smoking_rooms"",""luggage_storage""]",[],"{""en"":"""",""es"":"""",""fr"":""""}",https://www.riadleconsulatessaouira.com/,+33 6 77887676,leconsulatessaouira@gmail.com,-9.771999,31.514500,4.40,33,"[""https://dzuwwfttnigeisicqyto.supabase.co/storage/v1/object/public/riadsimages/riad_consulat/Image.jpeg"",""https://dzuwwfttnigeisicqyto.supabase.co/storage/v1/object/public/riadsimages/riad_consulat/E1528B92-5CD2-45D2-A030-CFCAC7B99584.jpeg"",""https://dzuwwfttnigeisicqyto.supabase.co/storage/v1/object/public/riadsimages/riad_consulat/Untitled_image-4.jpeg"",""https://dzuwwfttnigeisicqyto.supabase.co/storage/v1/object/public/riadsimages/riad_consulat/62429CA9-274B-4B81-AFCE-CE4E027A4A88.jpeg"",""https://dzuwwfttnigeisicqyto.supabase.co/storage/v1/object/public/riadsimages/riad_consulat/IMG_7827.jpeg""]",,2026-01-24 19:57:47.661076+00
64b6dfff-dc67-42cb-ad3a-82000536c8fe,"{""en"":""Riad Oasis Jena"",""es"":""Riad Oasis Jena"",""fr"":""Riad Oasis Jena""}","{""en"":""km 10 route de l'Ourika, Marrakech 40000"",""es"":""km 10 route de l'Ourika, Marrakech 40000"",""fr"":""km 10 route de l'Ourika, Marrakech 40000""}",marrakech,montagne,guesthouse,"{""en"":""Riad Oasis Jena is a characterful riad in an authentic area of the medina. The riad is built around a patio designed for relaxation. Its atmosphere is intimate and authentic, ideal for discovering Marrakech while enjoying a calm and refined setting."",""es"":""Riad Oasis Jena est un Riad de caractère dans un quartier authentique de la médina. Le Riad s’organise autour d’un patio propice au repos. L’atmosphère se veut intime et authentique, idéale pour découvrir Marrakech tout en profitant d’un cadre reposant et soigné."",""fr"":""Riad Oasis Jena est un riad de caractère dans un quartier authentique de la médina. Le riad s’organise autour d’un patio propice au repos. L’atmosphère se veut intime et authentique, idéale pour découvrir Marrakech tout en profitant d’un cadre reposant et soigné.""}",[],[],[],"{""en"":"""",""es"":"""",""fr"":""""}",oasisjenamarrakech.com,,,-7.937362,31.534023,5.00,522,"[""https://dzuwwfttnigeisicqyto.supabase.co/storage/v1/object/public/riadsimages/riad_Oasis_Jena/335497136.jpg"",""https://dzuwwfttnigeisicqyto.supabase.co/storage/v1/object/public/riadsimages/riad_Oasis_Jena/820399633.jpg"",""https://dzuwwfttnigeisicqyto.supabase.co/storage/v1/object/public/riadsimages/riad_Oasis_Jena/16399958.jpg"",""https://dzuwwfttnigeisicqyto.supabase.co/storage/v1/object/public/riadsimages/riad_Oasis_Jena/33063970.jpg"",""https://dzuwwfttnigeisicqyto.supabase.co/storage/v1/object/public/riadsimages/riad_Oasis_Jena/16390478.jpg""]",,2026-01-24 19:57:47.661076+00
650d2699-d828-4808-a8e4-09e4d927ec1e,"{""en"":""Riad La Brillante Marrakech"",""es"":""Riad La Brillante Marrakech"",""fr"":""Riad La Brillante Marrakech""}","{""en"":""6 Rue de la Bahia, Marrakech 40000"",""es"":""6 Rue de la Bahia, Marrakech 40000"",""fr"":""6 Rue de la Bahia, Marrakech 40000""}",marrakech,mellah,riad,"{""en"":""Riad La Brillante Marrakech is a characterful riad in the heart of Marrakech’s medina. The riad is built around a patio designed for relaxation. Its atmosphere is intimate and authentic, ideal for discovering Marrakech while enjoying a calm and refined setting."",""es"":""Riad La Brillante Marrakech est un Riad de caractère au cœur de la médina de Marrakech. Le Riad s’organise autour d’un patio propice au repos. L’atmosphère se veut intime et authentique, idéale pour découvrir Marrakech tout en profitant d’un cadre reposant et soigné."",""fr"":""Riad La Brillante Marrakech est un riad de caractère au cœur de la médina de Marrakech. Le riad s’organise autour d’un patio propice au repos. L’atmosphère se veut intime et authentique, idéale pour découvrir Marrakech tout en profitant d’un cadre reposant et soigné.""}",[],[],[],"{""en"":"""",""es"":"""",""fr"":""""}",https://h-labrillante.com,,,-7.984041,31.622388,4.90,383,"[""https://dzuwwfttnigeisicqyto.supabase.co/storage/v1/object/public/riadsimages/riad_la_brillante_marrakech/243542992.jpg"",""https://dzuwwfttnigeisicqyto.supabase.co/storage/v1/object/public/riadsimages/riad_la_brillante_marrakech/243543081.jpg"",""https://dzuwwfttnigeisicqyto.supabase.co/storage/v1/object/public/riadsimages/riad_la_brillante_marrakech/284986837.jpg"",""https://dzuwwfttnigeisicqyto.supabase.co/storage/v1/object/public/riadsimages/riad_la_brillante_marrakech/582621901.jpg"",""https://dzuwwfttnigeisicqyto.supabase.co/storage/v1/object/public/riadsimages/riad_la_brillante_marrakech/243543463.jpg""]",,2026-01-24 19:57:47.661076+00
697544eb-9d33-4486-9da1-dd4870500363,"{""en"":""Riad Dar El Assafir"",""es"":""Riad Dar El Assafir"",""fr"":""Riad Dar El Assafir""}","{""en"":""24 bis, Arset el Hamed, Marrakesh 40030"",""es"":""24 bis, Arset el Hamed, Marrakesh 40030"",""fr"":""24 bis, Arset el Hamed, Marrakesh 40030""}",marrakech,bab_doukkala,riad,"{""en"":""Riad Dar El Assafir is a characterful riad in an authentic area of the medina. The riad is built around a patio designed for relaxation. Its atmosphere is intimate and authentic, ideal for discovering Marrakech while enjoying a calm and refined setting."",""es"":""Riad Dar El Assafir est un Riad de caractère dans un quartier authentique de la médina. Le Riad s’organise autour d’un patio propice au repos. L’atmosphère se veut intime et authentique, idéale pour découvrir Marrakech tout en profitant d’un cadre reposant et soigné."",""fr"":""Riad Dar El Assafir est un riad de caractère dans un quartier authentique de la médina. Le riad s’organise autour d’un patio propice au repos. L’atmosphère se veut intime et authentique, idéale pour découvrir Marrakech tout en profitant d’un cadre reposant et soigné.""}","[""double_beds_only"",""choice_of_double_or_single_beds"",""family_rooms_min_3_guests"",""individual_air_conditioning"",""safe"",""wifi"",""pool"",""on_site_restaurant_guest_table"",""rooftop"",""garden"",""solarium"",""shared_lounge_tv_room"",""video_surveillance_common_areas_and_outdoors""]","[""breakfast_included"",""special_menus_gluten_free_vegan_etc"",""airport_shuttle"",""on_site_or_nearby_parking"",""24_hour_reception"",""excursions_desk"",""cleaning_service"",""ironing_service"",""non_smoking_rooms"",""currency_exchange"",""luggage_storage"",""business_services_meeting_reception_room""]","[""card_payment_terminal""]","{""en"":"""",""es"":"""",""fr"":""""}",riaddarelassafir.com,+212661812540,darelassafir@gmail.com,,,4.60,218,"[""https://dzuwwfttnigeisicqyto.supabase.co/storage/v1/object/public/riadsimages/Riad%20Dar%20El%20Assafir/62575859.jpg"",""https://dzuwwfttnigeisicqyto.supabase.co/storage/v1/object/public/riadsimages/Riad%20Dar%20El%20Assafir/11632722.jpg"",""https://dzuwwfttnigeisicqyto.supabase.co/storage/v1/object/public/riadsimages/Riad%20Dar%20El%20Assafir/11632947.jpg"",""https://dzuwwfttnigeisicqyto.supabase.co/storage/v1/object/public/riadsimages/Riad%20Dar%20El%20Assafir/11856527.jpg"",""https://dzuwwfttnigeisicqyto.supabase.co/storage/v1/object/public/riadsimages/Riad%20Dar%20El%20Assafir/62623213.jpg""]",,2026-01-24 19:57:47.661076+00
698bff65-9083-4849-95aa-686e15c3352b,"{""en"":""Riad Andalla"",""es"":""Riad Andalla"",""fr"":""Riad Andalla""}","{""en"":""15 Derb Zaari, Marrakech 40000"",""es"":""15 Derb Zaari, Marrakech 40000"",""fr"":""15 Derb Zaari, Marrakech 40000""}",marrakech,derb_dabachi,riad,"{""en"":""Riad Andalla is a characterful riad in the heart of Marrakech’s medina. The riad is built around a patio designed for relaxation. Its atmosphere is intimate and authentic, ideal for discovering Marrakech while enjoying a calm and refined setting."",""es"":""Riad Andalla est un Riad de caractère au cœur de la médina de Marrakech. Le Riad s’organise autour d’un patio propice au repos. L’atmosphère se veut intime et authentique, idéale pour découvrir Marrakech tout en profitant d’un cadre reposant et soigné."",""fr"":""Riad Andalla est un riad de caractère au cœur de la médina de Marrakech. Le riad s’organise autour d’un patio propice au repos. L’atmosphère se veut intime et authentique, idéale pour découvrir Marrakech tout en profitant d’un cadre reposant et soigné.""}","[""double_beds_only"",""single_beds_only"",""choice_of_double_or_single_beds"",""family_rooms_min_3_guests"",""individual_air_conditioning"",""baby_equipment_crib_high_chairs"",""safe"",""wifi"",""on_site_restaurant_guest_table"",""rooftop"",""first_aid_kit"",""video_surveillance_common_areas_and_outdoors""]","[""breakfast_included"",""airport_shuttle"",""on_site_or_nearby_parking"",""cooking_class"",""room_service"",""24_hour_reception"",""babysitting"",""excursions_desk"",""cleaning_service"",""ironing_service"",""non_smoking_rooms"",""currency_exchange"",""luggage_storage""]","[""free_cancellation_depending_on_rate_plan"",""card_payment_terminal""]","{""en"":"""",""es"":"""",""fr"":""""}",https://riadandalla.com,+212524445752,riadandalla@gmail.com,-7.987091,31.626034,4.90,2635,"[""https://dzuwwfttnigeisicqyto.supabase.co/storage/v1/object/public/riadsimages/riad_andalla/IMG_1115.png"",""https://dzuwwfttnigeisicqyto.supabase.co/storage/v1/object/public/riadsimages/riad_andalla/IMG_0770.png"",""https://dzuwwfttnigeisicqyto.supabase.co/storage/v1/object/public/riadsimages/riad_andalla/IMG_0766.png"",""https://dzuwwfttnigeisicqyto.supabase.co/storage/v1/object/public/riadsimages/riad_andalla/IMG_9353.png"",""https://dzuwwfttnigeisicqyto.supabase.co/storage/v1/object/public/riadsimages/riad_andalla/546EF025-9D2F-4DBC-83A4-BBBC9C78F7B5.jpeg""]",,2026-01-24 19:57:47.661076+00
6db9fe55-af32-4cd7-a987-19c5c0a5755c,"{""en"":""Riad Sapphire & Spa"",""es"":""Riad Sapphire & Spa"",""fr"":""Riad Sapphire & Spa""}","{""en"":""Kaa Akhlij 3, Sidi ben Slimane, Marrakesh 40046"",""es"":""Kaa Akhlij 3, Sidi ben Slimane, Marrakesh 40046"",""fr"":""Kaa Akhlij 3, Sidi ben Slimane, Marrakesh 40046""}",marrakech,sidi_ben_slimane,riad,"{""en"":""Riad Sapphire & Spa is a characterful riad in the heart of Marrakech’s medina. The experience is focused on wellness, with spaces dedicated to relaxation. Its atmosphere is intimate and authentic, ideal for discovering Marrakech while enjoying a calm and refined setting."",""es"":""Riad Sapphire & Spa est un Riad de caractère au cœur de la médina de Marrakech. L’expérience est résolument orientée bien-être, avec des espaces dédiés à la détente. L’atmosphère se veut intime et authentique, idéale pour découvrir Marrakech tout en profitant d’un cadre reposant et soigné."",""fr"":""Riad Sapphire & Spa est un riad de caractère au cœur de la médina de Marrakech. L’expérience est résolument orientée bien-être, avec des espaces dédiés à la détente. L’atmosphère se veut intime et authentique, idéale pour découvrir Marrakech tout en profitant d’un cadre reposant et soigné.""}",[],[],[],"{""en"":"""",""es"":"""",""fr"":""""}",riadsapphire.com,,,-7.992596,31.637302,4.70,518,"[""https://dzuwwfttnigeisicqyto.supabase.co/storage/v1/object/public/riadsimages/riad_sapphire_&_Spa/96037771.jpg"",""https://dzuwwfttnigeisicqyto.supabase.co/storage/v1/object/public/riadsimages/riad_sapphire_&_Spa/617352942.jpg"",""https://dzuwwfttnigeisicqyto.supabase.co/storage/v1/object/public/riadsimages/riad_sapphire_&_Spa/617360060.jpg"",""https://dzuwwfttnigeisicqyto.supabase.co/storage/v1/object/public/riadsimages/riad_sapphire_&_Spa/617363747.jpg"",""https://dzuwwfttnigeisicqyto.supabase.co/storage/v1/object/public/riadsimages/riad_sapphire_&_Spa/617362642.jpg""]",,2026-01-24 19:57:47.661076+00
6f9a9e10-0cc2-47e4-a11d-d23d24ded11d,"{""en"":""Riad Heklek"",""es"":""Riad Heklek"",""fr"":""Riad Heklek""}","{""en"":""N° 41, Kasbah Derb Bzou, Marrakech 40000"",""es"":""N° 41, Kasbah Derb Bzou, Marrakech 40000"",""fr"":""N° 41, Kasbah Derb Bzou, Marrakech 40000""}",marrakech,kasbah,riad,"{""en"":""Riad Heklek is a characterful riad located in the historic Kasbah area, known for its peaceful atmosphere. The riad is built around a patio designed for relaxation. Its atmosphere is intimate and authentic, ideal for discovering Marrakech while enjoying a calm and refined setting."",""es"":""Riad Heklek est un Riad de caractère situé dans le quartier historique de la Kasbah, réputé pour son calme. Le Riad s’organise autour d’un patio propice au repos. L’atmosphère se veut intime et authentique, idéale pour découvrir Marrakech tout en profitant d’un cadre reposant et soigné."",""fr"":""Au cœur de la Kasbah de Marrakech, le Riad Heklek vous accueille dans une maison d’hôtes chaleureuse, colorée et authentique, au coeur de la Médina et des principaux sites à découvrir. Nos voyageurs apprécient notre accueil attentionné, nos chambres confortables, nos petits déjeuners généreux et l’accompagnement personnalisé pour organiser visites, excursions et activités. Une adresse intimiste pour vivre Marrakech en toute sérénité, comme à la maison.""}","[""double_beds_only"",""single_beds_only"",""choice_of_double_or_single_beds"",""individual_air_conditioning"",""safe"",""wifi"",""on_site_restaurant_guest_table"",""first_aid_kit"",""shared_lounge_tv_room"",""video_surveillance_common_areas_and_outdoors"",""patio_fountain_shaded_relaxation_areas"",""traditional_moroccan_fountain""]","[""breakfast_included"",""special_menus_gluten_free_vegan_etc"",""airport_shuttle"",""on_site_or_nearby_parking"",""room_service"",""24_hour_reception"",""on_site_activities"",""excursions_desk"",""cleaning_service"",""ironing_service"",""non_smoking_rooms"",""currency_exchange"",""luggage_storage"",""business_services_meeting_reception_room"",""dinner"",""parking_a_proximite"",""wifi""]","[""booking_without_a_credit_card"",""no_prepayment"",""card_payment_terminal""]","{""en"":"""",""es"":"""",""fr"":""""}",https://riadheklekmarrakech.com/,+212610963463,riadheklekmarrakech@gmail.com,-7.988260,31.614481,4.90,361,"[""https://dzuwwfttnigeisicqyto.supabase.co/storage/v1/object/public/riadsimages/riad_heklek/HEKLEK.jpg"",""https://dzuwwfttnigeisicqyto.supabase.co/storage/v1/object/public/riadsimages/riad_heklek/BLEU.jpg"",""https://dzuwwfttnigeisicqyto.supabase.co/storage/v1/object/public/riadsimages/riad_heklek/HEKLEK_4.jpg"",""https://dzuwwfttnigeisicqyto.supabase.co/storage/v1/object/public/riadsimages/riad_heklek/HEKLEK_6.jpg"",""https://dzuwwfttnigeisicqyto.supabase.co/storage/v1/object/public/riadsimages/riad_heklek/MAUVE.jpg"",""https://base44.app/api/apps/69f10e36f5d3972acca5a916/files/mp/public/69f10e36f5d3972acca5a916/a02d30dcc_1000193536.jpg"",""https://base44.app/api/apps/69f10e36f5d3972acca5a916/files/mp/public/69f10e36f5d3972acca5a916/3d056e563_1000193056.png"",""https://base44.app/api/apps/69f10e36f5d3972acca5a916/files/mp/public/69f10e36f5d3972acca5a916/8eefee51d_1000165666.jpg"",""https://base44.app/api/apps/69f10e36f5d3972acca5a916/files/mp/public/69f10e36f5d3972acca5a916/dd0e1cb80_1000121010.jpg"",""https://base44.app/api/apps/69f10e36f5d3972acca5a916/files/mp/public/69f10e36f5d3972acca5a916/a276bd518_1000096340.jpg"",""https://base44.app/api/apps/69f10e36f5d3972acca5a916/files/mp/public/69f10e36f5d3972acca5a916/963c5f3b0_08a8f98f-3279-426b-b092-3519781df5a0-1_all_10413.jpg"",""https://base44.app/api/apps/69f10e36f5d3972acca5a916/files/mp/public/69f10e36f5d3972acca5a916/21247961a_1000000033.jpg"",""https://base44.app/api/apps/69f10e36f5d3972acca5a916/files/mp/public/69f10e36f5d3972acca5a916/72c0a614d_1000000039.jpg"",""https://base44.app/api/apps/69f10e36f5d3972acca5a916/files/mp/public/69f10e36f5d3972acca5a916/5e9608da8_08a8f98f-3279-426b-b092-3519781df5a0-1_all_8260.jpg"",""https://base44.app/api/apps/69f10e36f5d3972acca5a916/files/mp/public/69f10e36f5d3972acca5a916/634594504_1000000053.jpg"",""https://base44.app/api/apps/69f10e36f5d3972acca5a916/files/mp/public/69f10e36f5d3972acca5a916/db29510ca_08a8f98f-3279-426b-b092-3519781df5a0-1_all_8063.jpg""]",,2026-01-24 19:57:47.661076+00
7024f2f2-926f-45c1-9e90-799fa1bfe831,"{""en"":""Riad Dar Al Kounouz"",""es"":""Riad Dar Al Kounouz"",""fr"":""Riad Dar Al Kounouz""}","{""en"":""29 Derb El Hajra, Marrakesh 40000"",""es"":""29 Derb El Hajra, Marrakesh 40000"",""fr"":""29 Derb El Hajra, Marrakesh 40000""}",marrakech,dar_el_bacha,riad,"{""en"":""Riad Dar Al Kounouz is a characterful riad in an authentic area of the medina. The riad is built around a patio designed for relaxation. Its atmosphere is intimate and authentic, ideal for discovering Marrakech while enjoying a calm and refined setting."",""es"":""Riad Dar Al Kounouz est un Riad de caractère dans un quartier authentique de la médina. Le Riad s’organise autour d’un patio propice au repos. L’atmosphère se veut intime et authentique, idéale pour découvrir Marrakech tout en profitant d’un cadre reposant et soigné."",""fr"":""Riad Dar Al Kounouz est un riad de caractère dans un quartier authentique de la médina. Le riad s’organise autour d’un patio propice au repos. L’atmosphère se veut intime et authentique, idéale pour découvrir Marrakech tout en profitant d’un cadre reposant et soigné.""}","[""choice_of_double_or_single_beds"",""family_rooms_min_3_guests"",""individual_air_conditioning"",""baby_equipment_crib_high_chairs"",""safe"",""wifi"",""on_site_restaurant_guest_table"",""rooftop"",""solarium"",""first_aid_kit""]","[""breakfast_included"",""special_menus_gluten_free_vegan_etc"",""airport_shuttle"",""on_site_or_nearby_parking"",""24_hour_reception"",""cleaning_service"",""ironing_service"",""non_smoking_rooms"",""luggage_storage""]","[""card_payment_terminal""]","{""en"":"""",""es"":"""",""fr"":""""}",https://daralkounouz.morocco-ma.website,+212524390773,riadalkounouz@yahoo.fr,-7.990664,31.629827,4.80,383,"[""https://dzuwwfttnigeisicqyto.supabase.co/storage/v1/object/public/riadsimages/riad_dar_al_kounouz/20221118_215146.png"",""https://dzuwwfttnigeisicqyto.supabase.co/storage/v1/object/public/riadsimages/riad_dar_al_kounouz/20241031_152530.png"",""https://dzuwwfttnigeisicqyto.supabase.co/storage/v1/object/public/riadsimages/riad_dar_al_kounouz/20240920_165403.png"",""https://dzuwwfttnigeisicqyto.supabase.co/storage/v1/object/public/riadsimages/riad_dar_al_kounouz/20251129_145228.png"",""https://dzuwwfttnigeisicqyto.supabase.co/storage/v1/object/public/riadsimages/riad_dar_al_kounouz/20240920_165305.png""]",,2026-01-24 19:57:47.661076+00
710e09e7-d81f-4f6f-bac5-b497630ba234,"{""en"":""Riad Ambre Et Jasmin"",""es"":""Riad Ambre Et Jasmin"",""fr"":""Riad Ambre Et Jasmin""}","{""en"":""Bab Doukkala Derb Jdid, 194 Sabat Almoubarik, Marrakesh 40000"",""es"":""Bab Doukkala Derb Jdid, 194 Sabat Almoubarik, Marrakesh 40000"",""fr"":""Bab Doukkala Derb Jdid, 194 Sabat Almoubarik, Marrakesh 40000""}",marrakech,bab_doukkala,riad,"{""en"":""Riad Ambre Et Jasmin is a characterful riad in the Bab Doukkala area, valued for its residential feel. The riad is built around a patio designed for relaxation. Its atmosphere is intimate and authentic, ideal for discovering Marrakech while enjoying a calm and refined setting."",""es"":""Riad Ambre Et Jasmin est un Riad de caractère dans le quartier de Bab Doukkala, apprécié pour son ambiance résidentielle. Le Riad s’organise autour d’un patio propice au repos. L’atmosphère se veut intime et authentique, idéale pour découvrir Marrakech tout en profitant d’un cadre reposant et soigné."",""fr"":""Riad Ambre Et Jasmin est un riad de caractère dans le quartier de Bab Doukkala, apprécié pour son ambiance résidentielle. Le riad s’organise autour d’un patio propice au repos. L’atmosphère se veut intime et authentique, idéale pour découvrir Marrakech tout en profitant d’un cadre reposant et soigné.""}",[],[],[],"{""en"":"""",""es"":"""",""fr"":""""}",https://riadambreetjasmin.com/,+212 707733567,contact@riadambreetjasmin.com,-7.995738,31.634937,4.80,358,"[""https://dzuwwfttnigeisicqyto.supabase.co/storage/v1/object/public/riadsimages/riad_ambre_jasmin/624727748.jpg"",""https://dzuwwfttnigeisicqyto.supabase.co/storage/v1/object/public/riadsimages/riad_ambre_jasmin/617368521.jpg"",""https://dzuwwfttnigeisicqyto.supabase.co/storage/v1/object/public/riadsimages/riad_ambre_jasmin/262952380.jpg"",""https://dzuwwfttnigeisicqyto.supabase.co/storage/v1/object/public/riadsimages/riad_ambre_jasmin/534964939.jpg"",""https://dzuwwfttnigeisicqyto.supabase.co/storage/v1/object/public/riadsimages/riad_ambre_jasmin/618760027.jpg""]",,2026-01-24 19:57:47.661076+00
715247fa-5574-4067-8f9c-4a2045ba0748,"{""en"":""Riad Jona"",""es"":""Riad Jona"",""fr"":""Riad Jona""}","{""en"":""34 Rue Derb Jdid, Marrakech 40040"",""es"":""34 Rue Derb Jdid, Marrakech 40040"",""fr"":""34 Rue Derb Jdid, Marrakech 40040""}",marrakech,mellah,riad,"{""en"":""Riad Jona is a characterful riad in the heart of Marrakech’s medina. The riad is built around a patio designed for relaxation. Its atmosphere is intimate and authentic, ideal for discovering Marrakech while enjoying a calm and refined setting."",""es"":""Riad Jona est un Riad de caractère au cœur de la médina de Marrakech. Le Riad s’organise autour d’un patio propice au repos. L’atmosphère se veut intime et authentique, idéale pour découvrir Marrakech tout en profitant d’un cadre reposant et soigné."",""fr"":""Riad Jona est un riad de caractère au cœur de la médina de Marrakech. Le riad s’organise autour d’un patio propice au repos. L’atmosphère se veut intime et authentique, idéale pour découvrir Marrakech tout en profitant d’un cadre reposant et soigné.""}",[],[],[],"{""en"":"""",""es"":"""",""fr"":""""}",riadjona.com,,,-7.985646,31.621371,4.60,1243,"[""https://dzuwwfttnigeisicqyto.supabase.co/storage/v1/object/public/riadsimages/Riad_Jona/riad-jona1.jpg"",""https://dzuwwfttnigeisicqyto.supabase.co/storage/v1/object/public/riadsimages/Riad_Jona/riad-jona2.jpg"",""https://dzuwwfttnigeisicqyto.supabase.co/storage/v1/object/public/riadsimages/Riad_Jona/riad-jona3.jpg"",""https://dzuwwfttnigeisicqyto.supabase.co/storage/v1/object/public/riadsimages/Riad_Jona/riad-jona4.jpg"",""https://dzuwwfttnigeisicqyto.supabase.co/storage/v1/object/public/riadsimages/Riad_Jona/riad-jona5.jpg""]",,2026-01-24 19:57:47.661076+00
7152d69e-ab47-487c-8af7-7019a33ae35b,"{""en"":""Maison Sidi Et Lalla"",""es"":""Maison Sidi Et Lalla"",""fr"":""Maison Sidi Et Lalla""}","{""en"":""Douar El, Ghazoua 44000"",""es"":""Douar El, Ghazoua 44000"",""fr"":""Douar El, Ghazoua 44000""}",essaouira,essaouira_exterieurs,guesthouse,"{""en"":""Maison Sidi Et Lalla is a characterful riad in the heart of Marrakech’s medina. The riad is built around a patio designed for relaxation. Its atmosphere is intimate and authentic, ideal for discovering Marrakech while enjoying a calm and refined setting."",""es"":""Maison Sidi Et Lalla est un Riad de caractère au cœur de la médina de Marrakech. Le Riad s’organise autour d’un patio propice au repos. L’atmosphère se veut intime et authentique, idéale pour découvrir Marrakech tout en profitant d’un cadre reposant et soigné."",""fr"":""Maison Sidi et Lalla est une charmante maison d’hôtes située au village de Ghazoua, Essaouira. Alliant authenticité marocaine et confort moderne, elle propose quatre chambres lumineuses avec terrasses privées, une piscine chauffée et des espaces de détente raffinés. Idéale pour un séjour calme et ressourçant, la maison offre un accueil chaleureux, des petits-déjeuners faits maison et un cadre intime à quelques minutes du centre d’Essaouira.""}","[""double_beds_only"",""wifi"",""piscine_chauffee"",""on_site_restaurant_guest_table"",""garden"",""solarium"",""first_aid_kit"",""petanque_court"",""family_rooms_max_3_guests""]","[""breakfast_included"",""special_menus_gluten_free_vegan_etc"",""airport_shuttle"",""on_site_or_nearby_parking"",""non_smoking_rooms"",""24_hour_reception"",""dinner"",""excursions_desk"",""bookings_golf"",""piscine_chauffee"",""wifi""]","[""card_payment_terminal""]","{""en"":"""",""es"":"""",""fr"":""""}",https://www.maisonsidietlalla.com/,+632209716,maisonsidilalla@gmail.com,-9.743657,31.449993,5.00,58,"[""https://dzuwwfttnigeisicqyto.supabase.co/storage/v1/object/public/riadsimages/maison_sidi_lalla/19-Maison_Sidi___Lalla_-_Essaouira-114.jpg"",""https://dzuwwfttnigeisicqyto.supabase.co/storage/v1/object/public/riadsimages/maison_sidi_lalla/DSC_0015.JPG"",""https://dzuwwfttnigeisicqyto.supabase.co/storage/v1/object/public/riadsimages/maison_sidi_lalla/17-Maison_Sidi___Lalla_-_Essaouira-112.jpg"",""https://dzuwwfttnigeisicqyto.supabase.co/storage/v1/object/public/riadsimages/maison_sidi_lalla/31-Maison_Sidi___Lalla_-_Essaouira-128.jpg"",""https://dzuwwfttnigeisicqyto.supabase.co/storage/v1/object/public/riadsimages/maison_sidi_lalla/DSC_0018.JPG"",""https://base44.app/api/apps/69f10e36f5d3972acca5a916/files/mp/public/69f10e36f5d3972acca5a916/54ac93937_IMG-20260429-WA0001.jpg"",""https://base44.app/api/apps/69f10e36f5d3972acca5a916/files/mp/public/69f10e36f5d3972acca5a916/7e27243a4_IMG_20260216_125144.jpg"",""https://base44.app/api/apps/69f10e36f5d3972acca5a916/files/mp/public/69f10e36f5d3972acca5a916/b811b2435_IMG_20260216_125128.jpg"",""https://base44.app/api/apps/69f10e36f5d3972acca5a916/files/mp/public/69f10e36f5d3972acca5a916/7fee41797_IMG_20260216_125135.jpg"",""https://base44.app/api/apps/69f10e36f5d3972acca5a916/files/mp/public/69f10e36f5d3972acca5a916/036c7f7ae_IMG_20260216_125107.jpg"",""https://base44.app/api/apps/69f10e36f5d3972acca5a916/files/mp/public/69f10e36f5d3972acca5a916/1d4250bbb_IMG_20260216_125255.jpg"",""https://base44.app/api/apps/69f10e36f5d3972acca5a916/files/mp/public/69f10e36f5d3972acca5a916/c27ba00a5_IMG_20260216_130307.jpg"",""https://base44.app/api/apps/69f10e36f5d3972acca5a916/files/mp/public/69f10e36f5d3972acca5a916/5ecf06c26_IMG_20260315_133805.jpg"",""https://base44.app/api/apps/69f10e36f5d3972acca5a916/files/mp/public/69f10e36f5d3972acca5a916/d3d310c29_IMG_20260407_093807.jpg""]",,2026-01-24 19:57:47.661076+00
71d40063-9f87-4b6d-a2c9-35d10d100335,"{""en"":""Riad Dar Coram"",""es"":""Riad Dar Coram"",""fr"":""Riad Dar Coram""}","{""en"":""53 Derb El Halfaoui"",""es"":""53 Derb El Halfaoui"",""fr"":""53 Derb El Halfaoui""}",marrakech,kennaria,riad,"{""en"":""Riad Dar Coram is a characterful riad in an authentic area of the medina. The riad is built around a patio designed for relaxation. Its atmosphere is intimate and authentic, ideal for discovering Marrakech while enjoying a calm and refined setting."",""es"":""Riad Dar Coram est un Riad de caractère dans un quartier authentique de la médina. Le Riad s’organise autour d’un patio propice au repos. L’atmosphère se veut intime et authentique, idéale pour découvrir Marrakech tout en profitant d’un cadre reposant et soigné."",""fr"":""Riad Dar Coram est un riad de caractère dans un quartier authentique de la médina. Le riad s’organise autour d’un patio propice au repos. L’atmosphère se veut intime et authentique, idéale pour découvrir Marrakech tout en profitant d’un cadre reposant et soigné.""}",[],[],[],"{""en"":"""",""es"":"""",""fr"":""""}",X,,,-7.981158,31.630765,4.80,301,"[""https://dzuwwfttnigeisicqyto.supabase.co/storage/v1/object/public/riadsimages/riad_dar_coram/513368190.jpg"",""https://dzuwwfttnigeisicqyto.supabase.co/storage/v1/object/public/riadsimages/riad_dar_coram/513363387.jpg"",""https://dzuwwfttnigeisicqyto.supabase.co/storage/v1/object/public/riadsimages/riad_dar_coram/513367844.jpg"",""https://dzuwwfttnigeisicqyto.supabase.co/storage/v1/object/public/riadsimages/riad_dar_coram/592050604.jpg"",""https://dzuwwfttnigeisicqyto.supabase.co/storage/v1/object/public/riadsimages/riad_dar_coram/513367837.jpg""]",,2026-01-24 19:57:47.661076+00
71eb6675-dd05-43d2-abce-7e7fa8edcea0,"{""en"":""Riad Parfum D'Orient"",""es"":""Riad Parfum D'Orient"",""fr"":""Riad Parfum D'Orient""}","{""en"":""7 Derb Gnaoua, Marrakesh 40000"",""es"":""7 Derb Gnaoua, Marrakesh 40000"",""fr"":""7 Derb Gnaoua, Marrakesh 40000""}",marrakech,rahba_kedina,riad,"{""en"":""Riad Parfum d'Orient is located in the heart of Marrakech's medina, an 8-minute walk from Jamaâ el Fna Square and the Koutoubia Mosque. Featuring traditional Moroccan décor, it boasts a rooftop terrace with sun loungers overlooking the medina, offering stunning views of the Atlas Mountains and the Koutoubia Mosque. The air-conditioned rooms are traditionally decorated and include a wardrobe. Each room also has a private bathroom with a shower. A Moroccan breakfast is served daily at Riad Parfum d'Orient. Guests can watch television in the lounge. Dinner is available upon request. The owner can assist with arranging guided tours and excursions. Marrakech Menara Airport and the Majorelle Garden are a 20-minute drive away. Transfers are available upon request. Free Wi-Fi is available throughout the riad. The riad also features a plunge pool in the patio."",""es"":""El Riad Parfum d'Orient se encuentra en el corazón de la medina de Marrakech, a 8 minutos a pie de la plaza Jamaâ el Fna y de la Mezquita Koutoubia. Presenta una decoración tradicional marroquí y cuenta con una terraza en la azotea con tumbonas y vistas impresionantes a la medina, la cordillera del Atlas y la Mezquita Koutoubia. Las habitaciones, con aire acondicionado, presentan una decoración tradicional y armario. Todas las habitaciones disponen de baño privado con ducha. El Riad Parfum d'Orient sirve un desayuno marroquí a diario. Los huéspedes pueden ver la televisión en el salón. La cena está disponible bajo petición. El propietario puede ayudarle a organizar visitas guiadas y excursiones. El Aeropuerto de Marrakech-Menara y el Jardín Majorelle están a 20 minutos en coche. Se ofrecen traslados bajo petición. Hay wifi gratuito en todo el riad. El riad también cuenta con una piscina de inmersión en el patio"",""fr"":""Le Riad Parfum d'Orient est situé dans la médina de Marrakech à 8 minutes à pied de la place Jamaâ el Fna et de la mosquée de la Koutoubia. Présentant un décor traditionnel marocain, il dispose d'un toit terrasse avec transats donnant sur la Médina avec une vue splendide sur l'Atlas et la Koutoubia. Ses chambres climatisées sont décorées de façon traditionnelle et comportent une armoire. Elles comprennent également une salle de bains privative avec douche. Le Riad Parfum d'Orient prépare chaque matin un petit-déjeuner marocain. Vous pourrez regarder la télévision dans le salon. Vous aurez la possibilité de dîner à l'établissement sur demande. Le propriétaire se chargera de vous aider à organiser des visites guidées et des excursions. Vous rejoindrez l'aéroport de Marrakech Ménara et le jardin Majorelle en 20 minutes de route. Des transferts sont assurés sur demande.Une connexion Wi-Fi est disponible gratuitement dans tout le Riad. Le Riad dispose également d'un bassin dans le patio.""}","[""individual_air_conditioning"",""safe"",""wifi"",""pool"",""on_site_restaurant_guest_table"",""rooftop"",""shared_lounge_tv_room"",""video_surveillance_common_areas_and_outdoors""]","[""breakfast_included"",""special_menus_gluten_free_vegan_etc"",""airport_shuttle"",""24_hour_reception"",""excursions_desk"",""cleaning_service"",""non_smoking_rooms"",""luggage_storage"",""parking_a_proximite""]","[""free_cancellation_depending_on_rate_plan""]","{""en"":"""",""es"":"""",""fr"":""""}",https://www.riadparfumdorient.com/,+212524441709,riadparfumdorient@gmail.com,-7.983638,31.629285,4.90,140,"[""https://base44.app/api/apps/69f10e36f5d3972acca5a916/files/mp/public/69f10e36f5d3972acca5a916/c69437c2f_20231205_151821.jpg"",""https://base44.app/api/apps/69f10e36f5d3972acca5a916/files/mp/public/69f10e36f5d3972acca5a916/c437a7cbe_20231205_151921.jpg"",""https://base44.app/api/apps/69f10e36f5d3972acca5a916/files/mp/public/69f10e36f5d3972acca5a916/a22e8a001_20231205_152736.jpg"",""https://base44.app/api/apps/69f10e36f5d3972acca5a916/files/mp/public/69f10e36f5d3972acca5a916/a9b5abaab_20231205_153100.jpg"",""https://base44.app/api/apps/69f10e36f5d3972acca5a916/files/mp/public/69f10e36f5d3972acca5a916/408d25dc8_20231205_153334.jpg"",""https://base44.app/api/apps/69f10e36f5d3972acca5a916/files/mp/public/69f10e36f5d3972acca5a916/1432c037f_20231205_153802.jpg"",""https://base44.app/api/apps/69f10e36f5d3972acca5a916/files/mp/public/69f10e36f5d3972acca5a916/03e4bd922_20221105_163242.jpg"",""https://base44.app/api/apps/69f10e36f5d3972acca5a916/files/mp/public/69f10e36f5d3972acca5a916/1dfb87377_20221105_163303.jpg"",""https://base44.app/api/apps/69f10e36f5d3972acca5a916/files/mp/public/69f10e36f5d3972acca5a916/e76cd99b3_20221110_154557.jpg"",""https://base44.app/api/apps/69f10e36f5d3972acca5a916/files/mp/public/69f10e36f5d3972acca5a916/3bcce5628_20221110_154621.jpg"",""https://base44.app/api/apps/69f10e36f5d3972acca5a916/files/mp/public/69f10e36f5d3972acca5a916/13c4b81ae_20221110_154636.jpg"",""https://base44.app/api/apps/69f10e36f5d3972acca5a916/files/mp/public/69f10e36f5d3972acca5a916/652ef557a_20221110_155457.jpg"",""https://base44.app/api/apps/69f10e36f5d3972acca5a916/files/mp/public/69f10e36f5d3972acca5a916/8821928d0_20221110_155520.jpg"",""https://base44.app/api/apps/69f10e36f5d3972acca5a916/files/mp/public/69f10e36f5d3972acca5a916/bfbaac198_20221110_155630.jpg"",""https://base44.app/api/apps/69f10e36f5d3972acca5a916/files/mp/public/69f10e36f5d3972acca5a916/35bdc7fd7_20221110_155710.jpg"",""https://base44.app/api/apps/69f10e36f5d3972acca5a916/files/mp/public/69f10e36f5d3972acca5a916/192cf3de1_20221110_154915.jpg"",""https://base44.app/api/apps/69f10e36f5d3972acca5a916/files/mp/public/69f10e36f5d3972acca5a916/45acf9176_20221110_155000.jpg"",""https://base44.app/api/apps/69f10e36f5d3972acca5a916/files/mp/public/69f10e36f5d3972acca5a916/a73ab079e_20221110_155015.jpg"",""https://base44.app/api/apps/69f10e36f5d3972acca5a916/files/mp/public/69f10e36f5d3972acca5a916/a4d6258f7_20221110_154237.jpg"",""https://base44.app/api/apps/69f10e36f5d3972acca5a916/files/mp/public/69f10e36f5d3972acca5a916/aa4ec3822_20221110_154303.jpg"",""https://base44.app/api/apps/69f10e36f5d3972acca5a916/files/mp/public/69f10e36f5d3972acca5a916/b5aa07788_20221110_154355.jpg"",""https://base44.app/api/apps/69f10e36f5d3972acca5a916/files/mp/public/69f10e36f5d3972acca5a916/98948df2b_20231205_153351.jpg"",""https://base44.app/api/apps/69f10e36f5d3972acca5a916/files/mp/public/69f10e36f5d3972acca5a916/c92315926_20231205_150630.jpg"",""https://base44.app/api/apps/69f10e36f5d3972acca5a916/files/mp/public/69f10e36f5d3972acca5a916/c2461f6ff_20231205_150748.jpg"",""https://base44.app/api/apps/69f10e36f5d3972acca5a916/files/mp/public/69f10e36f5d3972acca5a916/038153e22_20231205_150852.jpg"",""https://base44.app/api/apps/69f10e36f5d3972acca5a916/files/mp/public/69f10e36f5d3972acca5a916/c774e71e4_20231205_152147.jpg"",""https://base44.app/api/apps/69f10e36f5d3972acca5a916/files/mp/public/69f10e36f5d3972acca5a916/83fc4ec62_20231205_154213.jpg"",""https://base44.app/api/apps/69f10e36f5d3972acca5a916/files/mp/public/69f10e36f5d3972acca5a916/634df0d9e_20221031_191952.jpg"",""https://base44.app/api/apps/69f10e36f5d3972acca5a916/files/mp/public/69f10e36f5d3972acca5a916/1e4d642a4_20221110_160012.jpg"",""https://base44.app/api/apps/69f10e36f5d3972acca5a916/files/mp/public/69f10e36f5d3972acca5a916/a30e08531_20221110_160256.jpg""]",,2026-01-24 19:57:47.661076+00
7477f7b6-2a38-463b-acb5-0121b690e8e7,"{""en"":""Riad Kasbah 117"",""es"":""Riad Kasbah 117"",""fr"":""Riad Kasbah 117""}","{""en"":""117 Derb Kebala, Kasbah, Medina, Marrakech 40000"",""es"":""117 Derb Kebala, Kasbah, Medina, Marrakech 40000"",""fr"":""117 Derb Kebala, Kasbah, Medina, Marrakech 40000""}",marrakech,kasbah,riad,"{""en"":""Riad Kasbah 117 is a characterful riad set in the heart of the Kasbah, close to major landmarks. The riad is built around a patio designed for relaxation. Its atmosphere is intimate and authentic, ideal for discovering Marrakech while enjoying a calm and refined setting."",""es"":""Riad Kasbah 117 est un Riad de caractère implanté au cœur de la Kasbah, à proximité des sites emblématiques. Le Riad s’organise autour d’un patio propice au repos. L’atmosphère se veut intime et authentique, idéale pour découvrir Marrakech tout en profitant d’un cadre reposant et soigné."",""fr"":""Riad Kasbah 117 est un riad de caractère implanté au cœur de la Kasbah, à proximité des sites emblématiques. Le riad s’organise autour d’un patio propice au repos. L’atmosphère se veut intime et authentique, idéale pour découvrir Marrakech tout en profitant d’un cadre reposant et soigné.""}",[],[],[],"{""en"":"""",""es"":"""",""fr"":""""}",X,,,-7.989055,31.613732,4.60,226,"[""https://dzuwwfttnigeisicqyto.supabase.co/storage/v1/object/public/riadsimages/riad_kasbah_117/672545808.jpg"",""https://dzuwwfttnigeisicqyto.supabase.co/storage/v1/object/public/riadsimages/riad_kasbah_117/56368599.jpg"",""https://dzuwwfttnigeisicqyto.supabase.co/storage/v1/object/public/riadsimages/riad_kasbah_117/651135921.jpg"",""https://dzuwwfttnigeisicqyto.supabase.co/storage/v1/object/public/riadsimages/riad_kasbah_117/56363681.jpg"",""https://dzuwwfttnigeisicqyto.supabase.co/storage/v1/object/public/riadsimages/riad_kasbah_117/651135562.jpg""]",,2026-01-24 19:57:47.661076+00
74aaf2dc-43b8-4902-ac7f-8dcca935dbd8,"{""en"":""Riad Dar Augusta"",""es"":""Riad Dar Augusta"",""fr"":""Riad Dar Augusta""}","{""en"":""119 derb, D.Lamnabha, Marrakech 40000"",""es"":""119 derb, D.Lamnabha, Marrakech 40000"",""fr"":""119 derb, D.Lamnabha, Marrakech 40000""}",marrakech,kasbah,riad,"{""en"":""A story of passion and encounter. Riad Dar Augusta is above all a beautiful human adventure, born from the meeting of Bouchra, originally from Taroudant and passionate about cooking, and Jérôme, a golf tourism expert with over 20 years of experience. Together, they have created a place where Moroccan hospitality blends with personalized, high-end service. Bouchra showcases the authentic flavors of Morocco through generous and flavorful cuisine, inspired by traditional recipes and prepared with fresh, local ingredients. For his part, Jérôme brings his expertise to offer tailor-made experiences, whether excursions, prestigious golf courses, or moments of relaxation within the riad."",""es"":""Una historia de pasión y encuentro. Riad Dar Augusta es, ante todo, una hermosa aventura humana, fruto del encuentro entre Bouchra, originaria de Taroudant y apasionada de la cocina, y Jérôme, experto en turismo de golf con más de 20 años de experiencia. Juntos, han creado un lugar donde la hospitalidad marroquí se fusiona con un servicio personalizado de alta gama. Bouchra muestra los auténticos sabores de Marruecos a través de una cocina generosa y sabrosa, inspirada en recetas tradicionales y elaborada con ingredientes frescos y locales. Por su parte, Jérôme aporta su experiencia para ofrecer experiencias a medida, ya sean excursiones, prestigiosos campos de golf o momentos de relax en el riad."",""fr"":""Une histoire de passion et de rencontre. Riad Dar Augusta est avant tout une belle aventure humaine, née de la rencontre entre Bouchra, originaire de Taroudant et passionnée de cuisine, et Jérôme, expert en tourisme golfique avec plus de 20 ans d'expérience. Ensemble, ils ont façonné un lieu où l'hospitalité marocaine se mêle à un service personnalisé et haut de gamme. Bouchra met à l’honneur les saveurs authentiques du Maroc à travers une cuisine généreuse et savoureuse, inspirée des recettes traditionnelles et préparée avec des produits frais et locaux. De son côté, Jérôme apporte son expertise pour offrir des expériences sur mesure, que ce soit des excursions, des parcours de golf prestigieux ou des moments de détente au sein du riad.""}","[""choice_of_double_or_single_beds"",""individual_air_conditioning"",""baby_equipment_crib_high_chairs"",""safe"",""wifi"",""in_room_tv"",""pool"",""spa_hammam"",""on_site_restaurant_guest_table"",""rooftop"",""solarium"",""first_aid_kit"",""shared_lounge_tv_room"",""video_surveillance_common_areas_and_outdoors""]","[""breakfast_included"",""airport_shuttle"",""24_hour_reception"",""excursions_desk"",""non_smoking_rooms"",""luggage_storage"",""bookings_golf""]","[""free_cancellation_depending_on_rate_plan"",""booking_without_a_credit_card"",""no_prepayment"",""card_payment_terminal""]","{""en"":"""",""es"":"""",""fr"":""""}",https://riad-dar-augusta.com/,+212626374241,jerome@riad-dar-augusta.com,-7.987706,31.614365,5.00,117,"[""https://dzuwwfttnigeisicqyto.supabase.co/storage/v1/object/public/riadsimages/riad_dar_augusta/1000143988.jpg"",""https://dzuwwfttnigeisicqyto.supabase.co/storage/v1/object/public/riadsimages/riad_dar_augusta/1000143869.jpg"",""https://dzuwwfttnigeisicqyto.supabase.co/storage/v1/object/public/riadsimages/riad_dar_augusta/1000143966.jpg"",""https://dzuwwfttnigeisicqyto.supabase.co/storage/v1/object/public/riadsimages/riad_dar_augusta/1000143829.jpg"",""https://dzuwwfttnigeisicqyto.supabase.co/storage/v1/object/public/riadsimages/riad_dar_augusta/1000143967.jpg"",""https://base44.app/api/apps/69f10e36f5d3972acca5a916/files/mp/public/69f10e36f5d3972acca5a916/89e73c25c_1000162652.jpg"",""https://base44.app/api/apps/69f10e36f5d3972acca5a916/files/mp/public/69f10e36f5d3972acca5a916/7beeff5d3_1000161482.jpg"",""https://base44.app/api/apps/69f10e36f5d3972acca5a916/files/mp/public/69f10e36f5d3972acca5a916/bb0285c96_1000155360.jpg"",""https://base44.app/api/apps/69f10e36f5d3972acca5a916/files/mp/public/69f10e36f5d3972acca5a916/12e0e8749_1000154184.jpg"",""https://base44.app/api/apps/69f10e36f5d3972acca5a916/files/mp/public/69f10e36f5d3972acca5a916/26239eb72_1000171163.jpg"",""https://base44.app/api/apps/69f10e36f5d3972acca5a916/files/mp/public/69f10e36f5d3972acca5a916/b2961577d_1000143822.jpg"",""https://base44.app/api/apps/69f10e36f5d3972acca5a916/files/mp/public/69f10e36f5d3972acca5a916/8694251fb_1000143850.jpg"",""https://base44.app/api/apps/69f10e36f5d3972acca5a916/files/mp/public/69f10e36f5d3972acca5a916/6c5cabe1c_1000143853.jpg"",""https://base44.app/api/apps/69f10e36f5d3972acca5a916/files/mp/public/69f10e36f5d3972acca5a916/46effadf4_1000143856.jpg"",""https://base44.app/api/apps/69f10e36f5d3972acca5a916/files/mp/public/69f10e36f5d3972acca5a916/ed4bead95_1000143962.jpg"",""https://base44.app/api/apps/69f10e36f5d3972acca5a916/files/mp/public/69f10e36f5d3972acca5a916/0802e0e7d_1000143970.jpg"",""https://base44.app/api/apps/69f10e36f5d3972acca5a916/files/mp/public/69f10e36f5d3972acca5a916/4efaab0ac_1000143972.jpg"",""https://base44.app/api/apps/69f10e36f5d3972acca5a916/files/mp/public/69f10e36f5d3972acca5a916/c5b9ac764_1000143976.jpg"",""https://base44.app/api/apps/69f10e36f5d3972acca5a916/files/mp/public/69f10e36f5d3972acca5a916/ed0abfe80_1000143978.jpg""]",,2026-01-24 19:57:47.661076+00
75bc7a87-c4d2-44f8-89d2-224e4721f860,"{""en"":""Le Petit Hotel Du Flouka"",""es"":""Le Petit Hotel Du Flouka"",""fr"":""Le Petit Hotel Du Flouka""}","{""en"":""Barrage Lalla Takerkoust, 40000"",""es"":""Barrage Lalla Takerkoust, 40000"",""fr"":""Barrage Lalla Takerkoust, 40000""}",marrakech,montagne,guesthouse,"{""en"":""Le Petit Hotel Du Flouka is a characterful riad in an authentic area of the medina. The riad is built around a patio designed for relaxation. Its atmosphere is intimate and authentic, ideal for discovering Marrakech while enjoying a calm and refined setting."",""es"":""Le Petit Hotel Du Flouka est un Riad de caractère dans un quartier authentique de la médina. Le Riad s’organise autour d’un patio propice au repos. L’atmosphère se veut intime et authentique, idéale pour découvrir Marrakech tout en profitant d’un cadre reposant et soigné."",""fr"":""Le Petit Hotel Du Flouka est un riad de caractère dans un quartier authentique de la médina. Le riad s’organise autour d’un patio propice au repos. L’atmosphère se veut intime et authentique, idéale pour découvrir Marrakech tout en profitant d’un cadre reposant et soigné.""}","[""choice_of_double_or_single_beds"",""family_rooms_min_3_guests"",""individual_air_conditioning"",""wifi"",""in_room_tv"",""pool"",""piscine_chauffee"",""on_site_restaurant_guest_table"",""bar"",""garden"",""video_surveillance_common_areas_and_outdoors""]","[""breakfast_included"",""special_menus_gluten_free_vegan_etc"",""airport_shuttle"",""on_site_or_nearby_parking"",""pets_allowed"",""on_site_activities"",""non_smoking_rooms"",""luggage_storage""]","[""free_cancellation_depending_on_rate_plan"",""card_payment_terminal""]","{""en"":"""",""es"":"""",""fr"":""""}",https://leflouka-marrakech.com,+212664492660,leflouka@gmail.com,-8.147735,31.341324,4.40,889,"[""https://dzuwwfttnigeisicqyto.supabase.co/storage/v1/object/public/riadsimages/Le_petit_hotel_flouka/Flouka_IMG_5182.jpg"",""https://dzuwwfttnigeisicqyto.supabase.co/storage/v1/object/public/riadsimages/Le_petit_hotel_flouka/Flouk_IMG_5566.jpg"",""https://dzuwwfttnigeisicqyto.supabase.co/storage/v1/object/public/riadsimages/Le_petit_hotel_flouka/Flouka_IMG_5266.jpg"",""https://dzuwwfttnigeisicqyto.supabase.co/storage/v1/object/public/riadsimages/Le_petit_hotel_flouka/Chambre_8.jpg"",""https://dzuwwfttnigeisicqyto.supabase.co/storage/v1/object/public/riadsimages/Le_petit_hotel_flouka/_Ch_1_IMG_5773.jpg""]",,2026-01-24 19:57:47.661076+00
781acfbc-2123-4683-954e-ae72d12eb98f,"{""en"":""Riad Dar Bayane"",""es"":""Riad Dar Bayane"",""fr"":""Riad Dar Bayane""}","{""en"":""39 Derb Boulfdail, Marrakech 40000"",""es"":""39 Derb Boulfdail, Marrakech 40000"",""fr"":""39 Derb Boulfdail, Marrakech 40000""}",marrakech,kennaria,guesthouse,"{""en"":""Riad Dar  Bayane is a characterful riad in an authentic area of the medina. The riad is built around a patio designed for relaxation. Its atmosphere is intimate and authentic, ideal for discovering Marrakech while enjoying a calm and refined setting."",""es"":""Riad Dar  Bayane est un Riad de caractère dans un quartier authentique de la médina. Le Riad s’organise autour d’un patio propice au repos. L’atmosphère se veut intime et authentique, idéale pour découvrir Marrakech tout en profitant d’un cadre reposant et soigné."",""fr"":""Riad Dar  Bayane est un riad de caractère dans un quartier authentique de la médina. Le riad s’organise autour d’un patio propice au repos. L’atmosphère se veut intime et authentique, idéale pour découvrir Marrakech tout en profitant d’un cadre reposant et soigné.""}",[],[],[],"{""en"":"""",""es"":"""",""fr"":""""}",riaddarbayane.com,,,-7.986203,31.625030,4.80,136,"[""https://dzuwwfttnigeisicqyto.supabase.co/storage/v1/object/public/riadsimages/riad_dar_bayane/618799931.jpg"",""https://dzuwwfttnigeisicqyto.supabase.co/storage/v1/object/public/riadsimages/riad_dar_bayane/550650974.jpg"",""https://dzuwwfttnigeisicqyto.supabase.co/storage/v1/object/public/riadsimages/riad_dar_bayane/618799948.jpg"",""https://dzuwwfttnigeisicqyto.supabase.co/storage/v1/object/public/riadsimages/riad_dar_bayane/618800020.jpg"",""https://dzuwwfttnigeisicqyto.supabase.co/storage/v1/object/public/riadsimages/riad_dar_bayane/618800207.jpg""]",,2026-01-24 19:57:47.661076+00
798f8e4b-9f68-4233-b3df-17e2c4fdfac8,"{""en"":""Riad Le J"",""es"":""Riad Le J"",""fr"":""Riad Le J""}","{""en"":""67 derb el Hammam, Marrakech 40000"",""es"":""67 derb el Hammam, Marrakech 40000"",""fr"":""67 derb el hammam, Marrakech 40000""}",marrakech,mouassine,riad,"{""en"":""Riad Le J is a characterful riad in an authentic area of the medina. The riad is built around a patio designed for relaxation. Its atmosphere is intimate and authentic, ideal for discovering Marrakech while enjoying a calm and refined setting."",""es"":""Riad Le J est un Riad de caractère dans un quartier authentique de la médina. Le Riad s’organise autour d’un patio propice au repos. L’atmosphère se veut intime et authentique, idéale pour découvrir Marrakech tout en profitant d’un cadre reposant et soigné."",""fr"":""Riad Le J est un riad de caractère dans un quartier authentique de la médina. Le riad s’organise autour d’un patio propice au repos. L’atmosphère se veut intime et authentique, idéale pour découvrir Marrakech tout en profitant d’un cadre reposant et soigné.""}",[],[],[],"{""en"":"""",""es"":"""",""fr"":""""}",riadlej.com,,,-7.987976,31.629245,4.70,317,"[""https://dzuwwfttnigeisicqyto.supabase.co/storage/v1/object/public/riadsimages/riad_Le_J/285425037.jpg"",""https://dzuwwfttnigeisicqyto.supabase.co/storage/v1/object/public/riadsimages/riad_Le_J/285452327.jpg"",""https://dzuwwfttnigeisicqyto.supabase.co/storage/v1/object/public/riadsimages/riad_Le_J/285665175.jpg"",""https://dzuwwfttnigeisicqyto.supabase.co/storage/v1/object/public/riadsimages/riad_Le_J/285662483.jpg"",""https://dzuwwfttnigeisicqyto.supabase.co/storage/v1/object/public/riadsimages/riad_Le_J/120496560.jpg""]",,2026-01-24 19:57:47.661076+00
7b273aa8-1ac1-4191-88dd-399bae9c68fc,"{""en"":""Villa Alwan Baraka"",""es"":""Villa Alwan Baraka"",""fr"":""Villa Alwan Baraka""}","{""en"":""Douar El, Piste KM8 ESSAOUIRA, Ghazoua 44000"",""es"":""Douar El, Piste KM8 ESSAOUIRA, Ghazoua 44000"",""fr"":""Douar El, Piste KM8 ESSAOUIRA, Ghazoua 44000""}",essaouira,essaouira_exterieurs,guesthouse,"{""en"":""Entire villa with no overlooking neighbors - Hammam - Wifi – Swimming Pool\n\nFully privatized for 2 to 8 people, VILLA ALWAN BARAKA combines traditional \""Beldi\"" charm with all modern comforts. Here you will feel at home, with complete privacy, on the edge of an argan tree forest. House staff are present every morning. Garden and pool maintenance, housekeeping and breakfast preparation are provided (with your groceries) and, as an option, you can have your meals prepared.\n\nHEATED SWIMMING POOL / Fiber optic Wifi / Ideal location: 8 km from Essaouira, 12 km from the airport, 4 km from Mogador Golf. Here the climate is milder than in Essaouira itself (less wind and a few degrees warmer all year round).\n\nYou can enjoy our large hammam for PRIVATE TREATMENTS (traditional scrubs and massages) solo or as a couple.\n\nQuiet while being just a few minutes from all shops (supermarket, butcher, bakery, pharmacy, ATM...). All leisure activities within 10/15 minutes: Medina, Beach, Ranch, Golf, Quad, Surf, Kite, Camels, many restaurants, art galleries, shops...\n\nAvailability and reservations on our website."",""es"":""Villa completa sin vecinos cercanos - Hammam - Wifi – Piscina\n\nTotalmente privatizada para 2 a 8 personas, VILLA ALWAN BARAKA combina el encanto tradicional \""Beldi\"" con todo el confort moderno. Aquí se sentirá como en casa, con total privacidad, al borde de un bosque de argán. Personal de la casa presente cada mañana. El mantenimiento del jardín y de la piscina, la limpieza y la preparación del desayuno están incluidos (con sus compras) y, como opción, puede solicitar la preparación de sus comidas.\n\nPISCINA CLIMATIZADA / Wifi de fibra óptica / Ubicación ideal: a 8 km de Essaouira, 12 km del aeropuerto, a 4 km del Golf de Mogador. Aquí el clima es más suave que en la propia Essaouira (menos viento y algunos grados más durante todo el año).\n\nPodrá disfrutar de nuestro gran hammam para TRATAMIENTOS PRIVADOS (exfoliación y masajes tradicionales) solo o en pareja.\n\nTranquilo y al mismo tiempo a pocos minutos de todos los comercios (supermercado, carnicería, panadería, farmacia, cajero automático...). Todas las actividades de ocio a 10/15 minutos: Medina, Playa, Rancho, Golf, Quad, Surf, Kite, Dromedarios, numerosos restaurantes, galerías de arte, tiendas...\n\nDisponibilidad y reservas en nuestro sitio web."",""fr"":""Villa entière sans vis-à-vis - Hammam - Wifi – Piscine \n\n Totalement privatisée pour 2 à 8 personnes, VILLA ALWAN BARAKA allie le charme traditionnel \""Beldi\"" et tout le confort moderne. Ici, vous serez chez vous, sans aucun vis à vis, en bordure de forêt d'arganiers. Personnel de maison quotidien le matin. Entretien jardin-piscine, ménage et préparation du petit déjeuner sont assurés (avec vos courses) et, en option, vous pourrez faire cuisiner vos repas.\n\nPISCINE CHAUFFEE / Wifi Fibre optique / Situation idéale : à 8 km d'Essaouira, 12 km de l'aéroport, à 4 Km du Golf de Mogador. Ici on bénéficie d'un climat plus doux qu'à Essaouira même (Moins de vent et quelques degrés en plus toute l'année).\n\nVous pourrez profiter de notre grand hammam pour des SOINS PRIVES (gommage et massages traditionnels) en solo ou en couple.\n\nAu calme tout en étant à quelques minutes de tous les commerces (Supermarché, boucherie, boulangerie, pharmacie, distributeur de billets...). Tous loisirs à 10/15 minutes : Medina, Plage, Ranch, Golf, Quad, Surf, Kite, Dromadaires, nombreux restaurants, galeries d'art, boutiques...\n\nDisponibilités et réservations sur notre site web.""}","[""choice_of_double_or_single_beds"",""individual_air_conditioning"",""baby_equipment_crib_high_chairs"",""wifi"",""pool"",""piscine_chauffee"",""spa_hammam"",""garden"",""shared_lounge_tv_room"",""video_surveillance_common_areas_and_outdoors""]","[""on_site_or_nearby_parking"",""babysitting"",""non_smoking_rooms"",""private_hammam_scrubs_massages"",""piscine_chauffee""]",[],"{""en"":"""",""es"":"""",""fr"":""""}",https://villaalwanbaraka.com,+3333607049284,olivier@mogadorvideoevents.com,-9.744574,31.443465,5.00,6,"[""https://dzuwwfttnigeisicqyto.supabase.co/storage/v1/object/public/riadsimages/villa_alwan_baraka/494110290.jpg"",""https://dzuwwfttnigeisicqyto.supabase.co/storage/v1/object/public/riadsimages/villa_alwan_baraka/535510106.jpg"",""https://dzuwwfttnigeisicqyto.supabase.co/storage/v1/object/public/riadsimages/villa_alwan_baraka/479771058.jpg"",""https://dzuwwfttnigeisicqyto.supabase.co/storage/v1/object/public/riadsimages/villa_alwan_baraka/479771116.jpg"",""https://dzuwwfttnigeisicqyto.supabase.co/storage/v1/object/public/riadsimages/villa_alwan_baraka/479771049.jpg""]",,2026-01-24 19:57:47.661076+00
7b97eb3a-0605-4d47-9fc0-c2e01c99d849,"{""en"":""Riad Les Trois Mages"",""es"":""Riad Les Trois Mages"",""fr"":""Riad Les Trois Mages""}","{""en"":""11 Derb Jamaâ، Rue Elgza, Marrakesh 40000"",""es"":""11 Derb Jamaâ، Rue Elgza, Marrakesh 40000"",""fr"":""11 Derb Jamaâ، Rue Elgza, Marrakesh 40000""}",marrakech,riad_laarous,riad,"{""en"":""Riad Les Trois Mages is a characterful riad in the heart of Marrakech’s medina. The riad is built around a patio designed for relaxation. Its atmosphere is intimate and authentic, ideal for discovering Marrakech while enjoying a calm and refined setting."",""es"":""Riad Les Trois Mages est un Riad de caractère au cœur de la médina de Marrakech. Le Riad s’organise autour d’un patio propice au repos. L’atmosphère se veut intime et authentique, idéale pour découvrir Marrakech tout en profitant d’un cadre reposant et soigné."",""fr"":""Riad Les Trois Mages est un riad de caractère au cœur de la médina de Marrakech. Le riad s’organise autour d’un patio propice au repos. L’atmosphère se veut intime et authentique, idéale pour découvrir Marrakech tout en profitant d’un cadre reposant et soigné.""}","[""double_beds_only"",""single_beds_only"",""choice_of_double_or_single_beds"",""individual_air_conditioning"",""safe"",""wifi"",""pool"",""on_site_restaurant_guest_table"",""rooftop"",""first_aid_kit"",""video_surveillance_common_areas_and_outdoors""]","[""breakfast_included"",""airport_shuttle"",""room_service"",""24_hour_reception"",""cleaning_service"",""ironing_service"",""non_smoking_rooms""]","[""free_cancellation_depending_on_rate_plan"",""booking_without_a_credit_card"",""no_prepayment""]","{""en"":"""",""es"":"""",""fr"":""""}",X,+212661646097,aziz.elfaker@gmail.com,-7.993419,31.635240,4.90,1000,"[""https://dzuwwfttnigeisicqyto.supabase.co/storage/v1/object/public/riadsimages/riad_Les_Trois_Mages/588086090.jpg"",""https://dzuwwfttnigeisicqyto.supabase.co/storage/v1/object/public/riadsimages/riad_Les_Trois_Mages/588734369.jpg"",""https://dzuwwfttnigeisicqyto.supabase.co/storage/v1/object/public/riadsimages/riad_Les_Trois_Mages/587581582.jpg"",""https://dzuwwfttnigeisicqyto.supabase.co/storage/v1/object/public/riadsimages/riad_Les_Trois_Mages/698107950.jpg"",""https://dzuwwfttnigeisicqyto.supabase.co/storage/v1/object/public/riadsimages/riad_Les_Trois_Mages/595025756.jpg""]",,2026-01-24 19:57:47.661076+00
7e1c2e15-a86f-4052-836d-b9201d86cba9,"{""en"":""Riad Andalla Spa"",""es"":""Riad Andalla Spa"",""fr"":""Riad Andalla Spa""}","{""en"":""Arset Laghzail, Rue Tihzrit, Marrakesh 40000"",""es"":""Arset Laghzail, Rue Tihzrit, Marrakesh 40000"",""fr"":""Arset Laghzail, Rue Tihzrit, Marrakesh 40000""}",marrakech,derb_dabachi,riad,"{""en"":""Riad Andalla Spa is a characterful riad in an authentic area of the medina. The experience is focused on wellness, with spaces dedicated to relaxation. Its atmosphere is intimate and authentic, ideal for discovering Marrakech while enjoying a calm and refined setting."",""es"":""Riad Andalla Spa est un Riad de caractère dans un quartier authentique de la médina. L’expérience est résolument orientée bien-être, avec des espaces dédiés à la détente. L’atmosphère se veut intime et authentique, idéale pour découvrir Marrakech tout en profitant d’un cadre reposant et soigné."",""fr"":""Riad Andalla Spa est un riad de caractère dans un quartier authentique de la médina. L’expérience est résolument orientée bien-être, avec des espaces dédiés à la détente. L’atmosphère se veut intime et authentique, idéale pour découvrir Marrakech tout en profitant d’un cadre reposant et soigné.""}",[],[],[],"{""en"":"""",""es"":"""",""fr"":""""}",https://riad-andallaspa.com,+212 657 70 10 52,contact@riad-andallaspa.com,-7.982067,31.627338,5.00,1763,"[""https://dzuwwfttnigeisicqyto.supabase.co/storage/v1/object/public/riadsimages/riad_andallaspa/90831830.jpg"",""https://dzuwwfttnigeisicqyto.supabase.co/storage/v1/object/public/riadsimages/riad_andallaspa/643282081.jpg"",""https://dzuwwfttnigeisicqyto.supabase.co/storage/v1/object/public/riadsimages/riad_andallaspa/250657225.jpg"",""https://dzuwwfttnigeisicqyto.supabase.co/storage/v1/object/public/riadsimages/riad_andallaspa/90623688.jpg"",""https://dzuwwfttnigeisicqyto.supabase.co/storage/v1/object/public/riadsimages/riad_andallaspa/90836394.jpg""]",,2026-01-24 19:57:47.661076+00
7fced379-b600-4c51-ae4d-5c5b74f76194,"{""en"":""Riad Kafila"",""es"":""Riad Kafila"",""fr"":""Riad Kafila""}","{""en"":""4bis Rue Yemen, Essaouira 44000"",""es"":""4bis Rue Yemen, Essaouira 44000"",""fr"":""4bis Rue Yemen, Essaouira 44000""}",essaouira,essaouira_medina,riad,"{""en"":""Riad Kafila is a characterful riad in the heart of Marrakech’s medina. The riad is built around a patio designed for relaxation. Its atmosphere is intimate and authentic, ideal for discovering Marrakech while enjoying a calm and refined setting."",""es"":""Riad Kafila est un Riad de caractère au cœur de la médina de Marrakech. Le Riad s’organise autour d’un patio propice au repos. L’atmosphère se veut intime et authentique, idéale pour découvrir Marrakech tout en profitant d’un cadre reposant et soigné."",""fr"":""Riad Kafila est un riad de caractère au cœur de la médina de Marrakech. Le riad s’organise autour d’un patio propice au repos. L’atmosphère se veut intime et authentique, idéale pour découvrir Marrakech tout en profitant d’un cadre reposant et soigné.""}",[],[],[],"{""en"":"""",""es"":"""",""fr"":""""}",riadkafila.com,,,-9.771158,31.515285,4.80,436,"[""https://dzuwwfttnigeisicqyto.supabase.co/storage/v1/object/public/riadsimages/riad_kafila/388783902.jpg"",""https://dzuwwfttnigeisicqyto.supabase.co/storage/v1/object/public/riadsimages/riad_kafila/388801567.jpg"",""https://dzuwwfttnigeisicqyto.supabase.co/storage/v1/object/public/riadsimages/riad_kafila/388808591.jpg"",""https://dzuwwfttnigeisicqyto.supabase.co/storage/v1/object/public/riadsimages/riad_kafila/388707600.jpg"",""https://dzuwwfttnigeisicqyto.supabase.co/storage/v1/object/public/riadsimages/riad_kafila/388702349.jpg""]",,2026-01-24 19:57:47.661076+00
81367375-ae20-4dc7-8ea6-b5ecf5089265,"{""en"":""Riad Dar Awil"",""es"":""Riad Dar Awil"",""fr"":""Riad Dar Awil""}","{""en"":""58 Rue d'Agadir, Essaouira 44000"",""es"":""58 Rue d'Agadir, Essaouira 44000"",""fr"":""58 Rue d'Agadir, Essaouira 44000""}",essaouira,essaouira_medina,riad,"{""en"":""Riad Dar Awil is a characterful riad in an authentic area of the medina. The riad is built around a patio designed for relaxation. Its atmosphere is intimate and authentic, ideal for discovering Marrakech while enjoying a calm and refined setting."",""es"":""Riad Dar Awil est un Riad de caractère dans un quartier authentique de la médina. Le Riad s’organise autour d’un patio propice au repos. L’atmosphère se veut intime et authentique, idéale pour découvrir Marrakech tout en profitant d’un cadre reposant et soigné."",""fr"":""Riad Dar Awil est un riad de caractère dans un quartier authentique de la médina. Le riad s’organise autour d’un patio propice au repos. L’atmosphère se veut intime et authentique, idéale pour découvrir Marrakech tout en profitant d’un cadre reposant et soigné.""}",[],[],[],"{""en"":"""",""es"":"""",""fr"":""""}",http://dar-awil.com/,,,-9.767418,31.512500,4.90,356,"[""https://dzuwwfttnigeisicqyto.supabase.co/storage/v1/object/public/riadsimages/riad_dar_awil/407998420.jpg"",""https://dzuwwfttnigeisicqyto.supabase.co/storage/v1/object/public/riadsimages/riad_dar_awil/192950070.jpg"",""https://dzuwwfttnigeisicqyto.supabase.co/storage/v1/object/public/riadsimages/riad_dar_awil/447750381.jpg"",""https://dzuwwfttnigeisicqyto.supabase.co/storage/v1/object/public/riadsimages/riad_dar_awil/132510232.jpg"",""https://dzuwwfttnigeisicqyto.supabase.co/storage/v1/object/public/riadsimages/riad_dar_awil/447769460.jpg""]",,2026-01-24 19:57:47.661076+00
827eb197-5678-4b4d-934e-089e055dc39f,"{""en"":""Riad Couleurs Du Sud"",""es"":""Riad Couleurs Du Sud"",""fr"":""Riad Couleurs Du Sud""}","{""en"":""229 Arset Ihiri, Arset Ben Brahim, Marrakech 40000"",""es"":""229 Arset Ihiri, Arset Ben Brahim, Marrakech 40000"",""fr"":""229 Arset Ihiri, Arset Ben Brahim, Marrakech 40000""}",marrakech,bab_doukkala,riad,"{""en"":""Traditional riad located in the medina, Bab Doukala district, 100 m from a taxi station. It includes 7 rooms for two or three people, each with a private bathroom with shower, WC, and hairdryer. Reversible air conditioning, free Wi-Fi. Possibility of having dinner in the evening, to be ordered in the morning. The indicated price includes breakfast. Airport/riad/airport transfer on request and excursion catalog. Languages spoken: French, English, Arabic, Italian, Spanish."",""es"":""Riad tradicional situado en la medina, barrio Bab Doukala, a 100 m de una estación de taxis. Dispone de 7 habitaciones para dos o tres personas, con baño privado con ducha, WC y secador de pelo. Aire acondicionado reversible, wifi gratuito. Posibilidad de cena por la noche, a pedir por la mañana. El precio indicado incluye el desayuno. Traslado aeropuerto/riad/aeropuerto bajo solicitud y catálogo de excursiones. Idiomas hablados: francés, inglés, árabe, italiano, español."",""fr"":""Riad traditionnel situé dans la médina, quartier Bab Doukala, à 100 m d'une station de taxis. Il comprend 7 chambres de deux ou trois personnes, d'une salle de bain avec douche et WC privatifs et sèche-cheveux. Climatisation réversible, wifi gratuit. Possibilité d'une prise de repas le soir à commander le matin. Le prix indiqué comprend le petit-déjeuner. Transfert aéroport/riad/aéroport sur demande et catalogue d'excursions. Langues parlées : français, anglais, arabe, italien, espagnol.""}","[""choice_of_double_or_single_beds"",""family_rooms_min_3_guests"",""individual_air_conditioning"",""baby_equipment_crib_high_chairs"",""prm_accessibility"",""safe"",""wifi"",""pool"",""on_site_restaurant_guest_table"",""solarium"",""shared_lounge_tv_room"",""video_surveillance_common_areas_and_outdoors""]","[""breakfast_included"",""special_menus_gluten_free_vegan_etc"",""airport_shuttle"",""on_site_or_nearby_parking"",""24_hour_reception"",""prm_accessibility"",""excursions_desk"",""non_smoking_rooms"",""luggage_storage""]","[""free_cancellation_depending_on_rate_plan"",""no_prepayment"",""card_payment_terminal""]","{""en"":"""",""es"":"""",""fr"":""""}",https://www.riadcouleursdusud.com/fr,"+212661610994
",michel.clerel@wanadoo.fr,-7.994323,31.637509,4.70,152,"[""https://dzuwwfttnigeisicqyto.supabase.co/storage/v1/object/public/riadsimages/riad_couleurs_du_sud/356596569.jpg"",""https://dzuwwfttnigeisicqyto.supabase.co/storage/v1/object/public/riadsimages/riad_couleurs_du_sud/356596144.jpg"",""https://dzuwwfttnigeisicqyto.supabase.co/storage/v1/object/public/riadsimages/riad_couleurs_du_sud/147053610.jpg"",""https://dzuwwfttnigeisicqyto.supabase.co/storage/v1/object/public/riadsimages/riad_couleurs_du_sud/15996443.jpg"",""https://dzuwwfttnigeisicqyto.supabase.co/storage/v1/object/public/riadsimages/riad_couleurs_du_sud/356597149.jpg""]",,2026-01-24 19:57:47.661076+00
8320eea4-363c-4b82-acbf-b40a0f9a1569,"{""en"":""Riad Magellan"",""es"":""Riad Magellan"",""fr"":""Riad Magellan""}","{""en"":""closed to Mouassine fountain, 62 derb el Hammam, Marrakesh 40000"",""es"":""closed to Mouassine fountain, 62 derb el Hammam, Marrakesh 40000"",""fr"":""closed to Mouassine fountain, 62 derb el hammam, Marrakesh 40000""}",marrakech,mouassine,riad,"{""en"":""Riad Magellan is a characterful riad in an authentic area of the medina. The riad is built around a patio designed for relaxation. Its atmosphere is intimate and authentic, ideal for discovering Marrakech while enjoying a calm and refined setting."",""es"":""Riad Magellan est un Riad de caractère dans un quartier authentique de la médina. Le Riad s’organise autour d’un patio propice au repos. L’atmosphère se veut intime et authentique, idéale pour découvrir Marrakech tout en profitant d’un cadre reposant et soigné."",""fr"":""Riad Magellan est un riad de caractère dans un quartier authentique de la médina. Le riad s’organise autour d’un patio propice au repos. L’atmosphère se veut intime et authentique, idéale pour découvrir Marrakech tout en profitant d’un cadre reposant et soigné.""}",[],[],[],"{""en"":"""",""es"":"""",""fr"":""""}",riadmagellan.com,,,-7.988445,31.629003,4.80,1039,"[""https://dzuwwfttnigeisicqyto.supabase.co/storage/v1/object/public/riadsimages/riad_magellan/405519490.jpg"",""https://dzuwwfttnigeisicqyto.supabase.co/storage/v1/object/public/riadsimages/riad_magellan/506274589.jpg"",""https://dzuwwfttnigeisicqyto.supabase.co/storage/v1/object/public/riadsimages/riad_magellan/405520392.jpg"",""https://dzuwwfttnigeisicqyto.supabase.co/storage/v1/object/public/riadsimages/riad_magellan/356208484.jpg"",""https://dzuwwfttnigeisicqyto.supabase.co/storage/v1/object/public/riadsimages/riad_magellan/327422636.jpg""]",,2026-01-24 19:57:47.661076+00
87c5fd94-84fd-4c91-acab-4940cc213d1e,"{""en"":""Riad Adika"",""es"":""Riad Adika"",""fr"":""Riad Adika""}","{""en"":""286 Derb Sidi Bou Amar, Marrakesh 40000"",""es"":""286 Derb Sidi Bou Amar, Marrakesh 40000"",""fr"":""286 Derb Sidi Bou Amar, Marrakesh 40000""}",marrakech,riad_laarous,riad,"{""en"":""Riad Adika is a characterful riad in an authentic area of the medina. The riad is built around a patio designed for relaxation. Its atmosphere is intimate and authentic, ideal for discovering Marrakech while enjoying a calm and refined setting."",""es"":""Riad Adika est un Riad de caractère dans un quartier authentique de la médina. Le Riad s’organise autour d’un patio propice au repos. L’atmosphère se veut intime et authentique, idéale pour découvrir Marrakech tout en profitant d’un cadre reposant et soigné."",""fr"":""Riad Adika est un riad de caractère dans un quartier authentique de la médina. Le riad s’organise autour d’un patio propice au repos. L’atmosphère se veut intime et authentique, idéale pour découvrir Marrakech tout en profitant d’un cadre reposant et soigné.""}","[""choice_of_double_or_single_beds"",""hypoallergenic_rooms"",""family_rooms_min_3_guests"",""individual_air_conditioning"",""safe"",""wifi"",""pool"",""spa_hammam"",""on_site_restaurant_guest_table"",""rooftop"",""shared_lounge_tv_room""]","[""breakfast_included"",""special_menus_gluten_free_vegan_etc"",""airport_shuttle"",""on_site_or_nearby_parking"",""room_service"",""24_hour_reception"",""cleaning_service"",""non_smoking_rooms""]","[""free_cancellation_depending_on_rate_plan"",""card_payment_terminal""]","{""en"":"""",""es"":"""",""fr"":""""}",https://riad-adika.com/,+212666619032,booking@riad-adika.com,-7.992884,31.633547,4.80,683,"[""https://dzuwwfttnigeisicqyto.supabase.co/storage/v1/object/public/riadsimages/riad_adika/DSC02531.png"",""https://dzuwwfttnigeisicqyto.supabase.co/storage/v1/object/public/riadsimages/riad_adika/DSC02519.png"",""https://dzuwwfttnigeisicqyto.supabase.co/storage/v1/object/public/riadsimages/riad_adika/DSC02570.png"",""https://dzuwwfttnigeisicqyto.supabase.co/storage/v1/object/public/riadsimages/riad_adika/DSC02509.png"",""https://dzuwwfttnigeisicqyto.supabase.co/storage/v1/object/public/riadsimages/riad_adika/DSC02392.png""]",,2026-01-24 19:57:47.661076+00
8b4561cf-67cc-4ba0-8209-b8a56ccca422,"{""en"":""Riad Gramta"",""es"":""Riad Gramta"",""fr"":""Riad Gramta""}","{""en"":""Numero 22, Banafsaj, Marrakech 40000"",""es"":""Numero 22, Banafsaj, Marrakech 40000"",""fr"":""Numero 22, Banafsaj, Marrakech 40000""}",marrakech,agdal,guesthouse,"{""en"":""Riad Gramta is a characterful riad in the heart of Marrakech’s medina. The riad is built around a patio designed for relaxation. Its atmosphere is intimate and authentic, ideal for discovering Marrakech while enjoying a calm and refined setting."",""es"":""Riad Gramta est un Riad de caractère au cœur de la médina de Marrakech. Le Riad s’organise autour d’un patio propice au repos. L’atmosphère se veut intime et authentique, idéale pour découvrir Marrakech tout en profitant d’un cadre reposant et soigné."",""fr"":""Riad Gramta est un riad de caractère au cœur de la médina de Marrakech. ""}","[""billiards"",""garden"",""heated_hot_tub""]","[""airport_shuttle"",""bookings_golf""]","[""booking_without_a_credit_card""]","{""en"":"""",""es"":"""",""fr"":""""}",gramtahousemarrakech.site,+212223454,testmgh1@gmail.com,-8.001252,31.610751,3.10,42,"[""https://dzuwwfttnigeisicqyto.supabase.co/storage/v1/object/public/riadsimages/riad_Gramtahouse/getlstd-property-photo.jpg"",""https://dzuwwfttnigeisicqyto.supabase.co/storage/v1/object/public/riadsimages/riad_Gramtahouse/good-vibe.jpg"",""https://dzuwwfttnigeisicqyto.supabase.co/storage/v1/object/public/riadsimages/riad_Gramtahouse/caption.jpg"",""https://dzuwwfttnigeisicqyto.supabase.co/storage/v1/object/public/riadsimages/riad_Gramtahouse/gramtahouse.jpg"",""https://dzuwwfttnigeisicqyto.supabase.co/storage/v1/object/public/riadsimages/riad_Gramtahouse/gramtahouse2.jpg""]",,2026-01-24 19:57:47.661076+00
8b4dd954-5e41-4a3e-8d98-55ee54d4e536,"{""en"":""Riad Dar Lamia"",""es"":""Riad Dar Lamia"",""fr"":""Riad Dar Lamia""}","{""en"":""Ouahat Sidi Brahim - 40 000 Marrakech-Maroc"",""es"":""Ouahat Sidi Brahim - 40 000 Marrakech-Maroc"",""fr"":""Ouahat Sidi Brahim - 40 000 Marrakech-Maroc""}",marrakech,palmeraie,riad,"{""en"":""Résidence Dar Lamia is a confidential address on the outskirts of Marrakech, nestled in the heart of a 5-hectare landscaped park where calm, nature, and elegance prevail. This charming property offers 6 refined rooms, as well as superb villas and luxury apartments for rent, providing comfort, privacy, and high-end amenities. Guests can enjoy a swimming pool, part of which is heated, a spa with a traditional hammam, as well as a bar and restaurant in a chic and friendly atmosphere. Attentive concierge service and 24/7 security complete the experience, making Dar Lamia a true oasis of serenity just minutes from the hustle and bustle of Marrakech."",""es"":""Résidence Dar Lamia es una dirección confidencial a las afueras de Marrakech, situada en el corazón de un parque paisajístico de 5 hectáreas donde reinan la calma, la naturaleza y la elegancia. Esta propiedad con encanto ofrece 6 habitaciones refinadas, así como magníficas villas y apartamentos de lujo en alquiler, que brindan confort, intimidad y servicios de alta gama. Los huéspedes disfrutan de una piscina, una parte de la cual está climatizada, un spa con hammam tradicional, así como un bar y restaurante en un ambiente elegante y acogedor. Un servicio de conserjería atento y vigilancia las 24 horas completan la experiencia, convirtiendo a Dar Lamia en un verdadero oasis de serenidad a pocos minutos del bullicio de Marrakech."",""fr"":""Résidence Dar Lamia est une adresse confidentielle aux portes de Marrakech, nichée au cœur d’un parc paysager de 5 hectares où règnent calme, nature et élégance. Cette propriété de charme propose 6 chambres raffinées, ainsi que de superbes villas et appartements de luxe en location, offrant confort, intimité et prestations haut de gamme. Les hôtes profitent d’une piscine dont une partie est chauffée, d’un spa avec hammam traditionnel, ainsi que d’un bar et restaurant dans une atmosphère chic et conviviale. Une conciergerie attentive et un service de gardiennage 24h/24 complètent l’expérience, faisant de Dar Lamia une véritable oasis de sérénité à quelques minutes de l’effervescence de Marrakech.""}","[""choice_of_double_or_single_beds"",""individual_air_conditioning"",""baby_equipment_crib_high_chairs"",""safe"",""wifi"",""tv_in_room"",""pool"",""heated_pool"",""spa_hammam"",""gym_fitness_on_site"",""on_site_restaurant_guest_table"",""bar"",""garden"",""solarium"",""first_aid_kit"",""video_surveillance_common_areas_and_outdoors""]","[""breakfast_included"",""special_menus_gluten_free_vegan_etc"",""airport_shuttle"",""on_site_or_nearby_parking"",""room_service"",""24_hour_reception"",""excursions_desk"",""cleaning_service"",""ironing_service""]","[""card_payment_terminal""]","{""en"":"""",""es"":"""",""fr"":""""}",https://www.darlamia.com,+212661765925,info@darlamia.com,-7.998451,31.700714,4.70,750,"[""https://dzuwwfttnigeisicqyto.supabase.co/storage/v1/object/public/riadsimages/riad_dar_lamia/diaporama_dar_lamia_9.jpg"",""https://dzuwwfttnigeisicqyto.supabase.co/storage/v1/object/public/riadsimages/riad_dar_lamia/espaces_dar_lamia_5.jpg"",""https://dzuwwfttnigeisicqyto.supabase.co/storage/v1/object/public/riadsimages/riad_dar_lamia/espaces_dar_lamia_16.jpg"",""https://dzuwwfttnigeisicqyto.supabase.co/storage/v1/object/public/riadsimages/riad_dar_lamia/chambres_dar_lamia_gold-1.jpg"",""https://dzuwwfttnigeisicqyto.supabase.co/storage/v1/object/public/riadsimages/riad_dar_lamia/locations_dar_lamia_VILLA-NAIMA.jpg""]",,2026-01-24 19:57:47.661076+00
8ce2f040-829a-4401-abc7-23eb2c56ae40,"{""en"":""Riad Oasissime"",""es"":""Riad Oasissime"",""fr"":""Riad Oasissime""}","{""en"":""8 derb el Hejra, Derb Dabachi, Marrakesh 40000"",""es"":""8 derb el Hejra, Derb Dabachi, Marrakesh 40000"",""fr"":""8 derb el Hejra, Derb Dabachi, Marrakesh 40000""}",marrakech,derb_dabachi,riad,"{""en"":""Riad Oasissime is a characterful riad in the heart of Marrakech’s medina. The riad is built around a patio designed for relaxation. Its atmosphere is intimate and authentic, ideal for discovering Marrakech while enjoying a calm and refined setting."",""es"":""Riad Oasissime est un Riad de caractère au cœur de la médina de Marrakech. Le Riad s’organise autour d’un patio propice au repos. L’atmosphère se veut intime et authentique, idéale pour découvrir Marrakech tout en profitant d’un cadre reposant et soigné."",""fr"":""Riad Oasissime est un riad de caractère au cœur de la médina de Marrakech. Le riad s’organise autour d’un patio propice au repos. L’atmosphère se veut intime et authentique, idéale pour découvrir Marrakech tout en profitant d’un cadre reposant et soigné.""}",[],[],[],"{""en"":"""",""es"":"""",""fr"":""""}",riad-oasissime.com,,,-7.984674,31.626582,4.80,214,"[""https://dzuwwfttnigeisicqyto.supabase.co/storage/v1/object/public/riadsimages/riad_oasissime/738823619.jpg"",""https://dzuwwfttnigeisicqyto.supabase.co/storage/v1/object/public/riadsimages/riad_oasissime/738823623.jpg"",""https://dzuwwfttnigeisicqyto.supabase.co/storage/v1/object/public/riadsimages/riad_oasissime/738823396.jpg"",""https://dzuwwfttnigeisicqyto.supabase.co/storage/v1/object/public/riadsimages/riad_oasissime/738823634.jpg"",""https://dzuwwfttnigeisicqyto.supabase.co/storage/v1/object/public/riadsimages/riad_oasissime/738823579.jpg""]",,2026-01-24 19:57:47.661076+00
8cfb9a91-71d8-4c2e-b7b7-b8fe7a345993,"{""en"":""Riad Baba Ali"",""es"":""Riad Baba Ali"",""fr"":""Riad Baba Ali""}","{""en"":""74 Derb Baba Ali, El Moukef –"",""es"":""74 Derb Baba Ali, El Moukef –"",""fr"":""74 Derb Baba Ali, El Moukef –""}",marrakech,derb_dabachi,riad,"{""en"":""Riad Baba Ali is a characterful riad in the heart of Marrakech’s medina. The riad is built around a patio designed for relaxation. Its atmosphere is intimate and authentic, ideal for discovering Marrakech while enjoying a calm and refined setting."",""es"":""Riad Baba Ali est un Riad de caractère au cœur de la médina de Marrakech. Le Riad s’organise autour d’un patio propice au repos. L’atmosphère se veut intime et authentique, idéale pour découvrir Marrakech tout en profitant d’un cadre reposant et soigné."",""fr"":""Riad Baba Ali est un riad de caractère au cœur de la médina de Marrakech. Le riad s’organise autour d’un patio propice au repos. L’atmosphère se veut intime et authentique, idéale pour découvrir Marrakech tout en profitant d’un cadre reposant et soigné.""}","[""choice_of_double_or_single_beds"",""individual_air_conditioning"",""safe"",""wifi"",""in_room_tv"",""piscine_chauffee"",""spa_hammam"",""on_site_restaurant_guest_table"",""rooftop"",""solarium"",""first_aid_kit"",""shared_lounge_tv_room"",""video_surveillance_common_areas_and_outdoors""]","[""breakfast_included"",""special_menus_gluten_free_vegan_etc"",""airport_shuttle"",""cooking_class"",""24_hour_reception"",""excursions_desk"",""cleaning_service"",""ironing_service"",""non_smoking_rooms"",""luggage_storage"",""spa_hammam_and_massage""]","[""free_cancellation_depending_on_rate_plan"",""card_payment_terminal""]","{""en"":"""",""es"":"""",""fr"":""""}",https://www.riad-baba-ali.com/,+212667595919,riad.baba.ali@gmail.com,-7.984331,31.633925,4.60,385,"[""https://dzuwwfttnigeisicqyto.supabase.co/storage/v1/object/public/riadsimages/riad_baba_ali/Baba_ali_1.jpg"",""https://dzuwwfttnigeisicqyto.supabase.co/storage/v1/object/public/riadsimages/riad_baba_ali/BABA_ALI_3.jpg"",""https://dzuwwfttnigeisicqyto.supabase.co/storage/v1/object/public/riadsimages/riad_baba_ali/Chambre_Zagora.jpg"",""https://dzuwwfttnigeisicqyto.supabase.co/storage/v1/object/public/riadsimages/riad_baba_ali/Riad_Baba_Ali-259.jpg"",""https://dzuwwfttnigeisicqyto.supabase.co/storage/v1/object/public/riadsimages/riad_baba_ali/Riad_Baba_Ali-301.jpg""]",,2026-01-24 19:57:47.661076+00
8daae101-9ecb-4e6e-9cde-df559676ca76,"{""en"":""Riad Malika"",""es"":""Riad Malika"",""fr"":""Riad Malika""}","{""en"":""Quartier Dar el Bacha, Riad MALIKA, 29 Arset Aouzal, Marrakech 40030"",""es"":""Quartier Dar el Bacha, Riad MALIKA, 29 Arset Aouzal, Marrakech 40030"",""fr"":""Quartier Dar el Bacha, RIAD MALIKA, 29 Arset Aouzal, Marrakech 40030""}",marrakech,dar_el_bacha,riad,"{""en"":""Riad Malika is a characterful riad in an authentic area of the medina. The riad is built around a patio designed for relaxation. Its atmosphere is intimate and authentic, ideal for discovering Marrakech while enjoying a calm and refined setting."",""es"":""Riad Malika est un Riad de caractère dans un quartier authentique de la médina. Le Riad s’organise autour d’un patio propice au repos. L’atmosphère se veut intime et authentique, idéale pour découvrir Marrakech tout en profitant d’un cadre reposant et soigné."",""fr"":""Riad Malika est un riad de caractère dans un quartier authentique de la médina. Le riad s’organise autour d’un patio propice au repos. L’atmosphère se veut intime et authentique, idéale pour découvrir Marrakech tout en profitant d’un cadre reposant et soigné.""}",[],[],[],"{""en"":"""",""es"":"""",""fr"":""""}",riadmalika.com,,,-7.994643,31.631158,4.80,575,"[""https://dzuwwfttnigeisicqyto.supabase.co/storage/v1/object/public/riadsimages/riad_malika/33225878.jpg"",""https://dzuwwfttnigeisicqyto.supabase.co/storage/v1/object/public/riadsimages/riad_malika/22788653.jpg"",""https://dzuwwfttnigeisicqyto.supabase.co/storage/v1/object/public/riadsimages/riad_malika/65722711.jpg"",""https://dzuwwfttnigeisicqyto.supabase.co/storage/v1/object/public/riadsimages/riad_malika/22788660.jpg"",""https://dzuwwfttnigeisicqyto.supabase.co/storage/v1/object/public/riadsimages/riad_malika/22787638.jpg""]",,2026-01-24 19:57:47.661076+00
8fbfde27-c3bc-4ff2-9b6c-18441242ab91,"{""en"":""Riad Kasbah & Spa"",""es"":""Riad Kasbah & Spa"",""fr"":""Riad Kasbah & Spa""}","{""en"":""101, derb Harbil Quartier Kasbah, Marrakesh 40000"",""es"":""101, derb Harbil Quartier Kasbah, Marrakesh 40000"",""fr"":""101, derb Harbil Quartier Kasbah, Marrakesh 40000""}",marrakech,kasbah,riad,"{""en"":""Riad Kasbah & Spa is a characterful riad located in the historic Kasbah area, known for its peaceful atmosphere. The experience is focused on wellness, with spaces dedicated to relaxation. Its atmosphere is intimate and authentic, ideal for discovering Marrakech while enjoying a calm and refined setting."",""es"":""Riad Kasbah & Spa est un Riad de caractère situé dans le quartier historique de la Kasbah, réputé pour son calme. L’expérience est résolument orientée bien-être, avec des espaces dédiés à la détente. L’atmosphère se veut intime et authentique, idéale pour découvrir Marrakech tout en profitant d’un cadre reposant et soigné."",""fr"":""Riad Kasbah & Spa est un riad de caractère situé dans le quartier historique de la Kasbah, réputé pour son calme. L’expérience est résolument orientée bien-être, avec des espaces dédiés à la détente. L’atmosphère se veut intime et authentique, idéale pour découvrir Marrakech tout en profitant d’un cadre reposant et soigné.""}","[""choice_of_double_or_single_beds"",""individual_air_conditioning"",""safe"",""wifi"",""pool"",""piscine_chauffee"",""spa_hammam"",""on_site_restaurant_guest_table"",""rooftop"",""solarium"",""shared_lounge_tv_room"",""video_surveillance_common_areas_and_outdoors""]","[""breakfast_included"",""special_menus_gluten_free_vegan_etc"",""airport_shuttle"",""cooking_class"",""room_service"",""24_hour_reception"",""excursions_desk"",""cleaning_service"",""ironing_service"",""non_smoking_rooms"",""luggage_storage""]","[""free_cancellation_depending_on_rate_plan"",""no_prepayment"",""card_payment_terminal""]","{""en"":"""",""es"":"""",""fr"":""""}",riadkasbahmarrakech.com,+212524389770,reservation.riadkasbah@gmail.com,-7.987863,31.616563,4.60,394,"[""https://dzuwwfttnigeisicqyto.supabase.co/storage/v1/object/public/riadsimages/riad_Kasbah_&_Spa/105209250.jpg"",""https://dzuwwfttnigeisicqyto.supabase.co/storage/v1/object/public/riadsimages/riad_Kasbah_&_Spa/103036342.jpg"",""https://dzuwwfttnigeisicqyto.supabase.co/storage/v1/object/public/riadsimages/riad_Kasbah_&_Spa/206641987.jpg"",""https://dzuwwfttnigeisicqyto.supabase.co/storage/v1/object/public/riadsimages/riad_Kasbah_&_Spa/104593058.jpg"",""https://dzuwwfttnigeisicqyto.supabase.co/storage/v1/object/public/riadsimages/riad_Kasbah_&_Spa/104173515.jpg""]",,2026-01-24 19:57:47.661076+00
905f376e-7aa9-46f7-b402-27839296a3a0,"{""en"":""Riad Stella Candente"",""es"":""Riad Stella Candente"",""fr"":""Riad Stella Candente""}","{""en"":""N°29, Riad LAAROUSSE, DERB EL GUERRABA, Marrakech 40000"",""es"":""N°29, Riad LAAROUSSE, DERB EL GUERRABA, Marrakech 40000"",""fr"":""N°29, RIAD LAAROUSSE, DERB EL GUERRABA, Marrakech 40000""}",marrakech,riad_laarous,riad,"{""en"":""Riad Stella Candente is a characterful riad in an authentic area of the medina. The riad is built around a patio designed for relaxation. Its atmosphere is intimate and authentic, ideal for discovering Marrakech while enjoying a calm and refined setting."",""es"":""Riad Stella Candente est un Riad de caractère dans un quartier authentique de la médina. Le Riad s’organise autour d’un patio propice au repos. L’atmosphère se veut intime et authentique, idéale pour découvrir Marrakech tout en profitant d’un cadre reposant et soigné."",""fr"":""Riad Stella Candente est un riad de caractère dans un quartier authentique de la médina. Le riad s’organise autour d’un patio propice au repos. L’atmosphère se veut intime et authentique, idéale pour découvrir Marrakech tout en profitant d’un cadre reposant et soigné.""}",[],[],[],"{""en"":"""",""es"":"""",""fr"":""""}",marrakech.maison-stella-cadente.com,,,-7.992392,31.632331,4.80,79,"[""https://dzuwwfttnigeisicqyto.supabase.co/storage/v1/object/public/riadsimages/riad_stella_candente/814396840.jpg"",""https://dzuwwfttnigeisicqyto.supabase.co/storage/v1/object/public/riadsimages/riad_stella_candente/819386822.jpg"",""https://dzuwwfttnigeisicqyto.supabase.co/storage/v1/object/public/riadsimages/riad_stella_candente/819337805.jpg"",""https://dzuwwfttnigeisicqyto.supabase.co/storage/v1/object/public/riadsimages/riad_stella_candente/822059036.jpg"",""https://dzuwwfttnigeisicqyto.supabase.co/storage/v1/object/public/riadsimages/riad_stella_candente/818521082.jpg""]",,2026-01-24 19:57:47.661076+00
91f4626d-f8e4-4e5c-a52e-370290125016,"{""en"":""Riad The Central House"",""es"":""Riad The Central House"",""fr"":""Riad The Central House""}","{""en"":""Amssafah 32، 40000"",""es"":""Amssafah 32، 40000"",""fr"":""Amssafah 32، 40000""}",marrakech,ben_youssef,riad,"{""en"":""Riad The Central House is a characterful riad in the heart of Marrakech’s medina. The riad is built around a patio designed for relaxation. Its atmosphere is intimate and authentic, ideal for discovering Marrakech while enjoying a calm and refined setting."",""es"":""Riad The Central House est un Riad de caractère au cœur de la médina de Marrakech. Le Riad s’organise autour d’un patio propice au repos. L’atmosphère se veut intime et authentique, idéale pour découvrir Marrakech tout en profitant d’un cadre reposant et soigné."",""fr"":""Riad The Central House est un riad de caractère au cœur de la médina de Marrakech. Le riad s’organise autour d’un patio propice au repos. L’atmosphère se veut intime et authentique, idéale pour découvrir Marrakech tout en profitant d’un cadre reposant et soigné.""}","[""choice_of_double_or_single_beds"",""family_rooms_min_3_guests"",""individual_air_conditioning"",""safe"",""wifi"",""pool"",""on_site_restaurant_guest_table"",""bar"",""rooftop"",""solarium"",""first_aid_kit"",""shared_lounge_tv_room"",""video_surveillance_common_areas_and_outdoors"",""board_games_billiard_weekly_activities""]","[""special_menus_gluten_free_vegan_etc"",""airport_shuttle"",""on_site_or_nearby_parking"",""24_hour_reception"",""on_site_activities"",""excursions_desk"",""non_smoking_rooms"",""luggage_storage"",""business_services_meeting_reception_room"",""restaurant""]","[""free_cancellation_depending_on_rate_plan"",""card_payment_terminal""]","{""en"":"""",""es"":"""",""fr"":""""}",https://thecentralhousehostels.com/marrakech/,+212 524378978,info.medina@grouptch.com,-7.987935,31.633310,4.60,1391,"[""https://dzuwwfttnigeisicqyto.supabase.co/storage/v1/object/public/riadsimages/central_house/Courtyard.jpg"",""https://dzuwwfttnigeisicqyto.supabase.co/storage/v1/object/public/riadsimages/central_house/Main_Entrance.jpg"",""https://dzuwwfttnigeisicqyto.supabase.co/storage/v1/object/public/riadsimages/central_house/Lunch_by_the_pool.jpg"",""https://dzuwwfttnigeisicqyto.supabase.co/storage/v1/object/public/riadsimages/central_house/Second_Floor.jpg"",""https://dzuwwfttnigeisicqyto.supabase.co/storage/v1/object/public/riadsimages/central_house/Moroccaqn_Tea.jpg""]",,2026-01-24 19:57:47.661076+00
931ccac4-e3bc-48a1-acaf-07b8354debda,"{""en"":""Riad Al Uzza"",""es"":""Riad Al Uzza"",""fr"":""Riad Al Uzza""}","{""en"":""15, Derb Rokni - Quartier Ksour, Marrakech"",""es"":""15, Derb Rokni - Quartier Ksour, Marrakech"",""fr"":""15, Derb Rokni - Quartier Ksour, Marrakech""}",marrakech,mouassine,riad,"{""en"":""Riad Al Uzza is a characterful riad in the heart of Marrakech’s medina. The riad is built around a patio designed for relaxation. Its atmosphere is intimate and authentic, ideal for discovering Marrakech while enjoying a calm and refined setting."",""es"":""Riad Al Uzza est un Riad de caractère au cœur de la médina de Marrakech. Le Riad s’organise autour d’un patio propice au repos. L’atmosphère se veut intime et authentique, idéale pour découvrir Marrakech tout en profitant d’un cadre reposant et soigné."",""fr"":""Riad Al Uzza est un riad de caractère au cœur de la médina de Marrakech. Le riad s’organise autour d’un patio propice au repos. L’atmosphère se veut intime et authentique, idéale pour découvrir Marrakech tout en profitant d’un cadre reposant et soigné.""}",[],[],[],"{""en"":"""",""es"":"""",""fr"":""""}",https://riad-al-uzza.com/,+212 8 08 52 09 90,riadaluzza@gmail.com,-7.990879,31.629073,4.80,75,"[""https://dzuwwfttnigeisicqyto.supabase.co/storage/v1/object/public/riadsimages/riad_al_uzza/533468623.jpg"",""https://dzuwwfttnigeisicqyto.supabase.co/storage/v1/object/public/riadsimages/riad_al_uzza/533437718.jpg"",""https://dzuwwfttnigeisicqyto.supabase.co/storage/v1/object/public/riadsimages/riad_al_uzza/516503754.jpg"",""https://dzuwwfttnigeisicqyto.supabase.co/storage/v1/object/public/riadsimages/riad_al_uzza/533428494.jpg"",""https://dzuwwfttnigeisicqyto.supabase.co/storage/v1/object/public/riadsimages/riad_al_uzza/533466565.jpg""]",,2026-01-24 19:57:47.661076+00
93700f2d-7b7c-4468-bf0a-1fdd4c044e83,"{""en"":""Manzil La Tortue"",""es"":""Manzil La Tortue"",""fr"":""Manzil La Tortue""}","{""en"":""manzil la tortue, Marrakesh 40000"",""es"":""manzil la tortue, Marrakesh 40000"",""fr"":""manzil la tortue, Marrakesh 40000""}",marrakech,palmeraie,guesthouse,"{""en"":""Manzil La Tortue is a characterful riad in the heart of Marrakech’s medina. The riad is built around a patio designed for relaxation. Its atmosphere is intimate and authentic, ideal for discovering Marrakech while enjoying a calm and refined setting."",""es"":""Manzil La Tortue est un Riad de caractère au cœur de la médina de Marrakech. Le Riad s’organise autour d’un patio propice au repos. L’atmosphère se veut intime et authentique, idéale pour découvrir Marrakech tout en profitant d’un cadre reposant et soigné."",""fr"":""Manzil La Tortue est un riad de caractère au cœur de la médina de Marrakech. Le riad s’organise autour d’un patio propice au repos. L’atmosphère se veut intime et authentique, idéale pour découvrir Marrakech tout en profitant d’un cadre reposant et soigné.""}",[],[],[],"{""en"":"""",""es"":"""",""fr"":""""}",manzil-latortue.com,,,-7.889646,31.614580,4.70,1286,"[""https://dzuwwfttnigeisicqyto.supabase.co/storage/v1/object/public/riadsimages/manzil_la_tortue/345073466.jpg"",""https://dzuwwfttnigeisicqyto.supabase.co/storage/v1/object/public/riadsimages/manzil_la_tortue/642519869.jpg"",""https://dzuwwfttnigeisicqyto.supabase.co/storage/v1/object/public/riadsimages/manzil_la_tortue/642533707.jpg"",""https://dzuwwfttnigeisicqyto.supabase.co/storage/v1/object/public/riadsimages/manzil_la_tortue/586456937.jpg"",""https://dzuwwfttnigeisicqyto.supabase.co/storage/v1/object/public/riadsimages/manzil_la_tortue/642528236.jpg""]",,2026-01-24 19:57:47.661076+00
942e62cd-1560-498d-a336-b1a08c187a45,"{""en"":""Riad La Temperance"",""es"":""Riad La Temperance"",""fr"":""Riad La Temperance""}","{""en"":""Aquermoud 44000"",""es"":""Aquermoud 44000"",""fr"":""Aquermoud 44000""}",essaouira,essaouira_exterieurs,riad,"{""en"":""Riad La Temperance is a characterful riad in an authentic area of the medina. The riad is built around a patio designed for relaxation. Its atmosphere is intimate and authentic, ideal for discovering Marrakech while enjoying a calm and refined setting."",""es"":""Riad La Temperance est un Riad de caractère dans un quartier authentique de la médina. Le Riad s’organise autour d’un patio propice au repos. L’atmosphère se veut intime et authentique, idéale pour découvrir Marrakech tout en profitant d’un cadre reposant et soigné."",""fr"":""Riad La Temperance est un riad de caractère dans un quartier authentique de la médina. Le riad s’organise autour d’un patio propice au repos. L’atmosphère se veut intime et authentique, idéale pour découvrir Marrakech tout en profitant d’un cadre reposant et soigné.""}","[""choice_of_double_or_single_beds"",""baby_equipment_crib_high_chairs"",""wifi"",""in_room_tv"",""pool"",""spa_hammam"",""on_site_restaurant_guest_table"",""rooftop"",""garden"",""solarium"",""first_aid_kit""]","[""breakfast_included"",""special_menus_gluten_free_vegan_etc"",""airport_shuttle"",""on_site_or_nearby_parking"",""cooking_class"",""24_hour_reception"",""pets_allowed"",""on_site_activities"",""non_smoking_rooms"",""luggage_storage""]","[""card_payment_terminal""]","{""en"":""Shala pour cours de yoga\nESpace de stockage et de rinçage du matériel pour surfeurs, kitesurfeurs et windsurfeurs \nAccueil motard avec parking sécurisé et eSpace pour sécher les vêtements en cas de pluie"",""es"":""Shala pour cours de yoga\nESpace de stockage et de rinçage du matériel pour surfeurs, kitesurfeurs et windsurfeurs \nAccueil motard avec parking sécurisé et eSpace pour sécher les vêtements en cas de pluie"",""fr"":""Shala pour cours de yoga\nEspace de stockage et de rinçage du matériel pour surfeurs, kitesurfeurs et windsurfeurs \nAccueil motard avec parking sécurisé et espace pour sécher les vêtements en cas de pluie""}",riadlatemperance.com,+212700046969,contact@riadlatemperance.com,-9.553817,31.813186,5.00,28,"[""https://dzuwwfttnigeisicqyto.supabase.co/storage/v1/object/public/riadsimages/riad_la_temperance/817042179.jpg"",""https://dzuwwfttnigeisicqyto.supabase.co/storage/v1/object/public/riadsimages/riad_la_temperance/704813153.jpg"",""https://dzuwwfttnigeisicqyto.supabase.co/storage/v1/object/public/riadsimages/riad_la_temperance/704812811.jpg"",""https://dzuwwfttnigeisicqyto.supabase.co/storage/v1/object/public/riadsimages/riad_la_temperance/704812793.jpg"",""https://dzuwwfttnigeisicqyto.supabase.co/storage/v1/object/public/riadsimages/riad_la_temperance/817041492.jpg""]",,2026-01-24 19:57:47.661076+00
943beae3-3f14-4fb8-8db9-6827d913de0e,"{""en"":""Riad Assala"",""es"":""Riad Assala"",""fr"":""Riad Assala""}","{""en"":""Ouaihah, 8, Derb, Rte Sidi Abdelaziz, Marrakech 40000"",""es"":""Ouaihah, 8, Derb, Rte Sidi Abdelaziz, Marrakech 40000"",""fr"":""Ouaihah, 8, Derb, Rte Sidi Abdelaziz, Marrakech 40000""}",marrakech,dar_el_bacha,riad,"{""en"":""Riad Assala is a characterful riad in an authentic area of the medina. The riad is built around a patio designed for relaxation. Its atmosphere is intimate and authentic, ideal for discovering Marrakech while enjoying a calm and refined setting."",""es"":""Riad Assala est un Riad de caractère dans un quartier authentique de la médina. Le Riad s’organise autour d’un patio propice au repos. L’atmosphère se veut intime et authentique, idéale pour découvrir Marrakech tout en profitant d’un cadre reposant et soigné."",""fr"":""Riad Assala est un riad de caractère dans un quartier authentique de la médina. Le riad s’organise autour d’un patio propice au repos. L’atmosphère se veut intime et authentique, idéale pour découvrir Marrakech tout en profitant d’un cadre reposant et soigné.""}","[""choice_of_double_or_single_beds"",""family_rooms_min_3_guests"",""individual_air_conditioning"",""baby_equipment_crib_high_chairs"",""safe"",""wifi"",""pool"",""piscine_chauffee"",""on_site_restaurant_guest_table"",""rooftop"",""solarium"",""first_aid_kit"",""spa_hammam"",""traditional_moroccan_fountain"",""family_rooms_max_3_guests"",""moroccan_patio"",""massage_room"",""patio_fountain_shaded_relaxation_areas"",""shared_lounge_tv_room"",""solarium_with_shower_and_greenery""]","[""breakfast_included"",""special_menus_gluten_free_vegan_etc"",""on_site_or_nearby_parking"",""cooking_class"",""room_service"",""24_hour_reception"",""babysitting"",""on_site_activities"",""cleaning_service"",""ironing_service"",""non_smoking_rooms"",""luggage_storage"",""spa"",""airport_shuttle"",""bookings_golf"",""dinner"",""hammam_massages_craft_workshops"",""hammam"",""hammam_and_treatments"",""massage"",""lunch"",""parking_a_proximite"",""riad_for_exclusive_use"",""wifi""]","[""free_cancellation_depending_on_rate_plan"",""booking_without_a_credit_card"",""no_prepayment"",""card_payment_terminal""]","{""en"":"""",""es"":"""",""fr"":""""}",https://riad-assala.com/,+212808511233,info@riad-assala.com,-7.989347,31.632299,4.50,293,"[""https://dzuwwfttnigeisicqyto.supabase.co/storage/v1/object/public/riadsimages/Riad_Assala/6B99987F-BD32-4477-A1F0-EA9AA76E39FA.jpeg"",""https://dzuwwfttnigeisicqyto.supabase.co/storage/v1/object/public/riadsimages/Riad_Assala/7DF95403-A9CE-4731-A312-9A4DC7FFB9F2.jpeg"",""https://dzuwwfttnigeisicqyto.supabase.co/storage/v1/object/public/riadsimages/Riad_Assala/IMG_4758.jpeg"",""https://dzuwwfttnigeisicqyto.supabase.co/storage/v1/object/public/riadsimages/Riad_Assala/IMG_4768.jpeg"",""https://dzuwwfttnigeisicqyto.supabase.co/storage/v1/object/public/riadsimages/Riad_Assala/IMG_8996.jpeg"",""https://base44.app/api/apps/69f10e36f5d3972acca5a916/files/mp/public/69f10e36f5d3972acca5a916/7773e150b_8b1b6596-4f6a-43c2-af40-721d4e3d3294.jpeg"",""https://base44.app/api/apps/69f10e36f5d3972acca5a916/files/mp/public/69f10e36f5d3972acca5a916/a4e6e5b5f_IMG_8999.jpeg"",""https://base44.app/api/apps/69f10e36f5d3972acca5a916/files/mp/public/69f10e36f5d3972acca5a916/87d9c94fc_1a23620d-ad85-4949-906d-04b74adc502b.jpeg"",""https://base44.app/api/apps/69f10e36f5d3972acca5a916/files/mp/public/69f10e36f5d3972acca5a916/4e33157d0_IMG_3887.jpeg"",""https://base44.app/api/apps/69f10e36f5d3972acca5a916/files/mp/public/69f10e36f5d3972acca5a916/946bf4883_IMG_1403.jpeg"",""https://base44.app/api/apps/69f10e36f5d3972acca5a916/files/mp/public/69f10e36f5d3972acca5a916/9acc9429d_e6061483-3b1b-4982-9e01-9252b98a2656.jpeg"",""https://base44.app/api/apps/69f10e36f5d3972acca5a916/files/mp/public/69f10e36f5d3972acca5a916/188537570_IMG_4766.jpeg"",""https://base44.app/api/apps/69f10e36f5d3972acca5a916/files/mp/public/69f10e36f5d3972acca5a916/b54cd097e_f2aaf05f-d7f5-4256-9096-fb2835456c1c.jpeg"",""https://base44.app/api/apps/69f10e36f5d3972acca5a916/files/mp/public/69f10e36f5d3972acca5a916/12aa6d8f4_c8a045ef-4705-42ad-aa67-d457c96d1506.jpeg"",""https://base44.app/api/apps/69f10e36f5d3972acca5a916/files/mp/public/69f10e36f5d3972acca5a916/6bfe6c6d2_IMG_2910.jpeg"",""https://base44.app/api/apps/69f10e36f5d3972acca5a916/files/mp/public/69f10e36f5d3972acca5a916/61db5f6e1_4b2b0d8b-aae7-448b-b468-bc9967bb323e.jpeg"",""https://base44.app/api/apps/69f10e36f5d3972acca5a916/files/mp/public/69f10e36f5d3972acca5a916/ef948c592_IMG_2693.jpeg"",""https://base44.app/api/apps/69f10e36f5d3972acca5a916/files/mp/public/69f10e36f5d3972acca5a916/5598f8ce4_66CBDC4E-E7F5-4856-B082-510BF20D60BB.jpeg"",""https://base44.app/api/apps/69f10e36f5d3972acca5a916/files/mp/public/69f10e36f5d3972acca5a916/5d42af7c5_IMG_4771.jpeg"",""https://base44.app/api/apps/69f10e36f5d3972acca5a916/files/mp/public/69f10e36f5d3972acca5a916/bcad91171_b347eb83-fc80-46b4-9496-a3668d900abd.jpeg"",""https://base44.app/api/apps/69f10e36f5d3972acca5a916/files/mp/public/69f10e36f5d3972acca5a916/1b34fb838_IMG_0524.jpeg"",""https://base44.app/api/apps/69f10e36f5d3972acca5a916/files/mp/public/69f10e36f5d3972acca5a916/6d8784393_IMG_8111.jpeg"",""https://base44.app/api/apps/69f10e36f5d3972acca5a916/files/mp/public/69f10e36f5d3972acca5a916/4d84f7719_IMG_8113.jpeg"",""https://base44.app/api/apps/69f10e36f5d3972acca5a916/files/mp/public/69f10e36f5d3972acca5a916/60334eb71_6683daba-336f-4b95-9012-35285f273032.jpeg"",""https://base44.app/api/apps/69f10e36f5d3972acca5a916/files/mp/public/69f10e36f5d3972acca5a916/bcd72e1d2_660ea1a4-de3f-4475-901a-310cdd42fbb1.jpeg"",""https://base44.app/api/apps/69f10e36f5d3972acca5a916/files/mp/public/69f10e36f5d3972acca5a916/44d2e783a_IMG_5415.jpeg""]",,2026-01-24 19:57:47.661076+00
9589ff7e-487e-44d6-894b-fccf6f7db18f,"{""en"":""Riad La Part Des Anges (Villa Malaai Ka)"",""es"":""Riad La Part Des Anges (Villa Malaai Ka)"",""fr"":""Riad La Part Des Anges (Villa Malaai Ka)""}","{""en"":""Douar Ouled Bouzid, Centre Commune Ouled Hassoune 40062"",""es"":""Douar Ouled Bouzid, Centre Commune Ouled Hassoune 40062"",""fr"":""Douar Ouled Bouzid, Centre Commune Ouled Hassoune 40062""}",marrakech,desert,kasbah,"{""en"":""Riad La Part Des Anges (Villa Malaai Ka) is a characterful riad in an authentic area of the medina. The riad is built around a patio designed for relaxation. Its atmosphere is intimate and authentic, ideal for discovering Marrakech while enjoying a calm and refined setting."",""es"":""Riad La Part Des Anges (Villa Malaai Ka) est un Riad de caractère dans un quartier authentique de la médina. Le Riad s’organise autour d’un patio propice au repos. L’atmosphère se veut intime et authentique, idéale pour découvrir Marrakech tout en profitant d’un cadre reposant et soigné."",""fr"":""Nichée au cœur de son hectare d oliviers et de citronniers, la villa Malaa’ika est un véritable havre de paix où sérénité et douceur de vivre se rencontrent. \nCette élégante propriété allie charme marocain et art de vivre à la française, avec 8 chambres supérieures et un pavillon indépendant. Spécialisée dans les séjours golfiques, elle offre également des prestations adaptées aux amateurs comme aux passionnés. \nDerrière ses murs, profitez d installations de qualité: deux piscines dont une chauffée toute l année, terrain de tennis et de pétanque, salle de billard, simulateur de golf indoor équipé d un Trackman, ainsi qu un espace bien-être avec hamman et bain à remous. \nAu coucher du soleil, laissez-vous émerveiller par une vue imprenable sur l’Atlas. Un lieu unique, idéal pour se ressourcer et vivre un séjour des plus agréables. ""}","[""choice_of_double_or_single_beds"",""individual_air_conditioning"",""baby_equipment_crib_high_chairs"",""safe"",""wifi"",""in_room_tv"",""pool"",""piscine_chauffee"",""spa_hammam"",""on_site_restaurant_guest_table"",""bar"",""garden"",""first_aid_kit"",""shared_lounge_tv_room"",""video_surveillance_common_areas_and_outdoors"",""billiards"",""boules_court"",""billiards_table_tennis_table_football_petanque"",""family_rooms_max_3_guests"",""heated_hot_tub"",""hot_tub"",""in_room_massage_service"",""library"",""massage_room"",""petanque_court"",""tennis_court"",""terrasse_transats_chauffage_climatisation_seche_cheveux_produits""]","[""breakfast_included"",""on_site_or_nearby_parking"",""24_hour_reception"",""on_site_activities"",""excursions_desk"",""cleaning_service"",""bookings_golf"",""dinner"",""hammam"",""hammam_and_treatments"",""lunch"",""manicure"",""massages"",""massage"",""on_site_massages_and_treatments"",""pedicure"",""piscine_chauffee"",""private_hammam_scrubs_massages"",""restaurant"",""spa_hammam_and_massage"",""spa"",""wi_fi_gratuit_haut_debit_rooftop_terrasse_diners_et_dejeuner_a_la_demande_massages_bien_etre_sur_demande_organisation_d_excursions_privees"",""wifi""]","[""card_payment_terminal""]","{""en"":""Sur place, vous disposerez de :\n\nun terrain de tennis, un terrain de pétanque, deux Pools, dont l’une est chauffée tout l’hiver, un simulateur de golf indoor, une salle de billard."",""es"":""Sur place, vous disposerez de :\n\nun terrain de tennis, un terrain de pétanque, deux Piscinas, dont l’une est chauffée tout l’hiver, un simulateur de golf indoor, une salle de billard."",""fr"":""Sur place, vous disposerez de :\n\nun terrain de tennis, un terrain de pétanque, deux piscines, dont l’une est chauffée tout l’hiver, un simulateur de golf indoor, une salle de billard.""}",https://www.malaaika.com/,+212701279409,villa.malaaika@gmail.com,-7.818083,31.626309,4.80,46,"[""https://dzuwwfttnigeisicqyto.supabase.co/storage/v1/object/public/riadsimages/villa_malaaika/Batisse_1.jpg"",""https://dzuwwfttnigeisicqyto.supabase.co/storage/v1/object/public/riadsimages/villa_malaaika/1ere_piscine.jpg"",""https://dzuwwfttnigeisicqyto.supabase.co/storage/v1/object/public/riadsimages/villa_malaaika/903A0572.JPG"",""https://dzuwwfttnigeisicqyto.supabase.co/storage/v1/object/public/riadsimages/villa_malaaika/HAMMAM.jpg"",""https://base44.app/api/apps/69f10e36f5d3972acca5a916/files/mp/public/69f10e36f5d3972acca5a916/816b61098_Piscine2.JPG"",""https://base44.app/api/apps/69f10e36f5d3972acca5a916/files/mp/public/69f10e36f5d3972acca5a916/ea3ec9555_Batisselanuit.jpg"",""https://base44.app/api/apps/69f10e36f5d3972acca5a916/files/mp/public/69f10e36f5d3972acca5a916/bde2f0940_Espacedtente.jpg"",""https://base44.app/api/apps/69f10e36f5d3972acca5a916/files/mp/public/69f10e36f5d3972acca5a916/1371b8cb4_salledebillard.jpg"",""https://base44.app/api/apps/69f10e36f5d3972acca5a916/files/mp/public/69f10e36f5d3972acca5a916/21d2b3075_Coinapro.jpg"",""https://base44.app/api/apps/69f10e36f5d3972acca5a916/files/mp/public/69f10e36f5d3972acca5a916/ed9080632_Terrasse2.jpg"",""https://base44.app/api/apps/69f10e36f5d3972acca5a916/files/mp/public/69f10e36f5d3972acca5a916/348805e60_Salonmarocain.JPG"",""https://base44.app/api/apps/69f10e36f5d3972acca5a916/files/mp/public/69f10e36f5d3972acca5a916/6a5153bdf_BAR.jpg"",""https://base44.app/api/apps/69f10e36f5d3972acca5a916/files/mp/public/69f10e36f5d3972acca5a916/9728cc208_BILLARD.jpg"",""https://base44.app/api/apps/69f10e36f5d3972acca5a916/files/mp/public/69f10e36f5d3972acca5a916/be1138333_SALON3.jpg"",""https://base44.app/api/apps/69f10e36f5d3972acca5a916/files/mp/public/69f10e36f5d3972acca5a916/cca2e292b_2emePISCINELANUIT.jpg"",""https://base44.app/api/apps/69f10e36f5d3972acca5a916/files/mp/public/69f10e36f5d3972acca5a916/b1b4dd0f6_CHAMBRE9.jpg"",""https://base44.app/api/apps/69f10e36f5d3972acca5a916/files/mp/public/69f10e36f5d3972acca5a916/2b1edee8b_IMG_20221212_094623_713.jpg"",""https://base44.app/api/apps/69f10e36f5d3972acca5a916/files/mp/public/69f10e36f5d3972acca5a916/f2efdb2b0_CHAMBRE3.jpg"",""https://base44.app/api/apps/69f10e36f5d3972acca5a916/files/mp/public/69f10e36f5d3972acca5a916/013f97b35_CHAMBRE4ALMAADEN.jpg"",""https://base44.app/api/apps/69f10e36f5d3972acca5a916/files/mp/public/69f10e36f5d3972acca5a916/f84ab2727_IMG_20221212_104233_115.jpg"",""https://base44.app/api/apps/69f10e36f5d3972acca5a916/files/mp/public/69f10e36f5d3972acca5a916/f2aa098f8_SDBCH5.jpg"",""https://base44.app/api/apps/69f10e36f5d3972acca5a916/files/mp/public/69f10e36f5d3972acca5a916/b1fc3b27f_CHAMBRE8.jpg""]",,2026-01-24 19:57:47.661076+00
96905f32-7ec3-44c0-8220-1aad55cfb7de,"{""en"":""Maison Daouia"",""es"":""Maison Daouia"",""fr"":""Maison Daouia""}","{""en"":""Ouled Hassoun, Marrakech 40000"",""es"":""Ouled Hassoun, Marrakech 40000"",""fr"":""Ouled Hassoun, Marrakech 40000""}",marrakech,palmeraie,guesthouse,"{""en"":""Maison Daouia is a characterful riad in the heart of Marrakech’s medina. The riad is built around a patio designed for relaxation. Its atmosphere is intimate and authentic, ideal for discovering Marrakech while enjoying a calm and refined setting."",""es"":""Maison Daouia est un Riad de caractère au cœur de la médina de Marrakech. Le Riad s’organise autour d’un patio propice au repos. L’atmosphère se veut intime et authentique, idéale pour découvrir Marrakech tout en profitant d’un cadre reposant et soigné."",""fr"":""Maison Daouia est un riad de caractère au cœur de la médina de Marrakech. Le riad s’organise autour d’un patio propice au repos. L’atmosphère se veut intime et authentique, idéale pour découvrir Marrakech tout en profitant d’un cadre reposant et soigné.""}","[""choice_of_double_or_single_beds"",""family_rooms_min_3_guests"",""individual_air_conditioning"",""baby_equipment_crib_high_chairs"",""safe"",""wifi"",""pool"",""spa_hammam"",""on_site_fitness_room"",""on_site_restaurant_guest_table"",""rooftop"",""garden"",""solarium"",""first_aid_kit"",""shared_lounge_tv_room"",""video_surveillance_common_areas_and_outdoors""]","[""breakfast_included"",""special_menus_gluten_free_vegan_etc"",""airport_shuttle"",""on_site_or_nearby_parking"",""cooking_class"",""24_hour_reception"",""excursions_desk"",""cleaning_service"",""non_smoking_rooms"",""currency_exchange"",""luggage_storage""]","[""free_cancellation_depending_on_rate_plan"",""card_payment_terminal""]","{""en"":"""",""es"":"""",""fr"":""""}",maisondaouia.com,+2120666915556,contact@maisondaouia.com,-7.863306,31.660127,4.90,204,"[""https://dzuwwfttnigeisicqyto.supabase.co/storage/v1/object/public/riadsimages/maison_daouia/782387382.jpg"",""https://dzuwwfttnigeisicqyto.supabase.co/storage/v1/object/public/riadsimages/maison_daouia/782407572.jpg"",""https://dzuwwfttnigeisicqyto.supabase.co/storage/v1/object/public/riadsimages/maison_daouia/627374620.jpg"",""https://dzuwwfttnigeisicqyto.supabase.co/storage/v1/object/public/riadsimages/maison_daouia/782453882.jpg"",""https://dzuwwfttnigeisicqyto.supabase.co/storage/v1/object/public/riadsimages/maison_daouia/782453890.jpg""]",https://www.simplebooking.it/portal/256/hotel/11011?lang=EN&cur=MAD,2026-01-24 19:57:47.661076+00
97148edb-77e1-460b-8392-23cbb462dc7c,"{""en"":""Riad Dar Beldia"",""es"":""Riad Dar Beldia"",""fr"":""Riad Dar Beldia""}","{""en"":""Derb Houara 9 Berrima, Marrakesh 40000"",""es"":""Derb Houara 9 Berrima, Marrakesh 40000"",""fr"":""Derb Houara 9 Berrima, Marrakesh 40000""}",marrakech,hay_essalam,riad,"{""en"":""Riad Dar Beldia is a characterful riad in the heart of Marrakech’s medina. The riad is built around a patio designed for relaxation. Its atmosphere is intimate and authentic, ideal for discovering Marrakech while enjoying a calm and refined setting."",""es"":""Riad Dar Beldia est un Riad de caractère au cœur de la médina de Marrakech. Le Riad s’organise autour d’un patio propice au repos. L’atmosphère se veut intime et authentique, idéale pour découvrir Marrakech tout en profitant d’un cadre reposant et soigné."",""fr"":""Riad Dar Beldia est un riad de caractère au cœur de la médina de Marrakech. Le riad s’organise autour d’un patio propice au repos. L’atmosphère se veut intime et authentique, idéale pour découvrir Marrakech tout en profitant d’un cadre reposant et soigné.""}","[""choice_of_double_or_single_beds"",""family_rooms_min_3_guests"",""individual_air_conditioning"",""wifi"",""in_room_tv"",""piscine_chauffee"",""on_site_restaurant_guest_table"",""rooftop"",""video_surveillance_common_areas_and_outdoors"",""massage_room"",""terrasse_transats_chauffage_climatisation_seche_cheveux_produits""]","[""breakfast_included"",""airport_shuttle"",""on_site_or_nearby_parking"",""cooking_class"",""24_hour_reception"",""excursions_desk"",""cleaning_service"",""non_smoking_rooms"",""on_site_massages_and_treatments"",""piscine_chauffee"",""massages"",""dinner"",""parking_a_proximite"",""riad_for_exclusive_use"",""restaurant"",""wi_fi_gratuit_haut_debit_rooftop_terrasse_diners_et_dejeuner_a_la_demande_massages_bien_etre_sur_demande_organisation_d_excursions_privees""]","[""free_cancellation_depending_on_rate_plan"",""card_payment_terminal""]","{""en"":"""",""es"":"""",""fr"":""""}",riaddarbeldia.com,+212661691459,riad.darbeldia@gmail.com,-7.981738,31.617419,4.70,595,"[""https://dzuwwfttnigeisicqyto.supabase.co/storage/v1/object/public/riadsimages/riad_dar_beldia/757526569.jpg"",""https://dzuwwfttnigeisicqyto.supabase.co/storage/v1/object/public/riadsimages/riad_dar_beldia/757526607.jpg"",""https://dzuwwfttnigeisicqyto.supabase.co/storage/v1/object/public/riadsimages/riad_dar_beldia/757521194.jpg"",""https://dzuwwfttnigeisicqyto.supabase.co/storage/v1/object/public/riadsimages/riad_dar_beldia/757526625.jpg"",""https://dzuwwfttnigeisicqyto.supabase.co/storage/v1/object/public/riadsimages/riad_dar_beldia/757530656.jpg""]",,2026-01-24 19:57:47.661076+00
989d19cc-aaaf-448c-803f-13c8e03ff862,"{""en"":""Riad Ksar Saad & Spa"",""es"":""Riad Ksar Saad & Spa"",""fr"":""Riad Ksar Saad & Spa""}","{""en"":""N° 1، Derb Demnate, Marrakesh 40000"",""es"":""N° 1، Derb Demnate, Marrakesh 40000"",""fr"":""N° 1، Derb Demnate, Marrakesh 40000""}",marrakech,kasbah,riad,"{""en"":""Riad Ksar Saad & Spa is a characterful riad in the heart of Marrakech’s medina. The experience is focused on wellness, with spaces dedicated to relaxation. Its atmosphere is intimate and authentic, ideal for discovering Marrakech while enjoying a calm and refined setting."",""es"":""Riad Ksar Saad & Spa est un Riad de caractère au cœur de la médina de Marrakech. L’expérience est résolument orientée bien-être, avec des espaces dédiés à la détente. L’atmosphère se veut intime et authentique, idéale pour découvrir Marrakech tout en profitant d’un cadre reposant et soigné."",""fr"":""Riad Ksar Saad & Spa est un riad de caractère au cœur de la médina de Marrakech. L’expérience est résolument orientée bien-être, avec des espaces dédiés à la détente. L’atmosphère se veut intime et authentique, idéale pour découvrir Marrakech tout en profitant d’un cadre reposant et soigné.""}",[],[],[],"{""en"":"""",""es"":"""",""fr"":""""}",ksarsaad.com,,,-7.987420,31.617315,4.30,386,"[""https://dzuwwfttnigeisicqyto.supabase.co/storage/v1/object/public/riadsimages/riad_ksar_saad_&_Spa/429642743.jpg"",""https://dzuwwfttnigeisicqyto.supabase.co/storage/v1/object/public/riadsimages/riad_ksar_saad_&_Spa/431200216.jpg"",""https://dzuwwfttnigeisicqyto.supabase.co/storage/v1/object/public/riadsimages/riad_ksar_saad_&_Spa/520595029.jpg"",""https://dzuwwfttnigeisicqyto.supabase.co/storage/v1/object/public/riadsimages/riad_ksar_saad_&_Spa/520595114.jpg"",""https://dzuwwfttnigeisicqyto.supabase.co/storage/v1/object/public/riadsimages/riad_ksar_saad_&_Spa/520595112.jpg""]",,2026-01-24 19:57:47.661076+00
998c4fa5-985e-4464-84a6-2ed880a06bf4,"{""en"":""Riad Soundouss"",""es"":""Riad Soundouss"",""fr"":""Riad Soundouss""}","{""en"":""18-275, 18 Derb Sidi Bou Amar, Marrakesh 40000"",""es"":""18-275, 18 Derb Sidi Bou Amar, Marrakesh 40000"",""fr"":""18-275, 18 Derb Sidi Bou Amar, Marrakesh 40000""}",marrakech,derb_sidi_bou_amar,riad,"{""en"":""Riad Soundouss is a characterful riad in an authentic area of the medina. The riad is built around a patio designed for relaxation. Its atmosphere is intimate and authentic, ideal for discovering Marrakech while enjoying a calm and refined setting."",""es"":""Riad Soundouss est un Riad de caractère dans un quartier authentique de la médina. Le Riad s’organise autour d’un patio propice au repos. L’atmosphère se veut intime et authentique, idéale pour découvrir Marrakech tout en profitant d’un cadre reposant et soigné."",""fr"":""Riad Soundouss est un riad de caractère dans un quartier authentique de la médina. Le riad s’organise autour d’un patio propice au repos. L’atmosphère se veut intime et authentique, idéale pour découvrir Marrakech tout en profitant d’un cadre reposant et soigné.""}",[],[],[],"{""en"":"""",""es"":"""",""fr"":""""}",riadsoundouss.com,,,-7.993223,31.634380,4.80,259,"[""https://dzuwwfttnigeisicqyto.supabase.co/storage/v1/object/public/riadsimages/riad_soundouss/53046956.jpg"",""https://dzuwwfttnigeisicqyto.supabase.co/storage/v1/object/public/riadsimages/riad_soundouss/16920524.jpg"",""https://dzuwwfttnigeisicqyto.supabase.co/storage/v1/object/public/riadsimages/riad_soundouss/42138693.jpg"",""https://dzuwwfttnigeisicqyto.supabase.co/storage/v1/object/public/riadsimages/riad_soundouss/53207692.jpg"",""https://dzuwwfttnigeisicqyto.supabase.co/storage/v1/object/public/riadsimages/riad_soundouss/51666828.jpg""]",,2026-01-24 19:57:47.661076+00
9a1f379f-4f44-4350-8f54-2641f31fe609,"{""en"":""Riad Sahara Nour"",""es"":""Riad Sahara Nour"",""fr"":""Riad Sahara Nour""}","{""en"":""118 Derb Dekkak, Bab Doukkala, Medina، Marakech 40000"",""es"":""118 Derb Dekkak, Bab Doukkala, Medina، Marakech 40000"",""fr"":""118 Derb Dekkak, Bab Doukkala, Medina، Marakech 40000""}",marrakech,bab_doukkala,riad,"{""en"":""Riad Sahara Nour is a characterful riad in the Bab Doukkala area, valued for its residential feel. The riad is built around a patio designed for relaxation. Its atmosphere is intimate and authentic, ideal for discovering Marrakech while enjoying a calm and refined setting."",""es"":""Riad Sahara Nour est un Riad de caractère dans le quartier de Bab Doukkala, apprécié pour son ambiance résidentielle. Le Riad s’organise autour d’un patio propice au repos. L’atmosphère se veut intime et authentique, idéale pour découvrir Marrakech tout en profitant d’un cadre reposant et soigné."",""fr"":""Riad Sahara Nour est un riad de caractère dans le quartier de Bab Doukkala, apprécié pour son ambiance résidentielle. Le riad s’organise autour d’un patio propice au repos. L’atmosphère se veut intime et authentique, idéale pour découvrir Marrakech tout en profitant d’un cadre reposant et soigné.""}",[],[],[],"{""en"":"""",""es"":"""",""fr"":""""}",riadsaharanour-marrakech.com,,,-7.997720,31.631584,4.80,152,"[""https://dzuwwfttnigeisicqyto.supabase.co/storage/v1/object/public/riadsimages/riad_sahara_nour/362896615.jpg"",""https://dzuwwfttnigeisicqyto.supabase.co/storage/v1/object/public/riadsimages/riad_sahara_nour/42741542.jpg"",""https://dzuwwfttnigeisicqyto.supabase.co/storage/v1/object/public/riadsimages/riad_sahara_nour/42768176.jpg"",""https://dzuwwfttnigeisicqyto.supabase.co/storage/v1/object/public/riadsimages/riad_sahara_nour/362245898.jpg"",""https://dzuwwfttnigeisicqyto.supabase.co/storage/v1/object/public/riadsimages/riad_sahara_nour/42748714.jpg""]",,2026-01-24 19:57:47.661076+00
9ba1f365-1cef-4dca-886c-11d6ac3df943,"{""en"":""Riad Utopia"",""es"":""Riad Utopia"",""fr"":""Riad Utopia""}","{""en"":""Riad L arousse, 280 Derb Sidi Bou Amar, Marrakech 40008"",""es"":""Riad L arousse, 280 Derb Sidi Bou Amar, Marrakech 40008"",""fr"":""Riad L arousse, 280 Derb Sidi Bou Amar, Marrakech 40008""}",marrakech,derb_sidi_bou_amar,riad,"{""en"":""Riad Utopia is a characterful riad in an authentic area of the medina. The riad is built around a patio designed for relaxation. Its atmosphere is intimate and authentic, ideal for discovering Marrakech while enjoying a calm and refined setting."",""es"":""Riad Utopia est un Riad de caractère dans un quartier authentique de la médina. Le Riad s’organise autour d’un patio propice au repos. L’atmosphère se veut intime et authentique, idéale pour découvrir Marrakech tout en profitant d’un cadre reposant et soigné."",""fr"":""Riad Utopia est un riad de caractère dans un quartier authentique de la médina. Le riad s’organise autour d’un patio propice au repos. L’atmosphère se veut intime et authentique, idéale pour découvrir Marrakech tout en profitant d’un cadre reposant et soigné.""}",[],[],[],"{""en"":"""",""es"":"""",""fr"":""""}",riadutopia.com,,,-7.993285,31.633380,4.70,848,"[""https://dzuwwfttnigeisicqyto.supabase.co/storage/v1/object/public/riadsimages/riad_utopia/44913115.jpg"",""https://dzuwwfttnigeisicqyto.supabase.co/storage/v1/object/public/riadsimages/riad_utopia/44913040.jpg"",""https://dzuwwfttnigeisicqyto.supabase.co/storage/v1/object/public/riadsimages/riad_utopia/84147384.jpg"",""https://dzuwwfttnigeisicqyto.supabase.co/storage/v1/object/public/riadsimages/riad_utopia/84148633.jpg"",""https://dzuwwfttnigeisicqyto.supabase.co/storage/v1/object/public/riadsimages/riad_utopia/44916259.jpg""]",,2026-01-24 19:57:47.661076+00
9bad433a-4497-4c75-bda5-a75e6e201f83,"{""en"":""Riad Alili"",""es"":""Riad Alili"",""fr"":""Riad Alili""}","{""en"":""Derb Sidi Ahmed ou Moussa n°8 Bab Doukkala\n40000 Marrakech"",""es"":""Derb Sidi Ahmed ou Moussa n°8 Bab Doukkala\n40000 Marrakech"",""fr"":""Derb Sidi Ahmed ou Moussa n°8 Bab Doukkala\n40000 Marrakech""}",marrakech,bab_doukkala,riad,"{""en"":""Riad Alili is a characterful riad in the Bab Doukkala area, valued for its residential feel. The riad is built around a patio designed for relaxation. Its atmosphere is intimate and authentic, ideal for discovering Marrakech while enjoying a calm and refined setting."",""es"":""Riad Alili est un Riad de caractère dans le quartier de Bab Doukkala, apprécié pour son ambiance résidentielle. Le Riad s’organise autour d’un patio propice au repos. L’atmosphère se veut intime et authentique, idéale pour découvrir Marrakech tout en profitant d’un cadre reposant et soigné."",""fr"":""Riad Alili est un riad de caractère dans le quartier de Bab Doukkala, apprécié pour son ambiance résidentielle. Le riad s’organise autour d’un patio propice au repos. L’atmosphère se veut intime et authentique, idéale pour découvrir Marrakech tout en profitant d’un cadre reposant et soigné.""}","[""choice_of_double_or_single_beds"",""family_rooms_min_3_guests"",""individual_air_conditioning"",""baby_equipment_crib_high_chairs"",""safe"",""wifi"",""tv_in_room"",""pool"",""spa_hammam"",""on_site_restaurant_guest_table"",""rooftop"",""solarium"",""first_aid_kit"",""shared_lounge_tv_room"",""video_surveillance_common_areas_and_outdoors"",""heated_jacuzzi""]","[""breakfast_included"",""special_menus_gluten_free_vegan_etc"",""airport_shuttle"",""on_site_or_nearby_parking"",""cooking_class"",""room_service"",""24_hour_reception"",""babysitting"",""on_site_activities"",""excursions_desk"",""cleaning_service"",""ironing_service"",""non_smoking_rooms"",""luggage_storage"",""riad_for_exclusive_use"",""spa"",""hammam"",""restaurant""]","[""free_cancellation_depending_on_rate_plan"",""booking_without_a_credit_card"",""no_prepayment"",""card_payment_terminal""]","{""en"":"""",""es"":"""",""fr"":""""}",https://www.riadalili.com/,+330636909242,"
contact.riadalili@gmail.com",-7.995851,31.632550,5.00,1295,"[""https://dzuwwfttnigeisicqyto.supabase.co/storage/v1/object/public/riadsimages/riad_alili/92676242.jpg"",""https://dzuwwfttnigeisicqyto.supabase.co/storage/v1/object/public/riadsimages/riad_alili/548365265.jpg"",""https://dzuwwfttnigeisicqyto.supabase.co/storage/v1/object/public/riadsimages/riad_alili/92647248.jpg"",""https://dzuwwfttnigeisicqyto.supabase.co/storage/v1/object/public/riadsimages/riad_alili/93772278.jpg"",""https://dzuwwfttnigeisicqyto.supabase.co/storage/v1/object/public/riadsimages/riad_alili/93797715.jpg""]",,2026-01-24 19:57:47.661076+00
9bd6380b-c12b-4bc0-b4b2-dae6bf254edc,"{""en"":""Riad Dar Marhaba"",""es"":""Riad Dar Marhaba"",""fr"":""Riad Dar Marhaba""}","{""en"":""Moulay Abdelkader, 110 Derb Dabachi, Derb Moulay Abdul Kader, Marrakesh 40000"",""es"":""Moulay Abdelkader, 110 Derb Dabachi, Derb Moulay Abdul Kader, Marrakesh 40000"",""fr"":""Moulay Abdelkader, 110 Derb Dabachi, Derb Moulay Abdul Kader, Marrakesh 40000""}",marrakech,derb_dabachi,riad,"{""en"":""Riad Dar Marhaba is a characterful riad in an authentic area of the medina. The riad is built around a patio designed for relaxation. Its atmosphere is intimate and authentic, ideal for discovering Marrakech while enjoying a calm and refined setting."",""es"":""Riad Dar Marhaba est un Riad de caractère dans un quartier authentique de la médina. Le Riad s’organise autour d’un patio propice au repos. L’atmosphère se veut intime et authentique, idéale pour découvrir Marrakech tout en profitant d’un cadre reposant et soigné."",""fr"":""Riad Dar Marhaba est un riad de caractère dans un quartier authentique de la médina. Le riad s’organise autour d’un patio propice au repos. L’atmosphère se veut intime et authentique, idéale pour découvrir Marrakech tout en profitant d’un cadre reposant et soigné.""}",[],[],[],"{""en"":"""",""es"":"""",""fr"":""""}",x,,,-7.985117,31.627884,4.60,104,"[""https://dzuwwfttnigeisicqyto.supabase.co/storage/v1/object/public/riadsimages/riad_dar_marhaba/265029301.jpg"",""https://dzuwwfttnigeisicqyto.supabase.co/storage/v1/object/public/riadsimages/riad_dar_marhaba/265050412.jpg"",""https://dzuwwfttnigeisicqyto.supabase.co/storage/v1/object/public/riadsimages/riad_dar_marhaba/810294176.jpg"",""https://dzuwwfttnigeisicqyto.supabase.co/storage/v1/object/public/riadsimages/riad_dar_marhaba/265029316.jpg"",""https://dzuwwfttnigeisicqyto.supabase.co/storage/v1/object/public/riadsimages/riad_dar_marhaba/265029333.jpg""]",,2026-01-24 19:57:47.661076+00
9c57d534-a973-42bc-a264-4c85b260e439,"{""en"":""Riad L'Escale De Marrakech"",""es"":""Riad L'Escale De Marrakech"",""fr"":""Riad L'Escale De Marrakech""}","{""en"":""49 Rue Oued El Kebir, Marrakech 40000"",""es"":""49 Rue Oued El Kebir, Marrakech 40000"",""fr"":""49 Rue Oued El Kebir, Marrakech 40000""}",marrakech,gueliz,riad,"{""en"":""Riad L'Escale De Marrakech is a characterful riad in the heart of Marrakech’s medina. The riad is built around a patio designed for relaxation. Its atmosphere is intimate and authentic, ideal for discovering Marrakech while enjoying a calm and refined setting."",""es"":""Riad L'Escale De Marrakech est un Riad de caractère au cœur de la médina de Marrakech. Le Riad s’organise autour d’un patio propice au repos. L’atmosphère se veut intime et authentique, idéale pour découvrir Marrakech tout en profitant d’un cadre reposant et soigné."",""fr"":""Riad L'Escale De Marrakech est un riad de caractère au cœur de la médina de Marrakech. Le riad s’organise autour d’un patio propice au repos. L’atmosphère se veut intime et authentique, idéale pour découvrir Marrakech tout en profitant d’un cadre reposant et soigné.""}","[""choice_of_double_or_single_beds"",""family_rooms_min_3_guests"",""individual_air_conditioning"",""safe"",""wifi"",""pool"",""on_site_restaurant_guest_table"",""rooftop"",""solarium"",""first_aid_kit"",""elevator"",""shared_lounge_tv_room""]","[""breakfast_included"",""special_menus_gluten_free_vegan_etc"",""airport_shuttle"",""on_site_or_nearby_parking"",""room_service"",""24_hour_reception"",""babysitting"",""excursions_desk"",""cleaning_service"",""ironing_service"",""non_smoking_rooms"",""luggage_storage"",""business_services_meeting_reception_room""]","[""free_cancellation_depending_on_rate_plan"",""card_payment_terminal""]","{""en"":"""",""es"":"""",""fr"":""""}",https://www.escaledemarrakech.com/,+212673490002,contact@escaledemarrakech.com,-8.014258,31.658663,4.60,344,"[""https://dzuwwfttnigeisicqyto.supabase.co/storage/v1/object/public/riadsimages/riad_escale_de_marrakech/WhatsApp_Image_2025-12-29_at_19.11.03.jpeg"",""https://dzuwwfttnigeisicqyto.supabase.co/storage/v1/object/public/riadsimages/riad_escale_de_marrakech/WhatsApp_Image_2025-12-29_at_19.13.13.jpeg"",""https://dzuwwfttnigeisicqyto.supabase.co/storage/v1/object/public/riadsimages/riad_escale_de_marrakech/WhatsApp_Image_2025-12-29_at_19.14.04.jpeg"",""https://dzuwwfttnigeisicqyto.supabase.co/storage/v1/object/public/riadsimages/riad_escale_de_marrakech/WhatsApp_Image_2025-12-29_at_19.14.04.jpeg"",""https://dzuwwfttnigeisicqyto.supabase.co/storage/v1/object/public/riadsimages/riad_escale_de_marrakech/WhatsApp_Image_2025-12-29_at_19.09.01.jpeg""]",,2026-01-24 19:57:47.661076+00
9dae5f30-7a72-43c9-b2b3-f75be3f86674,"{""en"":""Riad Irene"",""es"":""Riad Irene"",""fr"":""Riad Irene""}","{""en"":""36 rue Kaa Akhlige, Marrakech 40030"",""es"":""36 rue Kaa Akhlige, Marrakech 40030"",""fr"":""36 rue Kaa Akhlige, Marrakech 40030""}",marrakech,riad_laarous,riad,"{""en"":""Riad Irene is a characterful riad in an authentic area of the medina. The riad is built around a patio designed for relaxation. Its atmosphere is intimate and authentic, ideal for discovering Marrakech while enjoying a calm and refined setting."",""es"":""Riad Irene est un Riad de caractère dans un quartier authentique de la médina. Le Riad s’organise autour d’un patio propice au repos. L’atmosphère se veut intime et authentique, idéale pour découvrir Marrakech tout en profitant d’un cadre reposant et soigné."",""fr"":""Riad Irene est un riad de caractère dans un quartier authentique de la médina. Le riad s’organise autour d’un patio propice au repos. L’atmosphère se veut intime et authentique, idéale pour découvrir Marrakech tout en profitant d’un cadre reposant et soigné.""}",[],[],[],"{""en"":"""",""es"":"""",""fr"":""""}",riad-irene.com,,,-7.993565,31.638131,4.60,230,"[""https://dzuwwfttnigeisicqyto.supabase.co/storage/v1/object/public/riadsimages/riad_irene/37804771.jpg"",""https://dzuwwfttnigeisicqyto.supabase.co/storage/v1/object/public/riadsimages/riad_irene/31084963.jpg"",""https://dzuwwfttnigeisicqyto.supabase.co/storage/v1/object/public/riadsimages/riad_irene/15769791.jpg"",""https://dzuwwfttnigeisicqyto.supabase.co/storage/v1/object/public/riadsimages/riad_irene/46150235.jpg"",""https://dzuwwfttnigeisicqyto.supabase.co/storage/v1/object/public/riadsimages/riad_irene/148974163.jpg""]",,2026-01-24 19:57:47.661076+00
9f3b47fe-47af-4606-8f0e-5601a51bcf94,"{""en"":""Riad Ksar Agdid"",""es"":""Riad Ksar Agdid"",""fr"":""Riad Ksar Agdid""}","{""en"":""J2GF+3CW، شارع با حماد, Marrakesh 40000"",""es"":""J2GF+3CW، شارع با حماد, Marrakesh 40000"",""fr"":""J2GF+3CW، شارع با حماد, Marrakesh 40000""}",marrakech,mellah,riad,"{""en"":""Large traditional riad of 400 m², a bourgeois residence restored while respecting the authenticity of the place. A 130 m² patio in Carrara marble and Fez zellige tiles, extremely sunny, with a lush garden and a marble fountain. Domed ceilings, antique painted wood (zouaq), brick vaults, zellige, tadelakt, and finely carved stucco decoration remind us that we are indeed in a true Marrakchi riad. Refined decoration with oriental paintings, carpets, antique furniture, and objects. For your comfort, all rooms in the riad are air-conditioned (hot/cold), with Wi-Fi internet and IPTV television in the living room. On the terrace: sun loungers, pergola, and a heated pool. The riad’s cuisine is also renowned; the cook (by reservation) is at your disposal to let you enjoy traditional Moroccan dishes. We also have a hammam and a massage room. Your stay at Riad Ksar Agdid means tranquility, luxury, and authenticity. Located 1200 meters from Jemaa el-Fnaa Square, close to Place des Ferblantiers, Bahia Palace, and Badi Palace. 2 km from Amelkis and Royal golf courses. Parking in front of the riad door."",""es"":""Gran riad tradicional de 400 m², una residencia burguesa restaurada respetando la autenticidad del lugar. Patio de 130 m² en mármol de Carrara y zellige de Fez, muy soleado, con un jardín exuberante y una fuente de mármol. Techos en cúpula, madera antigua pintada (zouaq), bóvedas de ladrillo, zellige, tadelakt y decoración de estuco finamente tallado recuerdan que estamos en un verdadero riad marrakchi. Decoración refinada con cuadros orientalistas, alfombras, muebles y objetos antiguos. Para su comodidad, todas las habitaciones del riad están climatizadas (frío/calor), con internet wifi y televisión IPTV en el salón. En la terraza: tumbonas, pérgola y piscina climatizada. La cocina del riad también es reconocida; la cocinera (con reserva) está a su disposición para hacerle descubrir los platos tradicionales marroquíes. También disponemos de hammam y sala de masajes. Su estancia en el Riad Ksar Agdid es sinónimo de tranquilidad, lujo y autenticidad. Situado a 1200 metros de la plaza Jemaa el-Fnaa, cerca de la Place des Ferblantiers, los palacios Bahia y Badi. A 2 km de los campos de golf Amelkis y Royal. Aparcamiento frente a la puerta del riad."",""fr"":""Grand Riad ancien de 400 m2, demeure bourgeoise restaurée en respectant l'authenticité du lieu. Patio de 130m2 en marbre de Carrare et zelliges de Fès, extrêmement ensoleillé, jardin luxuriant, fontaine en marbre. Plafonds en coupoles, en bois ancien zouaqué, voûtés en briques, zelliges, tadelakt, décor de stuk finement ciselé, rappellent que nous sommes bien dans un vrai Riad Marrakchi. Décoration raffinée, tableaux orientalistes, tapis, meubles et objets anciens. Pour votre confort toutes les pièces du Riad sont climatisées (chaud/froid) Internet wifi, télévision IPTV dans le salon. En terrasse transats, pergola , bassin chauffé. La table du Riad est aussi réputée, la cuisinière (sur réservations) , est à votre disposition pour vous faire apprécier les plats traditionnels marocains. Nous disposons également d'un hammam et d'une salle de massage. Votre séjour au Riad Ksar Agdid, c'est la quiétude, le luxe, l'authenticité. Situé à 1200 mètres de la Place Jmaa El Fnaa, proche de la Place des Ferblantiers, des Palais Bahia et Badi. A 2km des golfs Amelkis et Royal. Parking devant la porte du Riad.""}","[""choice_of_double_or_single_beds"",""family_rooms_min_3_guests"",""individual_air_conditioning"",""safe"",""wifi"",""piscine_chauffee"",""spa_hammam"",""on_site_restaurant_guest_table"",""bar"",""rooftop"",""garden"",""solarium"",""first_aid_kit"",""shared_lounge_tv_room"",""video_surveillance_common_areas_and_outdoors""]","[""breakfast_included"",""airport_shuttle"",""on_site_or_nearby_parking"",""24_hour_reception"",""excursions_desk"",""cleaning_service"",""ironing_service"",""non_smoking_rooms"",""currency_exchange"",""luggage_storage""]","[""free_cancellation_depending_on_rate_plan""]","{""en"":"""",""es"":"""",""fr"":""""}",X,+212613079413,riadagdid.marrakech@gmail.com,-7.976465,31.625275,5.00,5,"[""https://dzuwwfttnigeisicqyto.supabase.co/storage/v1/object/public/riadsimages/riad_ksar_agdid/Photo_Arnaud_Riad_Agdid_2.jpg"",""https://dzuwwfttnigeisicqyto.supabase.co/storage/v1/object/public/riadsimages/riad_ksar_agdid/Photo_Chambre_double_douiria.jpg"",""https://dzuwwfttnigeisicqyto.supabase.co/storage/v1/object/public/riadsimages/riad_ksar_agdid/Photo_Arnaud_Riad_Agdid_38.jpg"",""https://dzuwwfttnigeisicqyto.supabase.co/storage/v1/object/public/riadsimages/riad_ksar_agdid/Photo_Arnaud_Riad_Agdid_47.jpg"",""https://dzuwwfttnigeisicqyto.supabase.co/storage/v1/object/public/riadsimages/riad_ksar_agdid/Photo_Arnaud_Riad_Agdid_46.jpg.jpeg""]",,2026-01-24 19:57:47.661076+00
9f767096-9c35-41ad-b562-360f8b683d25,"{""en"":""Riad Dar Al Assad"",""es"":""Riad Dar Al Assad"",""fr"":""Riad Dar Al Assad""}","{""en"":""29 Derb El Hajra, Marrakesh 40000"",""es"":""29 Derb El Hajra, Marrakesh 40000"",""fr"":""29 Derb El Hajra, Marrakesh 40000""}",marrakech,derb_dabachi,riad,"{""en"":""Riad Dar Al Assad is a characterful riad in the heart of Marrakech’s medina. The riad is built around a patio designed for relaxation. Its atmosphere is intimate and authentic, ideal for discovering Marrakech while enjoying a calm and refined setting."",""es"":""Riad Dar Al Assad est un Riad de caractère au cœur de la médina de Marrakech. Le Riad s’organise autour d’un patio propice au repos. L’atmosphère se veut intime et authentique, idéale pour découvrir Marrakech tout en profitant d’un cadre reposant et soigné."",""fr"":""Riad Dar Al Assad est un riad de caractère au cœur de la médina de Marrakech. Le riad s’organise autour d’un patio propice au repos. L’atmosphère se veut intime et authentique, idéale pour découvrir Marrakech tout en profitant d’un cadre reposant et soigné.""}","[""choice_of_double_or_single_beds"",""family_rooms_min_3_guests"",""individual_air_conditioning"",""baby_equipment_crib_high_chairs"",""safe"",""wifi"",""in_room_tv"",""piscine_chauffee"",""spa_hammam"",""on_site_restaurant_guest_table"",""rooftop"",""first_aid_kit"",""video_surveillance_common_areas_and_outdoors""]","[""breakfast_included"",""special_menus_gluten_free_vegan_etc"",""airport_shuttle"",""cooking_class"",""room_service"",""24_hour_reception"",""babysitting"",""on_site_activities"",""excursions_desk"",""cleaning_service"",""ironing_service"",""non_smoking_rooms"",""luggage_storage"",""business_services_meeting_reception_room"",""hammam_massages_craft_workshops""]","[""card_payment_terminal""]","{""en"":"""",""es"":"""",""fr"":""""}",https://riad-daralassad-marrakech.com/,+2120706099581,contact@riad-daralassad-marrakech.com,-7.984434,31.626727,4.80,339,"[""https://dzuwwfttnigeisicqyto.supabase.co/storage/v1/object/public/riadsimages/riad_dar_al_assad/IMG_7810.jpeg"",""https://dzuwwfttnigeisicqyto.supabase.co/storage/v1/object/public/riadsimages/riad_dar_al_assad/IMG_7739.jpeg"",""https://dzuwwfttnigeisicqyto.supabase.co/storage/v1/object/public/riadsimages/riad_dar_al_assad/IMG_2540.jpeg"",""https://dzuwwfttnigeisicqyto.supabase.co/storage/v1/object/public/riadsimages/riad_dar_al_assad/IMG_7665.jpeg"",""https://dzuwwfttnigeisicqyto.supabase.co/storage/v1/object/public/riadsimages/riad_dar_al_assad/IMG_8405.jpeg""]",,2026-01-24 19:57:47.661076+00
a1e3dfd9-b764-49d7-b1cf-0f350c353286,"{""en"":""Riad Rockech"",""es"":""Riad Rockech"",""fr"":""Riad Rockech""}","{""en"":""138 derb kbala, Marrakech 40000"",""es"":""138 derb kbala, Marrakech 40000"",""fr"":""138 derb kbala, Marrakech 40000""}",marrakech,kasbah,riad,"{""en"":""Riad Rockech is a characterful riad in an authentic area of the medina. The riad is built around a patio designed for relaxation. Its atmosphere is intimate and authentic, ideal for discovering Marrakech while enjoying a calm and refined setting."",""es"":""Riad Rockech est un Riad de caractère dans un quartier authentique de la médina. Le Riad s’organise autour d’un patio propice au repos. L’atmosphère se veut intime et authentique, idéale pour découvrir Marrakech tout en profitant d’un cadre reposant et soigné."",""fr"":""Riad Rockech est un riad de caractère dans un quartier authentique de la médina. Le riad s’organise autour d’un patio propice au repos. L’atmosphère se veut intime et authentique, idéale pour découvrir Marrakech tout en profitant d’un cadre reposant et soigné.""}",[],[],[],"{""en"":"""",""es"":"""",""fr"":""""}",inmedina.com,,,-7.989006,31.613012,4.30,170,"[""https://dzuwwfttnigeisicqyto.supabase.co/storage/v1/object/public/riadsimages/riad_rockech/291073944.jpg"",""https://dzuwwfttnigeisicqyto.supabase.co/storage/v1/object/public/riadsimages/riad_rockech/291074410.jpg"",""https://dzuwwfttnigeisicqyto.supabase.co/storage/v1/object/public/riadsimages/riad_rockech/291074440.jpg"",""https://dzuwwfttnigeisicqyto.supabase.co/storage/v1/object/public/riadsimages/riad_rockech/291074428.jpg"",""https://dzuwwfttnigeisicqyto.supabase.co/storage/v1/object/public/riadsimages/riad_rockech/291074447.jpg""]",,2026-01-24 19:57:47.661076+00
a35bf314-4a62-4790-8ccf-b676c98e8cf1,"{""en"":""Riad Ayni"",""es"":""Riad Ayni"",""fr"":""Riad Ayni""}","{""en"":""7 DERB CHAOUI, Marrakesh 40000"",""es"":""7 DERB CHAOUI, Marrakesh 40000"",""fr"":""7 DERB CHAOUI, Marrakesh 40000""}",marrakech,bab_doukkala,riad,"{""en"":""Riad Ayni is a characterful riad in an authentic area of the medina. The riad is built around a patio designed for relaxation. Its atmosphere is intimate and authentic, ideal for discovering Marrakech while enjoying a calm and refined setting."",""es"":""Riad Ayni est un Riad de caractère dans un quartier authentique de la médina. Le Riad s’organise autour d’un patio propice au repos. L’atmosphère se veut intime et authentique, idéale pour découvrir Marrakech tout en profitant d’un cadre reposant et soigné."",""fr"":""Riad Ayni est un riad de caractère dans un quartier authentique de la médina. Le riad s’organise autour d’un patio propice au repos. L’atmosphère se veut intime et authentique, idéale pour découvrir Marrakech tout en profitant d’un cadre reposant et soigné.""}","[""choice_of_double_or_single_beds"",""individual_air_conditioning"",""baby_equipment_crib_high_chairs"",""safe"",""wifi"",""in_room_tv"",""pool"",""spa_hammam"",""on_site_restaurant_guest_table"",""rooftop"",""solarium"",""shared_lounge_tv_room"",""video_surveillance_common_areas_and_outdoors""]","[""breakfast_included"",""airport_shuttle"",""on_site_or_nearby_parking"",""cooking_class"",""24_hour_reception"",""excursions_desk"",""cleaning_service"",""ironing_service"",""non_smoking_rooms"",""luggage_storage"",""hammam"",""massage"",""pedicure"",""manicure""]","[""free_cancellation_depending_on_rate_plan"",""card_payment_terminal""]","{""en"":"""",""es"":"""",""fr"":""""}",https://www.riadayni.com/,+212524375123,riadayni@gmail.com,-7.991390,31.641226,4.40,173,"[""https://dzuwwfttnigeisicqyto.supabase.co/storage/v1/object/public/riadsimages/Riad_ayni/_DSC7182.jpg"",""https://dzuwwfttnigeisicqyto.supabase.co/storage/v1/object/public/riadsimages/Riad_ayni/Idrissides.jpg"",""https://dzuwwfttnigeisicqyto.supabase.co/storage/v1/object/public/riadsimages/Riad_ayni/DSC_0176.jpg"",""https://dzuwwfttnigeisicqyto.supabase.co/storage/v1/object/public/riadsimages/Riad_ayni/DSC_0263.JPG"",""https://dzuwwfttnigeisicqyto.supabase.co/storage/v1/object/public/riadsimages/Riad_ayni/_DSC7640-HDR.jpg""]",,2026-01-24 19:57:47.661076+00
a520ac3e-e880-45cc-92b9-8435835f355c,"{""en"":""Riad Houdou"",""es"":""Riad Houdou"",""fr"":""Riad Houdou""}","{""en"":""54 Derb lhammam, El moukef rue, Marrakech 40000"",""es"":""54 Derb lhammam, El moukef rue, Marrakech 40000"",""fr"":""54 Derb lhammam, El moukef rue, Marrakech 40000""}",marrakech,ben_youssef,riad,"{""en"":""Riad Houdou is a characterful riad in an authentic area of the medina. The riad is built around a patio designed for relaxation. Its atmosphere is intimate and authentic, ideal for discovering Marrakech while enjoying a calm and refined setting."",""es"":""Riad Houdou est un Riad de caractère dans un quartier authentique de la médina. Le Riad s’organise autour d’un patio propice au repos. L’atmosphère se veut intime et authentique, idéale pour découvrir Marrakech tout en profitant d’un cadre reposant et soigné."",""fr"":""Riad Houdou est un riad de caractère dans un quartier authentique de la médina. Le riad s’organise autour d’un patio propice au repos. L’atmosphère se veut intime et authentique, idéale pour découvrir Marrakech tout en profitant d’un cadre reposant et soigné.""}",[],[],[],"{""en"":"""",""es"":"""",""fr"":""""}",riadhoudou.com,,,-7.981916,31.632127,4.90,2225,"[""https://dzuwwfttnigeisicqyto.supabase.co/storage/v1/object/public/riadsimages/riad_houdou/229699074.jpg"",""https://dzuwwfttnigeisicqyto.supabase.co/storage/v1/object/public/riadsimages/riad_houdou/229698390.jpg"",""https://dzuwwfttnigeisicqyto.supabase.co/storage/v1/object/public/riadsimages/riad_houdou/55882300.jpg"",""https://dzuwwfttnigeisicqyto.supabase.co/storage/v1/object/public/riadsimages/riad_houdou/55881028.jpg"",""https://dzuwwfttnigeisicqyto.supabase.co/storage/v1/object/public/riadsimages/riad_houdou/229698350.jpg""]",,2026-01-24 19:57:47.661076+00
a9de08a2-5164-45cb-b07e-304a1d031a78,"{""en"":""Riad Dar Housnia"",""es"":""Riad Dar Housnia"",""fr"":""Riad Dar Housnia""}","{""en"":""2 Derb lalla Azouna, Marrakesh 40000"",""es"":""2 Derb lalla Azouna, Marrakesh 40000"",""fr"":""2 Derb lalla Azouna, Marrakesh 40000""}",marrakech,ben_youssef,riad,"{""en"":""Riad Dar Housnia is a characterful riad in an authentic area of the medina. The riad is built around a patio designed for relaxation. Its atmosphere is intimate and authentic, ideal for discovering Marrakech while enjoying a calm and refined setting."",""es"":""Riad Dar Housnia est un Riad de caractère dans un quartier authentique de la médina. Le Riad s’organise autour d’un patio propice au repos. L’atmosphère se veut intime et authentique, idéale pour découvrir Marrakech tout en profitant d’un cadre reposant et soigné."",""fr"":""Riad Dar Housnia est un riad de caractère dans un quartier authentique de la médina. Le riad s’organise autour d’un patio propice au repos. L’atmosphère se veut intime et authentique, idéale pour découvrir Marrakech tout en profitant d’un cadre reposant et soigné.""}","[""choice_of_double_or_single_beds"",""family_rooms_min_3_guests"",""individual_air_conditioning"",""baby_equipment_crib_high_chairs"",""safe"",""wifi"",""pool"",""heated_pool"",""spa_hammam"",""on_site_restaurant_guest_table"",""rooftop"",""solarium"",""first_aid_kit"",""video_surveillance_common_areas_and_outdoors"",""massage_room""]","[""breakfast_included"",""special_menus_gluten_free_vegan_etc"",""airport_shuttle"",""on_site_or_nearby_parking"",""cooking_class"",""24_hour_reception"",""babysitting"",""on_site_activities"",""excursions_desk"",""cleaning_service"",""ironing_service"",""non_smoking_rooms"",""luggage_storage""]","[""card_payment_terminal""]","{""en"":"""",""es"":"""",""fr"":""""}",https://www.dar-housnia.com/,+212 524 37 66 97,info@dar-housnia.com,-7.983040,31.631365,4.80,318,"[""https://dzuwwfttnigeisicqyto.supabase.co/storage/v1/object/public/riadsimages/riad_dar_housnia/114917318.jpg"",""https://dzuwwfttnigeisicqyto.supabase.co/storage/v1/object/public/riadsimages/riad_dar_housnia/133631475%20(1).jpg"",""https://dzuwwfttnigeisicqyto.supabase.co/storage/v1/object/public/riadsimages/riad_dar_housnia/133631839.jpg"",""https://dzuwwfttnigeisicqyto.supabase.co/storage/v1/object/public/riadsimages/riad_dar_housnia/118240540.jpg"",""https://dzuwwfttnigeisicqyto.supabase.co/storage/v1/object/public/riadsimages/riad_dar_housnia/166806461.jpg""]",,2026-01-24 19:57:47.661076+00
adb0b221-dcd4-4b74-9f6a-0eb42a5305d3,"{""en"":""Riad Dar Attajmil"",""es"":""Riad Dar Attajmil"",""fr"":""Riad Dar Attajmil""}","{""en"":""23 Souk Laksour, Marrakesh 40008"",""es"":""23 Souk Laksour, Marrakesh 40008"",""fr"":""23 Souk Laksour, Marrakesh 40008""}",marrakech,mouassine,riad,"{""en"":""Riad Dar Attajmil is a characterful riad in an authentic area of the medina. The riad is built around a patio designed for relaxation. Its atmosphere is intimate and authentic, ideal for discovering Marrakech while enjoying a calm and refined setting."",""es"":""Riad Dar Attajmil est un Riad de caractère dans un quartier authentique de la médina. Le Riad s’organise autour d’un patio propice au repos. L’atmosphère se veut intime et authentique, idéale pour découvrir Marrakech tout en profitant d’un cadre reposant et soigné."",""fr"":""Dar Attajmil, est une maison traditionnelle restaurée dans le respect des techniques traditionnelles et en harmonie avec l’esprit  de la demeure de jadis.\nPetite oasis de paix, cette maison à l'atmosphère intime et decontractée est située à 100 mt de la porte Laksour, accès à l'un des quartiers les plus prestigieux de la medina. \nL’architecture d’antan fusionne avec le confort moderne et notre goût personnel pour les choses simples.\nAprès une journée plongés dans l’animation de la Médina, sera pour vous un plaisir de retrouver l’ambiance sereine et familiale de notre maison.""}","[""choice_of_double_or_single_beds"",""individual_air_conditioning"",""safe"",""wifi"",""spa_hammam"",""on_site_restaurant_guest_table"",""rooftop"",""first_aid_kit"",""video_surveillance_common_areas_and_outdoors"",""family_rooms_min_3_guests"",""library"",""moroccan_patio"",""massage_room"",""patio_fountain_shaded_relaxation_areas"",""traditional_moroccan_fountain""]","[""breakfast_included"",""special_menus_gluten_free_vegan_etc"",""airport_shuttle"",""on_site_or_nearby_parking"",""cooking_class"",""24_hour_reception"",""cleaning_service"",""ironing_service"",""non_smoking_rooms"",""luggage_storage"",""bookings_golf"",""dinner"",""lunch"",""manicure"",""on_site_massages_and_treatments"",""hammam"",""parking_a_proximite"",""pedicure"",""riad_for_exclusive_use"",""spa_hammam_and_massage"",""wifi""]","[""no_prepayment"",""card_payment_terminal""]","{""en"":"""",""es"":"""",""fr"":""""}",darattajmil.com,+212524426966,darattajmil@gmail.com,-7.991863,31.627580,4.90,101,"[""https://dzuwwfttnigeisicqyto.supabase.co/storage/v1/object/public/riadsimages/riad_dar_attajmil/102539742.jpg"",""https://dzuwwfttnigeisicqyto.supabase.co/storage/v1/object/public/riadsimages/riad_dar_attajmil/102539103.jpg"",""https://dzuwwfttnigeisicqyto.supabase.co/storage/v1/object/public/riadsimages/riad_dar_attajmil/38888901.jpg"",""https://dzuwwfttnigeisicqyto.supabase.co/storage/v1/object/public/riadsimages/riad_dar_attajmil/16539013.jpg"",""https://dzuwwfttnigeisicqyto.supabase.co/storage/v1/object/public/riadsimages/riad_dar_attajmil/102539002.jpg""]",,2026-01-24 19:57:47.661076+00
ae7e8fea-bb89-44a7-9d1a-2e4f486ba58e,"{""en"":""Riad Fleur D'Orient"",""es"":""Riad Fleur D'Orient"",""fr"":""Riad Fleur D'Orient""}","{""en"":""Bab Doukkala Derb El Halfaoui، N60, Marrakesh 40000"",""es"":""Bab Doukkala Derb El Halfaoui، N60, Marrakesh 40000"",""fr"":""Bab Doukkala Derb El Halfaoui، N60, Marrakesh 40000""}",marrakech,dar_el_bacha,riad,"{""en"":""In the heart of the medina of Marrakech, Riad Fleur d’Orient welcomes you in a warm and authentic setting. Each room is carefully decorated, combining Moroccan charm with modern comfort. You will enjoy peaceful patios, a small pool, and a relaxed atmosphere, just steps away from the souks and iconic landmarks. The entire riad team ensures that every stay is a simple and soothing moment, where you will feel at home."",""es"":""En el corazón de la medina de Marrakech, el Riad Fleur d’Orient le da la bienvenida en un entorno cálido y auténtico. Cada habitación está cuidadosamente decorada, combinando el encanto marroquí con el confort moderno. Disfrutará de patios tranquilos, una pequeña piscina y un ambiente relajado, a pocos pasos de los zocos y de los lugares emblemáticos. Todo el equipo del riad se asegura de que cada estancia sea un momento sencillo y relajante, donde se sentirá como en casa."",""fr"":""Au cœur de la médina de Marrakech, le Riad Fleur d’Orient vous accueille dans un cadre chaleureux et authentique. Chaque chambre est décorée avec soin, mêlant charme marocain et confort moderne. Vous profiterez de patios paisibles, d’une petite piscine, et d’une atmosphère détendue, à deux pas des souks et des sites emblématiques. Toute l’équipe du riad veille à ce que chaque séjour soit un moment simple, apaisant, où vous vous sentirez comme chez vous.""}","[""double_beds_only"",""family_rooms_min_3_guests"",""individual_air_conditioning"",""baby_equipment_crib_high_chairs"",""safe"",""wifi"",""in_room_tv"",""pool"",""spa_hammam"",""on_site_restaurant_guest_table"",""rooftop"",""garden"",""solarium"",""first_aid_kit"",""shared_lounge_tv_room"",""video_surveillance_common_areas_and_outdoors""]","[""breakfast_included"",""special_menus_gluten_free_vegan_etc"",""airport_shuttle"",""on_site_or_nearby_parking"",""cooking_class"",""24_hour_reception"",""on_site_activities"",""excursions_desk"",""cleaning_service"",""ironing_service"",""non_smoking_rooms"",""luggage_storage""]","[""free_cancellation_depending_on_rate_plan""]","{""en"":""At the Riad, our team is fully committed to making your stay memorable. Do not hesitate to reach out for any request, we will be happy to assist you."",""es"":""At the Riad, our team is fully committed to making your stay memorable. Do not hesitate to reach out for any request, we will be happy to assist you."",""fr"":""At the Riad, our team is fully committed to making your stay memorable. Do not hesitate to reach out for any request, we will be happy to assist you.""}",https://www.riadfleurdorient.com/,+212524387512,riadfleurdorient@gmail.com,-7.993663,31.632648,4.70,370,"[""https://dzuwwfttnigeisicqyto.supabase.co/storage/v1/object/public/riadsimages/riad_fleur_orient/vue_d_ensemble.jpg"",""https://dzuwwfttnigeisicqyto.supabase.co/storage/v1/object/public/riadsimages/riad_fleur_orient/Suite_Dar_Rachida.jpg"",""https://dzuwwfttnigeisicqyto.supabase.co/storage/v1/object/public/riadsimages/riad_fleur_orient/Patio_riad_fleur_d_orient.jpg"",""https://dzuwwfttnigeisicqyto.supabase.co/storage/v1/object/public/riadsimages/riad_fleur_orient/surterasse.jpg"",""https://dzuwwfttnigeisicqyto.supabase.co/storage/v1/object/public/riadsimages/riad_fleur_orient/Salon_riad_fleur_d_orient.jpg""]",,2026-01-24 19:57:47.661076+00
af19df60-70dd-4b59-9e02-9eddc073ba31,"{""en"":""Riad K White"",""es"":""Riad K White"",""fr"":""Riad K White""}","{""en"":""messaoudi hay, N 19 derb, Souk Laksour, Marrakesh"",""es"":""messaoudi hay, N 19 derb, Souk Laksour, Marrakesh"",""fr"":""messaoudi hay, N 19 derb, Souk Laksour, Marrakesh""}",marrakech,dar_el_bacha,riad,"{""en"":""Riad K White is a characterful riad in an authentic area of the medina. The riad is built around a patio designed for relaxation. Its atmosphere is intimate and authentic, ideal for discovering Marrakech while enjoying a calm and refined setting."",""es"":""Riad K White est un Riad de caractère dans un quartier authentique de la médina. Le Riad s’organise autour d’un patio propice au repos. L’atmosphère se veut intime et authentique, idéale pour découvrir Marrakech tout en profitant d’un cadre reposant et soigné."",""fr"":""Riad K White est un riad de caractère dans un quartier authentique de la médina. Le riad s’organise autour d’un patio propice au repos. L’atmosphère se veut intime et authentique, idéale pour découvrir Marrakech tout en profitant d’un cadre reposant et soigné.""}",[],[],[],"{""en"":"""",""es"":"""",""fr"":""""}",https://riadkwhite.morocco-ma.website/en/,,,-7.991973,31.627774,4.90,65,"[""https://dzuwwfttnigeisicqyto.supabase.co/storage/v1/object/public/riadsimages/riad_K_white/628787067.jpg"",""https://dzuwwfttnigeisicqyto.supabase.co/storage/v1/object/public/riadsimages/riad_K_white/630484965.jpg"",""https://dzuwwfttnigeisicqyto.supabase.co/storage/v1/object/public/riadsimages/riad_K_white/521355831.jpg"",""https://dzuwwfttnigeisicqyto.supabase.co/storage/v1/object/public/riadsimages/riad_K_white/630485959.jpg"",""https://dzuwwfttnigeisicqyto.supabase.co/storage/v1/object/public/riadsimages/riad_K_white/521340665.jpg""]",,2026-01-24 19:57:47.661076+00
af649c10-ab66-467c-b49c-f7bf125c5669,"{""en"":""Riad Belle Epoque"",""es"":""Riad Belle Epoque"",""fr"":""Riad Belle Epoque""}","{""en"":""29 Derb Sidi Bou Amar, Marrakesh 40000"",""es"":""29 Derb Sidi Bou Amar, Marrakesh 40000"",""fr"":""29 Derb Sidi Bou Amar, Marrakesh 40000""}",marrakech,derb_sidi_bou_amar,riad,"{""en"":""Riad Belle Epoque is a characterful riad in an authentic area of the medina. The riad is built around a patio designed for relaxation. Its atmosphere is intimate and authentic, ideal for discovering Marrakech while enjoying a calm and refined setting."",""es"":""Riad Belle Epoque est un Riad de caractère dans un quartier authentique de la médina. Le Riad s’organise autour d’un patio propice au repos. L’atmosphère se veut intime et authentique, idéale pour découvrir Marrakech tout en profitant d’un cadre reposant et soigné."",""fr"":""Riad Belle Epoque est un riad de caractère dans un quartier authentique de la médina. Le riad s’organise autour d’un patio propice au repos. L’atmosphère se veut intime et authentique, idéale pour découvrir Marrakech tout en profitant d’un cadre reposant et soigné.""}",[],[],[],"{""en"":"""",""es"":"""",""fr"":""""}",https://riadbelleepoque.com/,+34 629 15 04 34,info@riadbelleepoque.com,-7.993773,31.634194,4.80,682,"[""https://dzuwwfttnigeisicqyto.supabase.co/storage/v1/object/public/riadsimages/riad_belle_epoque/22449325.jpg"",""https://dzuwwfttnigeisicqyto.supabase.co/storage/v1/object/public/riadsimages/riad_belle_epoque/109067325.jpg"",""https://dzuwwfttnigeisicqyto.supabase.co/storage/v1/object/public/riadsimages/riad_belle_epoque/41875166.jpg"",""https://dzuwwfttnigeisicqyto.supabase.co/storage/v1/object/public/riadsimages/riad_belle_epoque/22444806.jpg"",""https://dzuwwfttnigeisicqyto.supabase.co/storage/v1/object/public/riadsimages/riad_belle_epoque/8467959.jpg""]",,2026-01-24 19:57:47.661076+00
b01544e8-857f-4ad9-8af4-c2f60c710a04,"{""en"":""Riad Dar Akal"",""es"":""Riad Dar Akal"",""fr"":""Riad Dar Akal""}","{""en"":""32 Derb lalla Azouna, عزون 40000"",""es"":""32 Derb lalla Azouna, عزون 40000"",""fr"":""32 Derb lalla Azouna, عزون 40000""}",marrakech,ben_youssef,riad,"{""en"":""Riad Dar Akal is a characterful riad in the heart of Marrakech’s medina. The riad is built around a patio designed for relaxation. Its atmosphere is intimate and authentic, ideal for discovering Marrakech while enjoying a calm and refined setting."",""es"":""Riad Dar Akal est un Riad de caractère au cœur de la médina de Marrakech. Le Riad s’organise autour d’un patio propice au repos. L’atmosphère se veut intime et authentique, idéale pour découvrir Marrakech tout en profitant d’un cadre reposant et soigné."",""fr"":""Riad Dar Akal est un riad de caractère au cœur de la médina de Marrakech. Le riad s’organise autour d’un patio propice au repos. L’atmosphère se veut intime et authentique, idéale pour découvrir Marrakech tout en profitant d’un cadre reposant et soigné.""}","[""choice_of_double_or_single_beds"",""family_rooms_min_3_guests"",""individual_air_conditioning"",""baby_equipment_crib_high_chairs"",""safe"",""wifi"",""pool"",""spa_hammam"",""on_site_restaurant_guest_table"",""rooftop"",""garden"",""video_surveillance_common_areas_and_outdoors""]","[""breakfast_included"",""special_menus_gluten_free_vegan_etc"",""airport_shuttle"",""on_site_or_nearby_parking"",""room_service"",""24_hour_reception"",""cleaning_service"",""luggage_storage""]","[""free_cancellation_depending_on_rate_plan"",""no_prepayment"",""card_payment_terminal""]","{""en"":""Concernant le descriptif, je vous propose le texte suivant : \n\nNiché au fond d'une ruelle très calme, situé à deux pas des souks et de la Médersa Ben Youssef, à quelques minutes à pied de la place Jemaa El Fna, Dar Akal vous ouvre ses portes. Sortir de l'ambiance enfiévrée et tourbillonnante de la médina et se retrouver dans le calme du patio, le contraste est saisissant. Nous avons souhaité faire de Dar Akal, vieux Riad du XVIIIe siècle, un oasis de sérénité et de fraîcheur que l'on retrouve avec bonheur après une journée effrénée dans la médina ou au retour de l’Atlas, du désert ou d’Essaouira.Vous pourrez alors vous détendre dans le Hammam ou vous baigner dans le bassin sur la terrasse.\nLe Riad dispose de 3 chambres et de 2 suites familiales. Il a une capacité maximale de 14 personnes. Il est possible de privatiser l'ensemble du Riad. \n\nPour les notes : Google : 4, 8/5 (102 avis), Tripadvisor: 4, 9/5 (788 avis).\n\nPar ailleurs j'ai oublié de mettre le numéro de téléphone de Said, notre manager : +212 6 67 01 00 99"",""es"":""Concernant le descriptif, je vous propose le texte suivant : \n\nNiché au fond d'une ruelle très calme, situé à deux pas des souks et de la Médersa Ben Youssef, à quelques minutes à pied de la place Jemaa El Fna, Dar Akal vous ouvre ses portes. Sortir de l'ambiance enfiévrée et tourbillonnante de la médina et se retrouver dans le calme du patio, le contraste est saisissant. Nous avons souhaité faire de Dar Akal, vieux Riad du XVIIIe siècle, un oasis de sérénité et de fraîcheur que l'on retrouve avec bonheur après une journée effrénée dans la médina ou au retour de l’Atlas, du désert ou d’Essaouira.Vous pourrez alors vous détendre dans le Hammam ou vous baigner dans le bassin sur la terrasse.\nLe Riad dispose de 3 chambres et de 2 suites familiales. Il a une capacité maximale de 14 personnes. Il est possible de privatiser l'ensemble du Riad. \n\nPour les notes : Google : 4, 8/5 (102 avis), Tripadvisor: 4, 9/5 (788 avis).\n\nPar ailleurs j'ai oublié de mettre le numéro de téléphone de Said, notre manager : +212 6 67 01 00 99"",""fr"":""Concernant le descriptif, je vous propose le texte suivant : \n\nNiché au fond d'une ruelle très calme, situé à deux pas des souks et de la Médersa Ben Youssef, à quelques minutes à pied de la place Jemaa El Fna, Dar Akal vous ouvre ses portes. Sortir de l'ambiance enfiévrée et tourbillonnante de la médina et se retrouver dans le calme du patio, le contraste est saisissant. Nous avons souhaité faire de Dar Akal, vieux Riad du XVIIIe siècle, un oasis de sérénité et de fraîcheur que l'on retrouve avec bonheur après une journée effrénée dans la médina ou au retour de l’Atlas, du désert ou d’Essaouira.Vous pourrez alors vous détendre dans le hammam ou vous baigner dans le bassin sur la terrasse.\nLe Riad dispose de 3 chambres et de 2 suites familiales. Il a une capacité maximale de 14 personnes. Il est possible de privatiser l'ensemble du Riad. \n\nPour les notes : Google : 4, 8/5 (102 avis), Tripadvisor: 4, 9/5 (788 avis).\n\nPar ailleurs j'ai oublié de mettre le numéro de téléphone de Said, notre manager : +212 6 67 01 00 99""}",https://fr.darakal.com/,+212808521983,contact@darakal.com,-7.983374,31.631081,4.90,881,"[""https://dzuwwfttnigeisicqyto.supabase.co/storage/v1/object/public/riadsimages/dar_akal/52C69A97-96DD-4212-840D-B1A88315A826_1_105_c.jpeg"",""https://dzuwwfttnigeisicqyto.supabase.co/storage/v1/object/public/riadsimages/dar_akal/3W7A6503.jpg"",""https://dzuwwfttnigeisicqyto.supabase.co/storage/v1/object/public/riadsimages/dar_akal/3W7A6461.jpg"",""https://dzuwwfttnigeisicqyto.supabase.co/storage/v1/object/public/riadsimages/dar_akal/06FEF92D-162C-442C-B01A-0153EEE81904_1_105_c.jpeg"",""https://dzuwwfttnigeisicqyto.supabase.co/storage/v1/object/public/riadsimages/dar_akal/D91AE505-31F4-4593-A634-A8D4A02CDB33_1_105_c.jpeg"",""https://dzuwwfttnigeisicqyto.supabase.co/storage/v1/object/public/riadsimages/dar_akal/DarAkal-54.jpg""]",,2026-01-24 19:57:47.661076+00
b36df304-2614-4763-82ae-bbcddede3ca9,"{""en"":""Riad Les 4 Jardins"",""es"":""Riad Les 4 Jardins"",""fr"":""Riad Les 4 Jardins""}","{""en"":""6, Derb, Arset Aouzal, Marrakech 40000"",""es"":""6, Derb, Arset Aouzal, Marrakech 40000"",""fr"":""6, Derb, Arset Aouzal, Marrakech 40000""}",marrakech,bab_doukkala,riad,"{""en"":""Riad Les 4 Jardins is a characterful riad in the heart of Marrakech’s medina. The riad is built around a patio designed for relaxation. Its atmosphere is intimate and authentic, ideal for discovering Marrakech while enjoying a calm and refined setting."",""es"":""Riad Les 4 Jardins est un Riad de caractère au cœur de la médina de Marrakech. Le Riad s’organise autour d’un patio propice au repos. L’atmosphère se veut intime et authentique, idéale pour découvrir Marrakech tout en profitant d’un cadre reposant et soigné."",""fr"":""Riad Les 4 Jardins est un riad de caractère au cœur de la médina de Marrakech. Le riad s’organise autour d’un patio propice au repos. L’atmosphère se veut intime et authentique, idéale pour découvrir Marrakech tout en profitant d’un cadre reposant et soigné.""}","[""double_beds_only"",""family_rooms_min_3_guests"",""baby_equipment_crib_high_chairs"",""safe"",""wifi"",""in_room_tv"",""spa_hammam"",""on_site_restaurant_guest_table"",""rooftop"",""garden"",""shared_lounge_tv_room"",""video_surveillance_common_areas_and_outdoors""]","[""breakfast_included"",""special_menus_gluten_free_vegan_etc"",""airport_shuttle"",""on_site_or_nearby_parking"",""cooking_class"",""room_service"",""24_hour_reception"",""excursions_desk"",""cleaning_service"",""non_smoking_rooms""]","[""free_cancellation_depending_on_rate_plan"",""booking_without_a_credit_card""]","{""en"":"""",""es"":"""",""fr"":""""}",riad4jardin.com,+212718919926,riad4jardins@gmail.com,-7.994876,31.631272,4.90,100,"[""https://dzuwwfttnigeisicqyto.supabase.co/storage/v1/object/public/riadsimages/riad_les_4_jardins/768980373.jpg"",""https://dzuwwfttnigeisicqyto.supabase.co/storage/v1/object/public/riadsimages/riad_les_4_jardins/768978465.jpg"",""https://dzuwwfttnigeisicqyto.supabase.co/storage/v1/object/public/riadsimages/riad_les_4_jardins/687581267.jpg"",""https://dzuwwfttnigeisicqyto.supabase.co/storage/v1/object/public/riadsimages/riad_les_4_jardins/768980597.jpg"",""https://dzuwwfttnigeisicqyto.supabase.co/storage/v1/object/public/riadsimages/riad_les_4_jardins/687581337.jpg""]",,2026-01-24 19:57:47.661076+00
b5277864-c0bf-4fdf-89ff-fe83244ce91d,"{""en"":""Riad Azoulay"",""es"":""Riad Azoulay"",""fr"":""Riad Azoulay""}","{""en"":""3 Derb Jamaa El Kebir, Marrakesh 40000"",""es"":""3 Derb Jamaa El Kebir, Marrakesh 40000"",""fr"":""3 Derb Jamaa El Kebir, Marrakesh 40000""}",marrakech,mellah,riad,"{""en"":""Riad Azoulay is a characterful riad in an authentic area of the medina. The riad is built around a patio designed for relaxation. Its atmosphere is intimate and authentic, ideal for discovering Marrakech while enjoying a calm and refined setting."",""es"":""Riad Azoulay est un Riad de caractère dans un quartier authentique de la médina. Le Riad s’organise autour d’un patio propice au repos. L’atmosphère se veut intime et authentique, idéale pour découvrir Marrakech tout en profitant d’un cadre reposant et soigné."",""fr"":""Riad Azoulay est un riad de caractère dans un quartier authentique de la médina. Le riad s’organise autour d’un patio propice au repos. L’atmosphère se veut intime et authentique, idéale pour découvrir Marrakech tout en profitant d’un cadre reposant et soigné.""}","[""choice_of_double_or_single_beds"",""family_rooms_min_3_guests"",""individual_air_conditioning"",""safe"",""wifi"",""pool"",""spa_hammam"",""on_site_restaurant_guest_table"",""rooftop"",""solarium"",""first_aid_kit"",""video_surveillance_common_areas_and_outdoors""]","[""breakfast_included"",""special_menus_gluten_free_vegan_etc"",""airport_shuttle"",""on_site_or_nearby_parking"",""cooking_class"",""room_service"",""24_hour_reception"",""prm_accessibility"",""babysitting"",""pets_allowed"",""on_site_activities"",""excursions_desk"",""cleaning_service"",""ironing_service"",""non_smoking_rooms"",""currency_exchange"",""luggage_storage"",""business_services_meeting_reception_room""]","[""free_cancellation_depending_on_rate_plan"",""booking_without_a_credit_card"",""no_prepayment"",""card_payment_terminal""]","{""en"":"""",""es"":"""",""fr"":""""}",https://www.riad-azoulay.com/,+212 5 2438 3729,"info@riad-azoulay.com ",-7.983133,31.619752,4.90,1315,"[""https://dzuwwfttnigeisicqyto.supabase.co/storage/v1/object/public/riadsimages/riad_azoulay/219062040.jpg"",""https://dzuwwfttnigeisicqyto.supabase.co/storage/v1/object/public/riadsimages/riad_azoulay/219063965.jpg"",""https://dzuwwfttnigeisicqyto.supabase.co/storage/v1/object/public/riadsimages/riad_azoulay/219066603.jpg"",""https://dzuwwfttnigeisicqyto.supabase.co/storage/v1/object/public/riadsimages/riad_azoulay/219066606.jpg"",""https://dzuwwfttnigeisicqyto.supabase.co/storage/v1/object/public/riadsimages/riad_azoulay/491704843.jpg""]",,2026-01-24 19:57:47.661076+00
b593e802-bb0b-4adc-a967-20e6f63fe2e9,"{""en"":""Riad L'Ayel"",""es"":""Riad L'Ayel"",""fr"":""Riad L'Ayel""}","{""en"":""28 Rue Malek Ben El Morahhal, Essaouira 44600"",""es"":""28 Rue Malek Ben El Morahhal, Essaouira 44600"",""fr"":""28 Rue Malek Ben El Morahhal, Essaouira 44600""}",essaouira,essaouira_medina,riad,"{""en"":""Riad L'Ayel is a characterful riad in the heart of Marrakech’s medina. The riad is built around a patio designed for relaxation. Its atmosphere is intimate and authentic, ideal for discovering Marrakech while enjoying a calm and refined setting."",""es"":""Riad L'Ayel est un Riad de caractère au cœur de la médina de Marrakech. Le Riad s’organise autour d’un patio propice au repos. L’atmosphère se veut intime et authentique, idéale pour découvrir Marrakech tout en profitant d’un cadre reposant et soigné."",""fr"":""Riad L'Ayel est un riad de caractère au cœur de la médina de Marrakech. Le riad s’organise autour d’un patio propice au repos. L’atmosphère se veut intime et authentique, idéale pour découvrir Marrakech tout en profitant d’un cadre reposant et soigné.""}","[""double_beds_only"",""single_beds_only"",""family_rooms_min_3_guests"",""baby_equipment_crib_high_chairs"",""safe"",""wifi"",""on_site_restaurant_guest_table"",""rooftop"",""solarium"",""first_aid_kit""]","[""breakfast_included"",""special_menus_gluten_free_vegan_etc"",""airport_shuttle"",""on_site_or_nearby_parking"",""babysitting"",""excursions_desk"",""cleaning_service"",""non_smoking_rooms"",""luggage_storage""]","[""free_cancellation_depending_on_rate_plan"",""card_payment_terminal""]","{""en"":"""",""es"":"""",""fr"":""""}",riad-layel-essaouira.com,+212667115043,layelriad@gmail.com,-9.768606,31.512959,4.70,135,"[""https://dzuwwfttnigeisicqyto.supabase.co/storage/v1/object/public/riadsimages/riad_L'Ayel/483265472.jpg"",""https://dzuwwfttnigeisicqyto.supabase.co/storage/v1/object/public/riadsimages/riad_L'Ayel/483266228.jpg"",""https://dzuwwfttnigeisicqyto.supabase.co/storage/v1/object/public/riadsimages/riad_L'Ayel/626544459.jpg"",""https://dzuwwfttnigeisicqyto.supabase.co/storage/v1/object/public/riadsimages/riad_L'Ayel/626554275.jpg"",""https://dzuwwfttnigeisicqyto.supabase.co/storage/v1/object/public/riadsimages/riad_L'Ayel/483266274.jpg""]",,2026-01-24 19:57:47.661076+00
b73ab77f-783f-49f9-892b-49c009ea9ce5,"{""en"":""Riad Dar Fanny"",""es"":""Riad Dar Fanny"",""fr"":""Riad Dar Fanny""}","{""en"":""11 TRIK, Rue Arset Loughzail, Marrakech 40000"",""es"":""11 TRIK, Rue Arset Loughzail, Marrakech 40000"",""fr"":""11 TRIK, Rue Arset Loughzail, Marrakech 40000""}",marrakech,derb_dabachi,riad,"{""en"":""Riad Dar Fanny is a characterful riad in the heart of Marrakech’s medina. The riad is built around a patio designed for relaxation. Its atmosphere is intimate and authentic, ideal for discovering Marrakech while enjoying a calm and refined setting."",""es"":""Riad Dar Fanny est un Riad de caractère au cœur de la médina de Marrakech. Le Riad s’organise autour d’un patio propice au repos. L’atmosphère se veut intime et authentique, idéale pour découvrir Marrakech tout en profitant d’un cadre reposant et soigné."",""fr"":""Riad Dar Fanny est un riad de caractère au cœur de la médina de Marrakech. Le riad s’organise autour d’un patio propice au repos. L’atmosphère se veut intime et authentique, idéale pour découvrir Marrakech tout en profitant d’un cadre reposant et soigné.""}","[""choice_of_double_or_single_beds"",""family_rooms_min_3_guests"",""individual_air_conditioning"",""baby_equipment_crib_high_chairs"",""safe"",""wifi"",""on_site_restaurant_guest_table"",""rooftop"",""solarium"",""first_aid_kit"",""video_surveillance_common_areas_and_outdoors""]","[""breakfast_included"",""special_menus_gluten_free_vegan_etc"",""airport_shuttle"",""on_site_or_nearby_parking"",""cooking_class"",""24_hour_reception"",""excursions_desk"",""cleaning_service"",""ironing_service"",""non_smoking_rooms"",""luggage_storage"",""business_services_meeting_reception_room""]","[""free_cancellation_depending_on_rate_plan"",""card_payment_terminal""]","{""en"":"""",""es"":"""",""fr"":""""}",https://www.darfanny.com/,+2120618592202,darfannymarrakech@gmail.com,-7.981370,31.627434,4.80,109,"[""https://dzuwwfttnigeisicqyto.supabase.co/storage/v1/object/public/riadsimages/dar_fanny/700A2599.jpg"",""https://dzuwwfttnigeisicqyto.supabase.co/storage/v1/object/public/riadsimages/dar_fanny/700A2135.jpg"",""https://dzuwwfttnigeisicqyto.supabase.co/storage/v1/object/public/riadsimages/dar_fanny/700A2412(1).jpg"",""https://dzuwwfttnigeisicqyto.supabase.co/storage/v1/object/public/riadsimages/dar_fanny/700A2430.jpg"",""https://dzuwwfttnigeisicqyto.supabase.co/storage/v1/object/public/riadsimages/dar_fanny/700A2578.jpg""]",,2026-01-24 19:57:47.661076+00
bda090b2-8866-4c2f-ae05-b5fe9602cfad,"{""en"":""Riad L'Oiseau Du Paradis"",""es"":""Riad L'Oiseau Du Paradis"",""fr"":""Riad L'Oiseau Du Paradis""}","{""en"":""27 Derb Cherrata, Marrakesh 44000"",""es"":""27 Derb Cherrata, Marrakesh 44000"",""fr"":""27 Derb Cherrata, Marrakesh 44000""}",marrakech,kennaria,riad,"{""en"":""Riad L'Oiseau Du Paradis is a characterful riad in the heart of Marrakech’s medina. The riad is built around a patio designed for relaxation. Its atmosphere is intimate and authentic, ideal for discovering Marrakech while enjoying a calm and refined setting."",""es"":""Riad L'Oiseau Du Paradis est un Riad de caractère au cœur de la médina de Marrakech. Le Riad s’organise autour d’un patio propice au repos. L’atmosphère se veut intime et authentique, idéale pour découvrir Marrakech tout en profitant d’un cadre reposant et soigné."",""fr"":""Riad L'Oiseau Du Paradis est un riad de caractère au cœur de la médina de Marrakech. Le riad s’organise autour d’un patio propice au repos. L’atmosphère se veut intime et authentique, idéale pour découvrir Marrakech tout en profitant d’un cadre reposant et soigné.""}",[],[],[],"{""en"":"""",""es"":"""",""fr"":""""}",https://riadoiseauduparadis.com,,,-7.980561,31.626358,4.50,785,"[""https://dzuwwfttnigeisicqyto.supabase.co/storage/v1/object/public/riadsimages/riad_L'Oiseau_Du_Paradis/248465184.jpg"",""https://dzuwwfttnigeisicqyto.supabase.co/storage/v1/object/public/riadsimages/riad_L'Oiseau_Du_Paradis/450248678.jpg"",""https://dzuwwfttnigeisicqyto.supabase.co/storage/v1/object/public/riadsimages/riad_L'Oiseau_Du_Paradis/439779097.jpg"",""https://dzuwwfttnigeisicqyto.supabase.co/storage/v1/object/public/riadsimages/riad_L'Oiseau_Du_Paradis/205612541.jpg"",""https://dzuwwfttnigeisicqyto.supabase.co/storage/v1/object/public/riadsimages/riad_L'Oiseau_Du_Paradis/450250977.jpg""]",,2026-01-24 19:57:47.661076+00
bee52d6c-8982-4d77-9e3c-e26ce06af2fa,"{""en"":""Riad Cocoon"",""es"":""Riad Cocoon"",""fr"":""Riad Cocoon""}","{""en"":""10 bis derb Chérif, Diour Saboune, Marrakech 40000"",""es"":""10 bis derb Chérif, Diour Saboune, Marrakech 40000"",""fr"":""10 bis derb Chérif, Diour Saboune, Marrakech 40000""}",marrakech,riad_laarous,riad,"{""en"":""Riad  Cocoon is a characterful riad in an authentic area of the medina. The riad is built around a patio designed for relaxation. Its atmosphere is intimate and authentic, ideal for discovering Marrakech while enjoying a calm and refined setting."",""es"":""Riad  Cocoon est un Riad de caractère dans un quartier authentique de la médina. Le Riad s’organise autour d’un patio propice au repos. L’atmosphère se veut intime et authentique, idéale pour découvrir Marrakech tout en profitant d’un cadre reposant et soigné."",""fr"":""Riad  Cocoon est un riad de caractère dans un quartier authentique de la médina. Le riad s’organise autour d’un patio propice au repos. L’atmosphère se veut intime et authentique, idéale pour découvrir Marrakech tout en profitant d’un cadre reposant et soigné.""}","[""double_beds_only"",""choice_of_double_or_single_beds"",""individual_air_conditioning"",""safe"",""wifi"",""pool"",""spa_hammam"",""bar"",""rooftop"",""first_aid_kit"",""shared_lounge_tv_room"",""video_surveillance_common_areas_and_outdoors""]","[""breakfast_included"",""special_menus_gluten_free_vegan_etc"",""airport_shuttle"",""cooking_class"",""24_hour_reception"",""on_site_activities"",""excursions_desk"",""ironing_service"",""non_smoking_rooms"",""currency_exchange"",""luggage_storage"",""spa""]","[""card_payment_terminal""]","{""en"":"""",""es"":"""",""fr"":""""}",https://www.riadcocoon.com/,+2120524386062,corinne@riadcocoon.com,-7.988602,31.634003,4.90,953,"[""https://dzuwwfttnigeisicqyto.supabase.co/storage/v1/object/public/riadsimages/riad_cocoon/16340895.jpg"",""https://dzuwwfttnigeisicqyto.supabase.co/storage/v1/object/public/riadsimages/riad_cocoon/37985609.jpg"",""https://dzuwwfttnigeisicqyto.supabase.co/storage/v1/object/public/riadsimages/riad_cocoon/11859369.jpg"",""https://dzuwwfttnigeisicqyto.supabase.co/storage/v1/object/public/riadsimages/riad_cocoon/16347209.jpg"",""https://dzuwwfttnigeisicqyto.supabase.co/storage/v1/object/public/riadsimages/riad_cocoon/77821746.jpg""]",,2026-01-24 19:57:47.661076+00
bf39932b-2070-4ded-9189-3fc8471fbb14,"{""en"":""Riad Agathe"",""es"":""Riad Agathe"",""fr"":""Riad Agathe""}","{""en"":""254 Rue, Rue Riad Laarous, Marrakesh 40030"",""es"":""254 Rue, Rue Riad Laarous, Marrakesh 40030"",""fr"":""254 Rue, Rue Riad Laarous, Marrakesh 40030""}",marrakech,riad_laarous,riad,"{""en"":""Riad Agathe is a characterful riad in the heart of Marrakech’s medina. The riad is built around a patio designed for relaxation. Its atmosphere is intimate and authentic, ideal for discovering Marrakech while enjoying a calm and refined setting."",""es"":""Riad Agathe est un Riad de caractère au cœur de la médina de Marrakech. Le Riad s’organise autour d’un patio propice au repos. L’atmosphère se veut intime et authentique, idéale pour découvrir Marrakech tout en profitant d’un cadre reposant et soigné."",""fr"":""Riad Agathe est un riad de caractère au cœur de la médina de Marrakech. Le riad s’organise autour d’un patio propice au repos. L’atmosphère se veut intime et authentique, idéale pour découvrir Marrakech tout en profitant d’un cadre reposant et soigné.""}","[""choice_of_double_or_single_beds"",""family_rooms_min_3_guests"",""individual_air_conditioning"",""baby_equipment_crib_high_chairs"",""safe"",""wifi"",""pool"",""piscine_chauffee"",""spa_hammam"",""on_site_restaurant_guest_table"",""rooftop"",""solarium"",""video_surveillance_common_areas_and_outdoors""]","[""breakfast_included"",""special_menus_gluten_free_vegan_etc"",""airport_shuttle"",""on_site_or_nearby_parking"",""cooking_class"",""24_hour_reception"",""excursions_desk"",""cleaning_service"",""ironing_service"",""non_smoking_rooms""]","[""free_cancellation_depending_on_rate_plan"",""no_prepayment"",""card_payment_terminal""]","{""en"":"""",""es"":"""",""fr"":""""}",https://riad-agathe.com,+212524428587,resrevation.riadagathe@gmail.com,-7.994109,31.633576,4.60,399,"[""https://dzuwwfttnigeisicqyto.supabase.co/storage/v1/object/public/riadsimages/riad_agathe/793172427.jpg"",""https://dzuwwfttnigeisicqyto.supabase.co/storage/v1/object/public/riadsimages/riad_agathe/793559303.jpg"",""https://dzuwwfttnigeisicqyto.supabase.co/storage/v1/object/public/riadsimages/riad_agathe/793562691.jpg"",""https://dzuwwfttnigeisicqyto.supabase.co/storage/v1/object/public/riadsimages/riad_agathe/793556864.jpg"",""https://dzuwwfttnigeisicqyto.supabase.co/storage/v1/object/public/riadsimages/riad_agathe/793556811.jpg""]",,2026-01-24 19:57:47.661076+00
c0b83ef3-c61f-4bf3-bde2-9c0bc32d14e5,"{""en"":""Riad Alkemia"",""es"":""Riad Alkemia"",""fr"":""Riad Alkemia""}","{""en"":""85 Derb El Ferrane, Marrakesh 40000"",""es"":""85 Derb El Ferrane, Marrakesh 40000"",""fr"":""85 Derb El Ferrane, Marrakesh 40000""}",marrakech,riad_laarous,riad,"{""en"":""Riad Alkemia is a characterful riad in an authentic area of the medina. The riad is built around a patio designed for relaxation. Its atmosphere is intimate and authentic, ideal for discovering Marrakech while enjoying a calm and refined setting."",""es"":""Riad Alkemia est un Riad de caractère dans un quartier authentique de la médina. Le Riad s’organise autour d’un patio propice au repos. L’atmosphère se veut intime et authentique, idéale pour découvrir Marrakech tout en profitant d’un cadre reposant et soigné."",""fr"":""Il y a des endroits qu'on ne choisit pas vraiment. On les reconnaît, c'est tout.\nRiad Alkemia est l'un de ces endroits. Niché dans les ruelles de la médina de Marrakech, loin du bruit et de l'agitation, il s'offre à vous comme une parenthèse, un espace où le temps ralentit, où les sens s'éveillent, où l'on respire autrement.\nDès que vous franchissez le seuil, quelque chose change. Le silence vous enveloppe. La lumière joue avec les zellige, les moucharabiehs filtrent l'air chaud, la fontaine murmure au centre du patio. Tout ici a été pensé, choisi, aimé. Chaque objet, chaque tissu, chaque détail porte la trace d'une recherche patiente dans les souks et les ateliers artisanaux de la ville.\nLe riad se loue exclusivement dans son intégralité: 450 m², sept chambres avec lits doubles et simples, pour accueillir jusqu'à quinze personnes. Ce n'est pas un hôtel. C'est votre maison à Marrakech, privée, intime, entièrement dédiée à votre groupe. Chaque séjour est pensé sur mesure: que vous soyez entre amis, en famille, pour un EVJF, un retreat ou une célébration particulière, vous trouverez ici l'espace et la liberté de vivre le riad comme vous l'entendez.\nLes sept chambres, toutes décorées avec soin dans un mélange raffiné de tradition marocaine et de sensibilité contemporaine, invitent au repos et à la découverte. La piscine, lovée au cœur du patio, chauffée sur demande, est un appel permanent à la détente. Et la terrasse, baignée de lumière, devient au coucher du soleil le cadre idéal pour un dîner inoubliable, avec notre cheffe aux fourneaux, et, pour ceux qui le souhaitent, la possibilité de vivre une véritable soirée dans un style marocain, dans toute sa magie et sa couleur.\nAu cœur du riad, un hammam traditionnel privatif vous attend. Vapeur douce, silence, obscurité apaisante, un rituel millénaire vécu dans l'intimité absolue de votre groupe. Gommage, savon beldi, enveloppements aux huiles aromatiques: les soins disponibles sont une invitation à se laisser aller, le temps d'une heure, à la grande tradition du bien-être marocain.\nMais ce qui fait vraiment l'âme d'Alkemia, c'est son équipe. Ils ne jouent pas un rôle: ils sont là, simplement, avec cette chaleur authentique qui transforme un séjour en souvenir.\nMarrakech est une ville qui ne laisse pas indifférent. Alkemia est l'endroit depuis lequel la vivre pleinement, avec douceur, avec style, avec âme. Un lieu à aimer. Un lieu à partager.\n""}","[""choice_of_double_or_single_beds"",""individual_air_conditioning"",""baby_equipment_crib_high_chairs"",""safe"",""wifi"",""pool"",""piscine_chauffee"",""spa_hammam"",""on_site_restaurant_guest_table"",""bar"",""solarium"",""video_surveillance_common_areas_and_outdoors"",""first_aid_kit"",""moroccan_patio"",""rooftop"",""traditional_moroccan_fountain"",""patio_fountain_shaded_relaxation_areas"",""solarium_with_shower_and_greenery""]","[""breakfast_included"",""special_menus_gluten_free_vegan_etc"",""airport_shuttle"",""on_site_or_nearby_parking"",""cooking_class"",""24_hour_reception"",""babysitting"",""on_site_activities"",""excursions_desk"",""cleaning_service"",""ironing_service"",""non_smoking_rooms"",""luggage_storage"",""riad_for_exclusive_use"",""hammam_and_treatments"",""lunch"",""massage"",""on_site_massages_and_treatments"",""parking_a_proximite"",""private_hammam_scrubs_massages"",""wifi"",""yoga_area"",""wi_fi_gratuit_haut_debit_rooftop_terrasse_diners_et_dejeuner_a_la_demande_massages_bien_etre_sur_demande_organisation_d_excursions_privees"",""spa_hammam_and_massage"",""restaurant"",""piscine_chauffee"",""hammam_massages_craft_workshops"",""manicure"",""massages"",""pedicure""]","[""card_payment_terminal""]","{""en"":""Location exclusive, service sur mesure, coordination d'événements et célébrations spéciales, assistance pour les réservations et la logistique, personnel dédié disponible 24/7."",""es"":""Location exclusive, service sur mesure, coordination d'événements et célébrations spéciales, assistance pour les réservations et la logistique, personnel dédié disponible 24/7."",""fr"":""Location exclusive, service sur mesure, coordination d'événements et célébrations spéciales, assistance pour les réservations et la logistique, personnel dédié disponible 24h/24.""}",https://riadalkemia.com/,+393381211160,info@riadalkemia.com,-7.990277,31.634591,5.00,142,"[""https://dzuwwfttnigeisicqyto.supabase.co/storage/v1/object/public/riadsimages/riad_alkemia/Patio_2.jpg"",""https://dzuwwfttnigeisicqyto.supabase.co/storage/v1/object/public/riadsimages/riad_alkemia/Zen_area_3.jpg"",""https://dzuwwfttnigeisicqyto.supabase.co/storage/v1/object/public/riadsimages/riad_alkemia/Room_Thalita_1fl_left_1.jpg"",""https://dzuwwfttnigeisicqyto.supabase.co/storage/v1/object/public/riadsimages/riad_alkemia/Terrace_8.jpg"",""https://dzuwwfttnigeisicqyto.supabase.co/storage/v1/object/public/riadsimages/riad_alkemia/Zen_area_5.jpg"",""https://base44.app/api/apps/69f10e36f5d3972acca5a916/files/mp/public/69f10e36f5d3972acca5a916/fd181f158_Livingroom1.jpg"",""https://base44.app/api/apps/69f10e36f5d3972acca5a916/files/mp/public/69f10e36f5d3972acca5a916/319898dc8_Patio1.jpg"",""https://base44.app/api/apps/69f10e36f5d3972acca5a916/files/mp/public/69f10e36f5d3972acca5a916/669f63f5c_RoomAicha0fl1.jpg"",""https://base44.app/api/apps/69f10e36f5d3972acca5a916/files/mp/public/69f10e36f5d3972acca5a916/afee08a6a_RoomAicha0fl4.jpg"",""https://base44.app/api/apps/69f10e36f5d3972acca5a916/files/mp/public/69f10e36f5d3972acca5a916/dfc1a7bee_RoomFatima0fl4.jpg"",""https://base44.app/api/apps/69f10e36f5d3972acca5a916/files/mp/public/69f10e36f5d3972acca5a916/9fa77e7f9_RoomMaha1fl1.jpg"",""https://base44.app/api/apps/69f10e36f5d3972acca5a916/files/mp/public/69f10e36f5d3972acca5a916/6476ee1f8_RoomMaha1fl5.jpg"",""https://base44.app/api/apps/69f10e36f5d3972acca5a916/files/mp/public/69f10e36f5d3972acca5a916/6fb82a466_RoomMalika1fl1.jpg"",""https://base44.app/api/apps/69f10e36f5d3972acca5a916/files/mp/public/69f10e36f5d3972acca5a916/f68390418_RoomMalika1fl4.jpg"",""https://base44.app/api/apps/69f10e36f5d3972acca5a916/files/mp/public/69f10e36f5d3972acca5a916/7709adbd3_RoomMalika1fl7.jpg"",""https://base44.app/api/apps/69f10e36f5d3972acca5a916/files/mp/public/69f10e36f5d3972acca5a916/484d3c252_RoomThalita1flcentral4.jpg"",""https://base44.app/api/apps/69f10e36f5d3972acca5a916/files/mp/public/69f10e36f5d3972acca5a916/604cd287e_RoomThalita1flcentral6.jpg"",""https://base44.app/api/apps/69f10e36f5d3972acca5a916/files/mp/public/69f10e36f5d3972acca5a916/19d2d6a4f_RoomThalita1flleft1.jpg"",""https://base44.app/api/apps/69f10e36f5d3972acca5a916/files/mp/public/69f10e36f5d3972acca5a916/de8213ff2_RoomThalita1flleft6.jpg"",""https://base44.app/api/apps/69f10e36f5d3972acca5a916/files/mp/public/69f10e36f5d3972acca5a916/31807169c_RoomThalita1flright1.jpg"",""https://base44.app/api/apps/69f10e36f5d3972acca5a916/files/mp/public/69f10e36f5d3972acca5a916/496fff757_SPA3.jpg"",""https://base44.app/api/apps/69f10e36f5d3972acca5a916/files/mp/public/69f10e36f5d3972acca5a916/7157398c7_SPA5.jpg"",""https://base44.app/api/apps/69f10e36f5d3972acca5a916/files/mp/public/69f10e36f5d3972acca5a916/b5f15acf0_Terrace1.jpg"",""https://base44.app/api/apps/69f10e36f5d3972acca5a916/files/mp/public/69f10e36f5d3972acca5a916/39fd7cdf0_Terrace5.jpg"",""https://base44.app/api/apps/69f10e36f5d3972acca5a916/files/mp/public/69f10e36f5d3972acca5a916/74e9d59e3_Terrace13.jpg"",""https://base44.app/api/apps/69f10e36f5d3972acca5a916/files/mp/public/69f10e36f5d3972acca5a916/95b8d6c1d_Zenarea7.jpg"",""https://base44.app/api/apps/69f10e36f5d3972acca5a916/files/mp/public/69f10e36f5d3972acca5a916/638e516d3_DSC06325.jpg"",""https://base44.app/api/apps/69f10e36f5d3972acca5a916/files/mp/public/69f10e36f5d3972acca5a916/38e43b2a7_23.webp"",""https://base44.app/api/apps/69f10e36f5d3972acca5a916/files/mp/public/69f10e36f5d3972acca5a916/0683fbce7_Sfondo.jpg""]",,2026-01-24 19:57:47.661076+00
c139c424-d0db-4027-a424-790d45cb1d59,"{""en"":""Riad Golden Baibah"",""es"":""Riad Golden Baibah"",""fr"":""Riad Golden Baibah""}","{""en"":""Bhaybeh Beach, near Akermoud, 44022 Zaouia, Aquermoud 44022"",""es"":""Bhaybeh Beach, near Akermoud, 44022 Zaouia, Aquermoud 44022"",""fr"":""Bhaybeh Beach, near Akermoud, 44022 Zaouia, Aquermoud 44022""}",essaouira,essaouira_exterieurs,guesthouse,"{""en"":""Riad Golden Baibah is a characterful riad in the heart of Marrakech’s medina. The riad is built around a patio designed for relaxation. Its atmosphere is intimate and authentic, ideal for discovering Marrakech while enjoying a calm and refined setting."",""es"":""Riad Golden Baibah est un Riad de caractère au cœur de la médina de Marrakech. Le Riad s’organise autour d’un patio propice au repos. L’atmosphère se veut intime et authentique, idéale pour découvrir Marrakech tout en profitant d’un cadre reposant et soigné."",""fr"":""Riad Golden Baibah est un riad de caractère au cœur de la médina de Marrakech. Le riad s’organise autour d’un patio propice au repos. L’atmosphère se veut intime et authentique, idéale pour découvrir Marrakech tout en profitant d’un cadre reposant et soigné.""}","[""choice_of_double_or_single_beds"",""family_rooms_min_3_guests"",""baby_equipment_crib_high_chairs"",""prm_accessibility"",""wifi"",""tv_in_room"",""pool"",""spa_hammam"",""gym_fitness_on_site"",""on_site_restaurant_guest_table"",""garden"",""solarium"",""first_aid_kit"",""shared_lounge_tv_room""]","[""special_menus_gluten_free_vegan_etc"",""on_site_or_nearby_parking"",""room_service"",""prm_accessibility"",""on_site_activities"",""cleaning_service"",""non_smoking_rooms"",""luggage_storage""]","[""free_cancellation_depending_on_rate_plan"",""booking_without_a_credit_card"",""no_prepayment"",""card_payment_terminal""]","{""en"":"""",""es"":"""",""fr"":""""}",goldenbaibah.com,+212662898126,brigittebrom39@gmail.com,-9.578993,31.793431,4.70,111,"[""https://dzuwwfttnigeisicqyto.supabase.co/storage/v1/object/public/riadsimages/riad_Golden_Baibah/827205408.jpg"",""https://dzuwwfttnigeisicqyto.supabase.co/storage/v1/object/public/riadsimages/riad_Golden_Baibah/827205399.jpg"",""https://dzuwwfttnigeisicqyto.supabase.co/storage/v1/object/public/riadsimages/riad_Golden_Baibah/533080669.jpg"",""https://dzuwwfttnigeisicqyto.supabase.co/storage/v1/object/public/riadsimages/riad_Golden_Baibah/767486174.jpg"",""https://dzuwwfttnigeisicqyto.supabase.co/storage/v1/object/public/riadsimages/riad_Golden_Baibah/533080592.jpg""]",,2026-01-24 19:57:47.661076+00
c221a6e9-e919-4d27-8d06-392b69cac930,"{""en"":""Riad Dar El Mahja"",""es"":""Riad Dar El Mahja"",""fr"":""Riad Dar El Mahja""}","{""en"":""J2J3+X7W, 20 der ezzamouri, Marrakesh 40000"",""es"":""J2J3+X7W, 20 der ezzamouri, Marrakesh 40000"",""fr"":""J2J3+X7W, 20 der ezzamouri, Marrakesh 40000""}",marrakech,bab_doukkala,riad,"{""en"":""Riad Dar El Mahja is a characterful riad in an authentic area of the medina. The riad is built around a patio designed for relaxation. Its atmosphere is intimate and authentic, ideal for discovering Marrakech while enjoying a calm and refined setting."",""es"":""Riad Dar El Mahja est un Riad de caractère dans un quartier authentique de la médina. Le Riad s’organise autour d’un patio propice au repos. L’atmosphère se veut intime et authentique, idéale pour découvrir Marrakech tout en profitant d’un cadre reposant et soigné."",""fr"":""Riad Dar El Mahja est un riad de caractère dans un quartier authentique de la médina. Le riad s’organise autour d’un patio propice au repos. L’atmosphère se veut intime et authentique, idéale pour découvrir Marrakech tout en profitant d’un cadre reposant et soigné.""}","[""choice_of_double_or_single_beds"",""family_rooms_min_3_guests"",""individual_air_conditioning"",""baby_equipment_crib_high_chairs"",""wifi"",""pool"",""spa_hammam"",""on_site_restaurant_guest_table"",""rooftop"",""solarium"",""shared_lounge_tv_room"",""video_surveillance_common_areas_and_outdoors""]","[""special_menus_gluten_free_vegan_etc"",""airport_shuttle"",""on_site_or_nearby_parking"",""cooking_class"",""babysitting"",""cleaning_service"",""non_smoking_rooms""]",[],"{""en"":"""",""es"":"""",""fr"":""""}",https://www.riaddarelmahja.com/fr,+330764401007,contact@riaddarelmahja.com,-7.996834,31.632648,5.00,24,"[""https://dzuwwfttnigeisicqyto.supabase.co/storage/v1/object/public/riadsimages/riad_dar_el_mahja/20250120_193708.jpeg"",""https://dzuwwfttnigeisicqyto.supabase.co/storage/v1/object/public/riadsimages/riad_dar_el_mahja/Houda.jpg"",""https://dzuwwfttnigeisicqyto.supabase.co/storage/v1/object/public/riadsimages/riad_dar_el_mahja/20250806_093415.jpg"",""https://dzuwwfttnigeisicqyto.supabase.co/storage/v1/object/public/riadsimages/riad_dar_el_mahja/20250806_104713.jpg"",""https://dzuwwfttnigeisicqyto.supabase.co/storage/v1/object/public/riadsimages/riad_dar_el_mahja/terrasse_salon.jpeg""]",,2026-01-24 19:57:47.661076+00
c259c01c-313a-42ac-8822-ce2dc21a35a5,"{""en"":""Riad Danka"",""es"":""Riad Danka"",""fr"":""Riad Danka""}","{""en"":""141 Rahba Lakdima, Marrakech 40000"",""es"":""141 Rahba Lakdima, Marrakech 40000"",""fr"":""141 Rahba Lakdima, Marrakech 40000""}",marrakech,rahba_kedina,riad,"{""en"":""Riad Danka is a characterful riad in the heart of Marrakech’s medina. The riad is built around a patio designed for relaxation. Its atmosphere is intimate and authentic, ideal for discovering Marrakech while enjoying a calm and refined setting."",""es"":""Riad Danka est un Riad de caractère au cœur de la médina de Marrakech. Le Riad s’organise autour d’un patio propice au repos. L’atmosphère se veut intime et authentique, idéale pour découvrir Marrakech tout en profitant d’un cadre reposant et soigné."",""fr"":""Riad Danka est un riad de caractère au cœur de la médina de Marrakech. L’atmosphère se veut intime et authentique, idéale pour découvrir Marrakech tout en profitant d’un cadre reposant et chic. ""}","[""choice_of_double_or_single_beds"",""family_rooms_max_3_guests"",""individual_air_conditioning"",""prm_accessibility"",""prm_facilities"",""safe"",""wifi"",""pool"",""piscine_chauffee"",""spa_hammam"",""on_site_restaurant_guest_table"",""rooftop"",""solarium"",""first_aid_kit"",""shared_lounge_tv_room"",""video_surveillance_common_areas_and_outdoors"",""in_room_massage_service"",""library"",""moroccan_patio"",""massage_room"",""patio_fountain_shaded_relaxation_areas"",""solarium_with_shower_and_greenery"",""terrasse_transats_chauffage_climatisation_seche_cheveux_produits""]","[""breakfast_included"",""special_menus_gluten_free_vegan_etc"",""airport_shuttle"",""cooking_class"",""24_hour_reception"",""prm_accessibility"",""excursions_desk"",""cleaning_service"",""ironing_service"",""non_smoking_rooms"",""luggage_storage"",""dinner"",""bookings_golf"",""hammam"",""hammam_and_treatments"",""lunch"",""manicure"",""massage"",""massages"",""on_site_massages_and_treatments"",""parking_a_proximite"",""pedicure"",""piscine_chauffee"",""private_hammam_scrubs_massages"",""restaurant"",""riad_for_exclusive_use"",""spa"",""spa_hammam_and_massage"",""wi_fi_gratuit_haut_debit_rooftop_terrasse_diners_et_dejeuner_a_la_demande_massages_bien_etre_sur_demande_organisation_d_excursions_privees"",""wifi""]","[""free_cancellation_depending_on_rate_plan"",""booking_without_a_credit_card"",""card_payment_terminal""]","{""en"":"""",""es"":"""",""fr"":""""}",https://riaddankaboutiquehotel.ellohaweb.com/,+212660417313,riaddanka@gmail.com,-7.986634,31.628367,4.90,787,"[""https://dzuwwfttnigeisicqyto.supabase.co/storage/v1/object/public/riadsimages/riad_danka/PHHU3184.jpeg"",""https://dzuwwfttnigeisicqyto.supabase.co/storage/v1/object/public/riadsimages/riad_danka/FullSizeRender_4.jpeg"",""https://dzuwwfttnigeisicqyto.supabase.co/storage/v1/object/public/riadsimages/riad_danka/GZFW4539.jpeg"",""https://dzuwwfttnigeisicqyto.supabase.co/storage/v1/object/public/riadsimages/riad_danka/AGLN4422.jpeg"","""",""https://base44.app/api/apps/69f10e36f5d3972acca5a916/files/mp/public/69f10e36f5d3972acca5a916/4b1d321ea_IMG_2807.jpeg"",""https://base44.app/api/apps/69f10e36f5d3972acca5a916/files/mp/public/69f10e36f5d3972acca5a916/0c8cd9a30_IMG_8619.jpeg"",""https://base44.app/api/apps/69f10e36f5d3972acca5a916/files/mp/public/69f10e36f5d3972acca5a916/df16c78d9_IMG_7312.jpeg"",""https://base44.app/api/apps/69f10e36f5d3972acca5a916/files/mp/public/69f10e36f5d3972acca5a916/630db717f_IMG_4213.jpeg"",""https://base44.app/api/apps/69f10e36f5d3972acca5a916/files/mp/public/69f10e36f5d3972acca5a916/03c7f0f7f_IMG_6760.jpeg"",""https://base44.app/api/apps/69f10e36f5d3972acca5a916/files/mp/public/69f10e36f5d3972acca5a916/ba0b09676_IMG_1560.jpeg"",""https://base44.app/api/apps/69f10e36f5d3972acca5a916/files/mp/public/69f10e36f5d3972acca5a916/aec37173f_IMG_9896.jpeg"",""https://base44.app/api/apps/69f10e36f5d3972acca5a916/files/mp/public/69f10e36f5d3972acca5a916/63b4eb791_IMG_4332.jpeg"",""https://base44.app/api/apps/69f10e36f5d3972acca5a916/files/mp/public/69f10e36f5d3972acca5a916/8a5a09db4_IMG_3891.jpeg"",""https://base44.app/api/apps/69f10e36f5d3972acca5a916/files/mp/public/69f10e36f5d3972acca5a916/0ab517050_IMG_4224.jpeg"",""https://base44.app/api/apps/69f10e36f5d3972acca5a916/files/mp/public/69f10e36f5d3972acca5a916/0b5ccbb8e_IMG_4220.jpeg"",""https://base44.app/api/apps/69f10e36f5d3972acca5a916/files/mp/public/69f10e36f5d3972acca5a916/b409cf84f_IMG_4334.jpeg"",""https://base44.app/api/apps/69f10e36f5d3972acca5a916/files/mp/public/69f10e36f5d3972acca5a916/ac710db6c_IMG_4362.jpeg"",""https://base44.app/api/apps/69f10e36f5d3972acca5a916/files/mp/public/69f10e36f5d3972acca5a916/8fcf6f70d_IMG_9471.jpeg"",""https://base44.app/api/apps/69f10e36f5d3972acca5a916/files/mp/public/69f10e36f5d3972acca5a916/5db7437c6_IMG_9681.jpeg"",""https://base44.app/api/apps/69f10e36f5d3972acca5a916/files/mp/public/69f10e36f5d3972acca5a916/3e8952aec_IMG_9890.jpeg"",""https://base44.app/api/apps/69f10e36f5d3972acca5a916/files/mp/public/69f10e36f5d3972acca5a916/f93093158_IMG_9947.jpeg"",""https://base44.app/api/apps/69f10e36f5d3972acca5a916/files/mp/public/69f10e36f5d3972acca5a916/610121743_IMG_1461.jpeg"",""https://base44.app/api/apps/69f10e36f5d3972acca5a916/files/mp/public/69f10e36f5d3972acca5a916/bba9ffa28_IMG_3804.jpeg"",""https://base44.app/api/apps/69f10e36f5d3972acca5a916/files/mp/public/69f10e36f5d3972acca5a916/e4bae86d3_B2411409-AFD0-4A8D-8A2C-DBF852BDCBA8.jpeg"",""https://base44.app/api/apps/69f10e36f5d3972acca5a916/files/mp/public/69f10e36f5d3972acca5a916/4faf41e09_IMG_3957.jpeg"",""https://base44.app/api/apps/69f10e36f5d3972acca5a916/files/mp/public/69f10e36f5d3972acca5a916/d7597ce73_IMG_4285.jpeg"",""https://base44.app/api/apps/69f10e36f5d3972acca5a916/files/mp/public/69f10e36f5d3972acca5a916/367d0c411_IMG_4376.jpeg"",""https://base44.app/api/apps/69f10e36f5d3972acca5a916/files/mp/public/69f10e36f5d3972acca5a916/924d838cc_IMG_4434.jpeg"",""https://base44.app/api/apps/69f10e36f5d3972acca5a916/files/mp/public/69f10e36f5d3972acca5a916/6c8035e9e_IMG_4519.jpeg"",""https://base44.app/api/apps/69f10e36f5d3972acca5a916/files/mp/public/69f10e36f5d3972acca5a916/d949eece3_IMG_9959.jpeg"",""https://base44.app/api/apps/69f10e36f5d3972acca5a916/files/mp/public/69f10e36f5d3972acca5a916/41f867ec6_IMG_0137.jpeg"",""https://base44.app/api/apps/69f10e36f5d3972acca5a916/files/mp/public/69f10e36f5d3972acca5a916/28a9f7cf7_IMG_9002.jpeg"",""https://base44.app/api/apps/69f10e36f5d3972acca5a916/files/mp/public/69f10e36f5d3972acca5a916/9a87fc03b_IMG_4499.jpeg"",""https://base44.app/api/apps/69f10e36f5d3972acca5a916/files/mp/public/69f10e36f5d3972acca5a916/5f855fcfd_IMG_9041.jpeg"",""https://base44.app/api/apps/69f10e36f5d3972acca5a916/files/mp/public/69f10e36f5d3972acca5a916/32f2f1914_IMG_9349.jpeg"",""https://base44.app/api/apps/69f10e36f5d3972acca5a916/files/mp/public/69f10e36f5d3972acca5a916/404b6f6ed_IMG_7990.jpeg"",""https://base44.app/api/apps/69f10e36f5d3972acca5a916/files/mp/public/69f10e36f5d3972acca5a916/30328f490_IMG_7179.jpeg"",""https://base44.app/api/apps/69f10e36f5d3972acca5a916/files/mp/public/69f10e36f5d3972acca5a916/011440ac6_IMG_0871.jpeg"",""https://base44.app/api/apps/69f10e36f5d3972acca5a916/files/mp/public/69f10e36f5d3972acca5a916/1356f9aae_IMG_2948.jpeg"",""https://base44.app/api/apps/69f10e36f5d3972acca5a916/files/mp/public/69f10e36f5d3972acca5a916/7e64ab7f0_IMG_2946.jpeg"",""https://base44.app/api/apps/69f10e36f5d3972acca5a916/files/mp/public/69f10e36f5d3972acca5a916/532014296_a3cf91b6-ca5e-4215-b08c-bbc93489f88b.jpeg"",""https://base44.app/api/apps/69f10e36f5d3972acca5a916/files/mp/public/69f10e36f5d3972acca5a916/03520a955_023718c3-b70f-46f9-bd2e-cef890607890.jpeg"",""https://base44.app/api/apps/69f10e36f5d3972acca5a916/files/mp/public/69f10e36f5d3972acca5a916/6aab52208_2f05b4af-062a-40d8-a0c9-fdfe603b3244.jpeg"",""https://base44.app/api/apps/69f10e36f5d3972acca5a916/files/mp/public/69f10e36f5d3972acca5a916/6368d4f0e_6a90a7f2-2d11-4c3e-a24c-79316c768503.jpeg"",""https://base44.app/api/apps/69f10e36f5d3972acca5a916/files/mp/public/69f10e36f5d3972acca5a916/e3ddad021_c0dcdafd-4e9f-425c-ad4e-ea5eb3ad7f60.jpeg"",""https://base44.app/api/apps/69f10e36f5d3972acca5a916/files/mp/public/69f10e36f5d3972acca5a916/22222199c_IMG_0885.jpeg""]",,2026-01-24 19:57:47.661076+00
c4408639-e18f-4ef2-ae2d-4494dcb6101b,"{""en"":""Riad Vert"",""es"":""Riad Vert"",""fr"":""Riad Vert""}","{""en"":""48 Derb Jdid, Lakbir 40000"",""es"":""48 Derb Jdid, Lakbir 40000"",""fr"":""48 Derb Jdid, Lakbir 40000""}",marrakech,riad_laarous,riad,"{""en"":""Riad Vert is a characterful riad in an authentic area of the medina. The riad is built around a patio designed for relaxation. Its atmosphere is intimate and authentic, ideal for discovering Marrakech while enjoying a calm and refined setting."",""es"":""Riad Vert est un Riad de caractère dans un quartier authentique de la médina. Le Riad s’organise autour d’un patio propice au repos. L’atmosphère se veut intime et authentique, idéale pour découvrir Marrakech tout en profitant d’un cadre reposant et soigné."",""fr"":""Riad Vert est un riad de caractère dans un quartier authentique de la médina. Le riad s’organise autour d’un patio propice au repos. L’atmosphère se veut intime et authentique, idéale pour découvrir Marrakech tout en profitant d’un cadre reposant et soigné.""}","[""choice_of_double_or_single_beds"",""individual_air_conditioning"",""baby_equipment_crib_high_chairs"",""safe"",""wifi"",""pool"",""on_site_restaurant_guest_table"",""rooftop"",""garden"",""solarium"",""first_aid_kit"",""video_surveillance_common_areas_and_outdoors""]","[""breakfast_included"",""special_menus_gluten_free_vegan_etc"",""airport_shuttle"",""24_hour_reception"",""on_site_activities"",""excursions_desk"",""cleaning_service"",""ironing_service"",""non_smoking_rooms""]","[""card_payment_terminal""]","{""en"":"""",""es"":"""",""fr"":""""}",https://www.riadvertmarrakech.com/,+2120666094768,contact@riadvertmarrakech.com,-7.989030,31.640103,4.70,791,"[""https://dzuwwfttnigeisicqyto.supabase.co/storage/v1/object/public/riadsimages/Riad_vert/_DSC9079.jpg"",""https://dzuwwfttnigeisicqyto.supabase.co/storage/v1/object/public/riadsimages/Riad_vert/canopy_bed_suite_Tantaoui.jpg"",""https://dzuwwfttnigeisicqyto.supabase.co/storage/v1/object/public/riadsimages/Riad_vert/_DSC9116.jpg"",""https://dzuwwfttnigeisicqyto.supabase.co/storage/v1/object/public/riadsimages/Riad_vert/numero8.jpg"",""https://dzuwwfttnigeisicqyto.supabase.co/storage/v1/object/public/riadsimages/Riad_vert/_DSC8919.JPG""]",,2026-01-24 19:57:47.661076+00
c4614419-b930-4a08-8a13-1b9f3f168bca,"{""en"":""Riad Dar Nakous"",""es"":""Riad Dar Nakous"",""fr"":""Riad Dar Nakous""}","{""en"":""Rue Riad Zitoun el Jdid, Marrakesh 40000"",""es"":""Rue Riad Zitoun el Jdid, Marrakesh 40000"",""fr"":""Rue Riad Zitoun el Jdid, Marrakesh 40000""}",marrakech,hay_essalam,riad,"{""en"":""Riad Dar Nakous is a characterful riad in an authentic area of the medina. The riad is built around a patio designed for relaxation. Its atmosphere is intimate and authentic, ideal for discovering Marrakech while enjoying a calm and refined setting."",""es"":""Riad Dar Nakous est un Riad de caractère dans un quartier authentique de la médina. Le Riad s’organise autour d’un patio propice au repos. L’atmosphère se veut intime et authentique, idéale pour découvrir Marrakech tout en profitant d’un cadre reposant et soigné."",""fr"":""Riad Dar Nakous est un riad de caractère dans un quartier authentique de la médina. Le riad s’organise autour d’un patio propice au repos. L’atmosphère se veut intime et authentique, idéale pour découvrir Marrakech tout en profitant d’un cadre reposant et soigné.""}",[],[],[],"{""en"":"""",""es"":"""",""fr"":""""}",riaddarnakous.com,,,-7.984547,31.623431,4.60,131,"[""https://dzuwwfttnigeisicqyto.supabase.co/storage/v1/object/public/riadsimages/riad_dar_nakous/739379698.jpg"",""https://dzuwwfttnigeisicqyto.supabase.co/storage/v1/object/public/riadsimages/riad_dar_nakous/739379848.jpg"",""https://dzuwwfttnigeisicqyto.supabase.co/storage/v1/object/public/riadsimages/riad_dar_nakous/550360862.jpg"",""https://dzuwwfttnigeisicqyto.supabase.co/storage/v1/object/public/riadsimages/riad_dar_nakous/542721533.jpg"",""https://dzuwwfttnigeisicqyto.supabase.co/storage/v1/object/public/riadsimages/riad_dar_nakous/550360858.jpg""]",,2026-01-24 19:57:47.661076+00
c6eabe08-02e8-4fa1-bb9a-b7dfe7c721f1,"{""en"":""Riad El Kharaz"",""es"":""Riad El Kharaz"",""fr"":""Riad El Kharaz""}","{""en"":""37, derb Chorfa Lakbir 40000, Marrakesh 40000"",""es"":""37, derb Chorfa Lakbir 40000, Marrakesh 40000"",""fr"":""37, derb Chorfa Lakbir 40000, Marrakesh 40000""}",marrakech,mouassine,riad,"{""en"":""Riad El Kharaz is a characterful riad in an authentic area of the medina. The riad is built around a patio designed for relaxation. Its atmosphere is intimate and authentic, ideal for discovering Marrakech while enjoying a calm and refined setting."",""es"":""Riad El Kharaz est un Riad de caractère dans un quartier authentique de la médina. Le Riad s’organise autour d’un patio propice au repos. L’atmosphère se veut intime et authentique, idéale pour découvrir Marrakech tout en profitant d’un cadre reposant et soigné."",""fr"":""Riad El Kharaz est un riad de caractère dans un quartier authentique de la médina. Le riad s’organise autour d’un patio propice au repos. L’atmosphère se veut intime et authentique, idéale pour découvrir Marrakech tout en profitant d’un cadre reposant et soigné.""}",[],[],[],"{""en"":"""",""es"":"""",""fr"":""""}",https://dar-el-kharaz.com,,,-7.989730,31.628664,4.50,45,"[""https://dzuwwfttnigeisicqyto.supabase.co/storage/v1/object/public/riadsimages/riad_el_kharaz/riad-dar-el-kharaz.jpg"",""https://dzuwwfttnigeisicqyto.supabase.co/storage/v1/object/public/riadsimages/riad_el_kharaz/2024-11-11.png"",""https://dzuwwfttnigeisicqyto.supabase.co/storage/v1/object/public/riadsimages/riad_el_kharaz/chambre-zeliges.jpg"",""https://dzuwwfttnigeisicqyto.supabase.co/storage/v1/object/public/riadsimages/riad_el_kharaz/unnamed.png"",""https://dzuwwfttnigeisicqyto.supabase.co/storage/v1/object/public/riadsimages/riad_el_kharaz/sur-la-terrasse.jpg""]",,2026-01-24 19:57:47.661076+00
c7280146-4f6b-40ab-9ce3-d6ce4e36836c,"{""en"":""Riad Argan"",""es"":""Riad Argan"",""fr"":""Riad Argan""}","{""en"":""33 derb Zenka Dika, Marrakech 40000"",""es"":""33 derb Zenka Dika, Marrakech 40000"",""fr"":""33 derb Zenka Dika, Marrakech 40000""}",marrakech,mellah,riad,"{""en"":""Riad Argan is a characterful riad in an authentic area of the medina. The riad is built around a patio designed for relaxation. Its atmosphere is intimate and authentic, ideal for discovering Marrakech while enjoying a calm and refined setting."",""es"":""Riad Argan est un Riad de caractère dans un quartier authentique de la médina. Le Riad s’organise autour d’un patio propice au repos. L’atmosphère se veut intime et authentique, idéale pour découvrir Marrakech tout en profitant d’un cadre reposant et soigné."",""fr"":""Riad Argan est un riad de caractère dans un quartier authentique de la médina. Le riad s’organise autour d’un patio propice au repos. L’atmosphère se veut intime et authentique, idéale pour découvrir Marrakech tout en profitant d’un cadre reposant et soigné.""}","[""choice_of_double_or_single_beds"",""family_rooms_min_3_guests"",""individual_air_conditioning"",""baby_equipment_crib_high_chairs"",""prm_accessibility"",""prm_facilities"",""safe"",""wifi"",""pool"",""on_site_restaurant_guest_table"",""bar"",""rooftop"",""solarium"",""video_surveillance_common_areas_and_outdoors""]","[""breakfast_included"",""special_menus_gluten_free_vegan_etc"",""airport_shuttle"",""on_site_or_nearby_parking"",""cooking_class"",""24_hour_reception"",""prm_accessibility"",""babysitting"",""excursions_desk"",""cleaning_service"",""ironing_service"",""non_smoking_rooms"",""luggage_storage""]","[""free_cancellation_depending_on_rate_plan"",""card_payment_terminal""]","{""en"":"""",""es"":"""",""fr"":""""}",https://www.riadargan.com/en/,+2120660839280,riadargan@gmail.com,-7.985185,31.623894,4.60,928,"[""https://dzuwwfttnigeisicqyto.supabase.co/storage/v1/object/public/riadsimages/riad_argan/505737496.jpg"",""https://dzuwwfttnigeisicqyto.supabase.co/storage/v1/object/public/riadsimages/riad_argan/646518504.jpg"",""https://dzuwwfttnigeisicqyto.supabase.co/storage/v1/object/public/riadsimages/riad_argan/646518520.jpg"",""https://dzuwwfttnigeisicqyto.supabase.co/storage/v1/object/public/riadsimages/riad_argan/646552113.jpg"",""https://dzuwwfttnigeisicqyto.supabase.co/storage/v1/object/public/riadsimages/riad_argan/646518522.jpg""]",,2026-01-24 19:57:47.661076+00
c790e673-0979-4779-aa9e-6818e16b8323,"{""en"":""Riad Layyina"",""es"":""Riad Layyina"",""fr"":""Riad Layyina""}","{""en"":""Route de Ouarzazate KM 17 Lieu-dit Tabouhanit (Chouiter)، N9, Marrakesh 40000"",""es"":""Route de Ouarzazate KM 17 Lieu-dit Tabouhanit (Chouiter)، N9, Marrakesh 40000"",""fr"":""Route de Ouarzazate KM 17 Lieu-dit Tabouhanit (Chouiter)، N9, Marrakesh 40000""}",marrakech,montagne,guesthouse,"{""en"":""Riad Layyina is a characterful riad in an authentic area of the medina. The riad is built around a patio designed for relaxation. Its atmosphere is intimate and authentic, ideal for discovering Marrakech while enjoying a calm and refined setting."",""es"":""Riad Layyina est un Riad de caractère dans un quartier authentique de la médina. Le Riad s’organise autour d’un patio propice au repos. L’atmosphère se veut intime et authentique, idéale pour découvrir Marrakech tout en profitant d’un cadre reposant et soigné."",""fr"":""Riad Layyina est un riad de caractère dans un quartier authentique de la médina. Le riad s’organise autour d’un patio propice au repos. L’atmosphère se veut intime et authentique, idéale pour découvrir Marrakech tout en profitant d’un cadre reposant et soigné.""}","[""choice_of_double_or_single_beds"",""individual_air_conditioning"",""baby_equipment_crib_high_chairs"",""prm_accessibility"",""safe"",""wifi"",""tv_in_room"",""pool"",""heated_pool"",""spa_hammam"",""gym_fitness_on_site"",""on_site_restaurant_guest_table"",""rooftop"",""garden"",""solarium"",""first_aid_kit"",""shared_lounge_tv_room"",""pickleball"",""petanque"",""basketball"",""sauna""]","[""breakfast_included"",""special_menus_gluten_free_vegan_etc"",""airport_shuttle"",""on_site_or_nearby_parking"",""24_hour_reception"",""prm_accessibility"",""babysitting"",""pets_allowed"",""on_site_activities"",""cleaning_service"",""ironing_service"",""luggage_storage""]","[""free_cancellation_depending_on_rate_plan"",""card_payment_terminal""]","{""en"":"""",""es"":"""",""fr"":""""}",https://www.darlayyina.com/,+212662197876,darlayyina@gmail.com,-7.838485,31.575008,4.70,109,"[""https://dzuwwfttnigeisicqyto.supabase.co/storage/v1/object/public/riadsimages/riad_layyina/6R5A0294_.jpg"",""https://dzuwwfttnigeisicqyto.supabase.co/storage/v1/object/public/riadsimages/riad_layyina/_DSC0116.jpg"",""https://dzuwwfttnigeisicqyto.supabase.co/storage/v1/object/public/riadsimages/riad_layyina/6R5A0481_.jpg"",""https://dzuwwfttnigeisicqyto.supabase.co/storage/v1/object/public/riadsimages/riad_layyina/Dar_Layyina_-_preview-81.JPG"",""https://dzuwwfttnigeisicqyto.supabase.co/storage/v1/object/public/riadsimages/riad_layyina/6R5A0575_.jpg""]",,2026-01-24 19:57:47.661076+00
c84c4229-5b8c-4b12-9b94-f872a8bd98a3,"{""en"":""Riad Luciano"",""es"":""Riad Luciano"",""fr"":""Riad Luciano""}","{""en"":""Dar el bacha, Route sidi Abdelaziz, tizougarine 69 D.El Maâden, Marrakesh 40000"",""es"":""Dar el bacha, Route sidi Abdelaziz, tizougarine 69 D.El Maâden, Marrakesh 40000"",""fr"":""Dar el bacha, Route sidi Abdelaziz, tizougarine 69 D.El Maâden, Marrakesh 40000""}",marrakech,dar_el_bacha,riad,"{""en"":""Riad Luciano is a characterful riad in an authentic area of the medina. The riad is built around a patio designed for relaxation. Its atmosphere is intimate and authentic, ideal for discovering Marrakech while enjoying a calm and refined setting."",""es"":""Riad Luciano est un Riad de caractère dans un quartier authentique de la médina. Le Riad s’organise autour d’un patio propice au repos. L’atmosphère se veut intime et authentique, idéale pour découvrir Marrakech tout en profitant d’un cadre reposant et soigné."",""fr"":""Riad Luciano est un riad de caractère dans un quartier authentique de la médina. Le riad s’organise autour d’un patio propice au repos. L’atmosphère se veut intime et authentique, idéale pour découvrir Marrakech tout en profitant d’un cadre reposant et soigné.""}",[],[],[],"{""en"":"""",""es"":"""",""fr"":""""}",riadluciano.com,,,-7.991926,31.632311,4.90,176,"[""https://dzuwwfttnigeisicqyto.supabase.co/storage/v1/object/public/riadsimages/riad_luciano/595223972.jpg"",""https://dzuwwfttnigeisicqyto.supabase.co/storage/v1/object/public/riadsimages/riad_luciano/595223976.jpg"",""https://dzuwwfttnigeisicqyto.supabase.co/storage/v1/object/public/riadsimages/riad_luciano/595194360.jpg"",""https://dzuwwfttnigeisicqyto.supabase.co/storage/v1/object/public/riadsimages/riad_luciano/595193723.jpg"",""https://dzuwwfttnigeisicqyto.supabase.co/storage/v1/object/public/riadsimages/riad_luciano/595216512.jpg""]",,2026-01-24 19:57:47.661076+00
c9c31f74-11d9-4301-80f3-80f8ed699293,"{""en"":""Riad Aubrac"",""es"":""Riad Aubrac"",""fr"":""Riad Aubrac""}","{""en"":""29 Derb Ben Allal, Marrakesh 40000"",""es"":""29 Derb Ben Allal, Marrakesh 40000"",""fr"":""29 Derb Ben Allal, Marrakesh 40000""}",marrakech,rahba_kedina,riad,"{""en"":""Riad Aubrac is a characterful riad in the heart of Marrakech’s medina. The riad is built around a patio designed for relaxation. Its atmosphere is intimate and authentic, ideal for discovering Marrakech while enjoying a calm and refined setting."",""es"":""Riad Aubrac est un Riad de caractère au cœur de la médina de Marrakech. Le Riad s’organise autour d’un patio propice au repos. L’atmosphère se veut intime et authentique, idéale pour découvrir Marrakech tout en profitant d’un cadre reposant et soigné."",""fr"":""Riad Aubrac est un riad de caractère au cœur de la médina de Marrakech. Le riad s’organise autour d’un patio propice au repos. L’atmosphère se veut intime et authentique, idéale pour découvrir Marrakech tout en profitant d’un cadre reposant et soigné.""}","[""choice_of_double_or_single_beds"",""family_rooms_min_3_guests"",""individual_air_conditioning"",""baby_equipment_crib_high_chairs"",""safe"",""wifi"",""pool"",""first_aid_kit"",""shared_lounge_tv_room"",""video_surveillance_common_areas_and_outdoors""]","[""breakfast_included"",""special_menus_gluten_free_vegan_etc"",""airport_shuttle"",""on_site_or_nearby_parking"",""room_service"",""24_hour_reception"",""excursions_desk"",""non_smoking_rooms"",""luggage_storage""]","[""no_prepayment"",""card_payment_terminal""]","{""en"":"""",""es"":"""",""fr"":""""}",https://riadaubracmarrakech.com/,+212524384298,info@riadaubracmarrakech.com,-7.983841,31.629090,4.70,667,"[""https://dzuwwfttnigeisicqyto.supabase.co/storage/v1/object/public/riadsimages/riad_aubrac/65.jpg"",""https://dzuwwfttnigeisicqyto.supabase.co/storage/v1/object/public/riadsimages/riad_aubrac/ch_jonquille_3.jpg"",""https://dzuwwfttnigeisicqyto.supabase.co/storage/v1/object/public/riadsimages/riad_aubrac/GENERAL_3.jpg"",""https://dzuwwfttnigeisicqyto.supabase.co/storage/v1/object/public/riadsimages/riad_aubrac/IMG-20241206-WA0020.jpg"",""https://dzuwwfttnigeisicqyto.supabase.co/storage/v1/object/public/riadsimages/riad_aubrac/terrasse_de_nuit.jpg""]",,2026-01-24 19:57:47.661076+00
caea67e2-57c8-4afe-b621-e002e6005ae2,"{""en"":""Riad Petit Karmela"",""es"":""Riad Petit Karmela"",""fr"":""Riad Petit Karmela""}","{""en"":""Azbetz, 10 Derb El Ferrane, Marrakech"",""es"":""Azbetz, 10 Derb El Ferrane, Marrakech"",""fr"":""Azbetz, 10 Derb El Ferrane, Marrakech""}",marrakech,rahba_kedina,riad,"{""en"":""Riad Petit Karmela is a characterful riad in the heart of Marrakech’s medina. The riad is built around a patio designed for relaxation. Its atmosphere is intimate and authentic, ideal for discovering Marrakech while enjoying a calm and refined setting."",""es"":""Riad Petit Karmela est un Riad de caractère au cœur de la médina de Marrakech. Le Riad s’organise autour d’un patio propice au repos. L’atmosphère se veut intime et authentique, idéale pour découvrir Marrakech tout en profitant d’un cadre reposant et soigné."",""fr"":""Riad Petit Karmela est un riad de caractère au cœur de la médina de Marrakech. Le riad s’organise autour d’un patio propice au repos. L’atmosphère se veut intime et authentique, idéale pour découvrir Marrakech tout en profitant d’un cadre reposant et soigné.""}",[],[],[],"{""en"":"""",""es"":"""",""fr"":""""}",riadkarmela.com,,,-7.984353,31.630122,4.70,810,"[""https://dzuwwfttnigeisicqyto.supabase.co/storage/v1/object/public/riadsimages/riad_petit_karmela/12181368.jpg"",""https://dzuwwfttnigeisicqyto.supabase.co/storage/v1/object/public/riadsimages/riad_petit_karmela/12195380.jpg"",""https://dzuwwfttnigeisicqyto.supabase.co/storage/v1/object/public/riadsimages/riad_petit_karmela/12188577.jpg"",""https://dzuwwfttnigeisicqyto.supabase.co/storage/v1/object/public/riadsimages/riad_petit_karmela/20930159.jpg"",""https://dzuwwfttnigeisicqyto.supabase.co/storage/v1/object/public/riadsimages/riad_petit_karmela/12182084.jpg""]",,2026-01-24 19:57:47.661076+00
cb65406b-fe7c-4648-8dd7-8551b437ec6c,"{""en"":""Riad  Bab 54"",""es"":""Riad  Bab 54"",""fr"":""Riad  Bab 54""}","{""en"":""54 Derb, N'khel Rahba Lakdima, Marrakech 40000"",""es"":""54 Derb, N'khel Rahba Lakdima, Marrakech 40000"",""fr"":""54 Derb, N'khel Rahba Lakdima, Marrakech 40000""}",marrakech,rahba_kedina,riad,"{""en"":""Riad  Bab 54 is a characterful riad in an authentic area of the medina. The riad is built around a patio designed for relaxation. Its atmosphere is intimate and authentic, ideal for discovering Marrakech while enjoying a calm and refined setting."",""es"":""Riad  Bab 54 est un Riad de caractère dans un quartier authentique de la médina. Le Riad s’organise autour d’un patio propice au repos. L’atmosphère se veut intime et authentique, idéale pour découvrir Marrakech tout en profitant d’un cadre reposant et soigné."",""fr"":""Riad  Bab 54 est un riad de caractère dans un quartier authentique de la médina. Le riad s’organise autour d’un patio propice au repos. L’atmosphère se veut intime et authentique, idéale pour découvrir Marrakech tout en profitant d’un cadre reposant et soigné.""}","[""choice_of_double_or_single_beds"",""family_rooms_min_3_guests"",""individual_air_conditioning"",""baby_equipment_crib_high_chairs"",""wifi"",""pool"",""on_site_restaurant_guest_table"",""rooftop"",""solarium"",""first_aid_kit"",""shared_lounge_tv_room"",""video_surveillance_common_areas_and_outdoors""]","[""breakfast_included"",""airport_shuttle"",""non_smoking_rooms"",""luggage_storage""]","[""free_cancellation_depending_on_rate_plan"",""card_payment_terminal""]","{""en"":"""",""es"":"""",""fr"":""""}",riadbab54.com,+212611675859,contact@riadbab54.com,7.985605,31.629168,4.80,317,"[""https://dzuwwfttnigeisicqyto.supabase.co/storage/v1/object/public/riadsimages/riad_bab_54/803206670.jpg"",""https://dzuwwfttnigeisicqyto.supabase.co/storage/v1/object/public/riadsimages/riad_bab_54/490606130.jpg"",""https://dzuwwfttnigeisicqyto.supabase.co/storage/v1/object/public/riadsimages/riad_bab_54/803268860.jpg"",""https://dzuwwfttnigeisicqyto.supabase.co/storage/v1/object/public/riadsimages/riad_bab_54/190097426.jpg"",""https://dzuwwfttnigeisicqyto.supabase.co/storage/v1/object/public/riadsimages/riad_bab_54/490655106.jpg""]",,2026-01-24 19:57:47.661076+00
cbee6377-8a01-43ba-9cf6-608439987c00,"{""en"":""Riad Ksar Fawz"",""es"":""Riad Ksar Fawz"",""fr"":""Riad Ksar Fawz""}","{""en"":""Ksibat Nhass, Marrakech 40000"",""es"":""Ksibat Nhass, Marrakech 40000"",""fr"":""Ksibat Nhass, Marrakech 40000""}",marrakech,kasbah,riad,"{""en"":""Riad Ksar Fawz is a characterful riad in an authentic area of the medina. The riad is built around a patio designed for relaxation. Its atmosphere is intimate and authentic, ideal for discovering Marrakech while enjoying a calm and refined setting."",""es"":""Riad Ksar Fawz est un Riad de caractère dans un quartier authentique de la médina. Le Riad s’organise autour d’un patio propice au repos. L’atmosphère se veut intime et authentique, idéale pour découvrir Marrakech tout en profitant d’un cadre reposant et soigné."",""fr"":""Riad Ksar Fawz est un riad de caractère dans un quartier authentique de la médina. Le riad s’organise autour d’un patio propice au repos. L’atmosphère se veut intime et authentique, idéale pour découvrir Marrakech tout en profitant d’un cadre reposant et soigné.""}",[],[],[],"{""en"":"""",""es"":"""",""fr"":""""}",ksarfawz-spa.com,,,-7.987563,31.616858,4.40,194,"[""https://dzuwwfttnigeisicqyto.supabase.co/storage/v1/object/public/riadsimages/riad_ksar_fawz/162146437.jpg"",""https://dzuwwfttnigeisicqyto.supabase.co/storage/v1/object/public/riadsimages/riad_ksar_fawz/162148496.jpg"",""https://dzuwwfttnigeisicqyto.supabase.co/storage/v1/object/public/riadsimages/riad_ksar_fawz/150419354.jpg"",""https://dzuwwfttnigeisicqyto.supabase.co/storage/v1/object/public/riadsimages/riad_ksar_fawz/149914716.jpg"",""https://dzuwwfttnigeisicqyto.supabase.co/storage/v1/object/public/riadsimages/riad_ksar_fawz/548154697.jpg""]",,2026-01-24 19:57:47.661076+00
cc32ba78-f726-4b93-a925-28f14458971a,"{""en"":""Riad El Filali"",""es"":""Riad El Filali"",""fr"":""Riad El Filali""}","{""en"":""Riad el Filali - 50, tatht sour lekebir - Zaouia el Abbassia - Marrakech, Marrakesh 40000"",""es"":""Riad el Filali - 50, tatht sour lekebir - Zaouia el Abbassia - Marrakech, Marrakesh 40000"",""fr"":""Riad el Filali - 50, tatht sour lekebir - Zaouia el Abbassia - Marrakech, Marrakesh 40000""}",marrakech,bab_doukkala,riad,"{""en"":""Riad El Filali is a characterful riad in an authentic area of the medina. The riad is built around a patio designed for relaxation. Its atmosphere is intimate and authentic, ideal for discovering Marrakech while enjoying a calm and refined setting."",""es"":""Riad El Filali est un Riad de caractère dans un quartier authentique de la médina. Le Riad s’organise autour d’un patio propice au repos. L’atmosphère se veut intime et authentique, idéale pour découvrir Marrakech tout en profitant d’un cadre reposant et soigné."",""fr"":""Riad El Filali est un riad de caractère dans un quartier authentique de la médina. Le riad s’organise autour d’un patio propice au repos. L’atmosphère se veut intime et authentique, idéale pour découvrir Marrakech tout en profitant d’un cadre reposant et soigné.""}","[""double_beds_only"",""single_beds_only"",""choice_of_double_or_single_beds"",""family_rooms_min_3_guests"",""individual_air_conditioning"",""baby_equipment_crib_high_chairs"",""wifi"",""pool"",""spa_hammam"",""on_site_restaurant_guest_table"",""rooftop"",""solarium"",""video_surveillance_common_areas_and_outdoors""]","[""breakfast_included"",""special_menus_gluten_free_vegan_etc"",""on_site_or_nearby_parking"",""cooking_class"",""24_hour_reception"",""pets_allowed"",""non_smoking_rooms"",""luggage_storage""]","[""free_cancellation_depending_on_rate_plan"",""booking_without_a_credit_card"",""no_prepayment"",""card_payment_terminal""]","{""en"":""Hammam et massages à  la demande"",""es"":""Hammam et massages à  la demande"",""fr"":""Hammam et massages à  la demande""}",riadelfilali.morocco-ma.website/fr/,+33689880529,carly.rouma@orange.fr,-7.990071,31.638617,4.70,154,"[""https://dzuwwfttnigeisicqyto.supabase.co/storage/v1/object/public/riadsimages/riad_el_filali/614939914.jpg"",""https://dzuwwfttnigeisicqyto.supabase.co/storage/v1/object/public/riadsimages/riad_el_filali/132075852.jpg"",""https://dzuwwfttnigeisicqyto.supabase.co/storage/v1/object/public/riadsimages/riad_el_filali/409786119.jpg"",""https://dzuwwfttnigeisicqyto.supabase.co/storage/v1/object/public/riadsimages/riad_el_filali/6200447.jpg"",""https://dzuwwfttnigeisicqyto.supabase.co/storage/v1/object/public/riadsimages/riad_el_filali/6200462.jpg""]",,2026-01-24 19:57:47.661076+00
cd3bfad2-8a53-4d9e-a7be-ffd2f27def00,"{""en"":""Riad Jaaneman"",""es"":""Riad Jaaneman"",""fr"":""Riad Jaaneman""}","{""en"":""12 Derb Sraghna, Marrakech 40030"",""es"":""12 Derb Sraghna, Marrakech 40030"",""fr"":""12 Derb Sraghna, Marrakech 40030""}",marrakech,dar_el_bacha,riad,"{""en"":""Riad Jaaneman is a characterful riad in an authentic area of the medina. The riad is built around a patio designed for relaxation. Its atmosphere is intimate and authentic, ideal for discovering Marrakech while enjoying a calm and refined setting."",""es"":""Riad Jaaneman est un Riad de caractère dans un quartier authentique de la médina. Le Riad s’organise autour d’un patio propice au repos. L’atmosphère se veut intime et authentique, idéale pour découvrir Marrakech tout en profitant d’un cadre reposant et soigné."",""fr"":""Riad Jaaneman est un riad de caractère dans un quartier authentique de la médina. Le riad s’organise autour d’un patio propice au repos. L’atmosphère se veut intime et authentique, idéale pour découvrir Marrakech tout en profitant d’un cadre reposant et soigné.""}","[""choice_of_double_or_single_beds"",""family_rooms_min_3_guests"",""individual_air_conditioning"",""safe"",""wifi"",""spa_hammam"",""rooftop"",""solarium"",""first_aid_kit"",""shared_lounge_tv_room"",""video_surveillance_common_areas_and_outdoors""]","[""breakfast_included"",""cleaning_service"",""non_smoking_rooms""]","[""card_payment_terminal""]","{""en"":"""",""es"":"""",""fr"":""""}",riadjaaneman.com,+212615163073,info@riadjaaneman.com,-8.008354,31.631839,4.90,471,"[""https://dzuwwfttnigeisicqyto.supabase.co/storage/v1/object/public/riadsimages/riad_jaaneman/309618188.jpg"",""https://dzuwwfttnigeisicqyto.supabase.co/storage/v1/object/public/riadsimages/riad_jaaneman/716333669.jpg"",""https://dzuwwfttnigeisicqyto.supabase.co/storage/v1/object/public/riadsimages/riad_jaaneman/729459621.jpg"",""https://dzuwwfttnigeisicqyto.supabase.co/storage/v1/object/public/riadsimages/riad_jaaneman/309617641.jpg"",""https://dzuwwfttnigeisicqyto.supabase.co/storage/v1/object/public/riadsimages/riad_jaaneman/29357322.jpg""]",,2026-01-24 19:57:47.661076+00
cd5b29b9-ed5f-40d7-9e24-b41ac191b3d6,"{""en"":""Riad Rk"",""es"":""Riad Rk"",""fr"":""Riad Rk""}","{""en"":""47 Rue el Ksour, Marrakech 40000"",""es"":""47 Rue el Ksour, Marrakech 40000"",""fr"":""47 Rue el Ksour, Marrakech 40000""}",marrakech,mouassine,riad,"{""en"":""Riad Rk is a characterful riad in the heart of Marrakech’s medina. The riad is built around a patio designed for relaxation. Its atmosphere is intimate and authentic, ideal for discovering Marrakech while enjoying a calm and refined setting."",""es"":""Riad Rk est un Riad de caractère au cœur de la médina de Marrakech. Le Riad s’organise autour d’un patio propice au repos. L’atmosphère se veut intime et authentique, idéale pour découvrir Marrakech tout en profitant d’un cadre reposant et soigné."",""fr"":""Riad Rk est un riad de caractère au cœur de la médina de Marrakech. Le riad s’organise autour d’un patio propice au repos. L’atmosphère se veut intime et authentique, idéale pour découvrir Marrakech tout en profitant d’un cadre reposant et soigné.""}",[],[],[],"{""en"":"""",""es"":"""",""fr"":""""}",riad-rk.com,,,-7.990996,31.628229,4.70,320,"[""https://dzuwwfttnigeisicqyto.supabase.co/storage/v1/object/public/riadsimages/riad_rk/713745029.jpg"",""https://dzuwwfttnigeisicqyto.supabase.co/storage/v1/object/public/riadsimages/riad_rk/807581316.jpg"",""https://dzuwwfttnigeisicqyto.supabase.co/storage/v1/object/public/riadsimages/riad_rk/569731698.jpg"",""https://dzuwwfttnigeisicqyto.supabase.co/storage/v1/object/public/riadsimages/riad_rk/412228186.jpg"",""https://dzuwwfttnigeisicqyto.supabase.co/storage/v1/object/public/riadsimages/riad_rk/412228158.jpg""]",,2026-01-24 19:57:47.661076+00
ce020025-d111-4119-bdaf-cca267fc6d60,"{""en"":""Villa Nour"",""es"":""Villa Nour"",""fr"":""Villa Nour""}","{""en"":""Km 6 route d'amizmiz, Marrakesh 40000"",""es"":""Km 6 route d'amizmiz, Marrakesh 40000"",""fr"":""Km 6 route d'amizmiz, Marrakesh 40000""}",marrakech,desert,guesthouse,"{""en"":""Villa Nour is a characterful riad in an authentic area of the medina. The riad is built around a patio designed for relaxation. Its atmosphere is intimate and authentic, ideal for discovering Marrakech while enjoying a calm and refined setting."",""es"":""Villa Nour est un Riad de caractère dans un quartier authentique de la médina. Le Riad s’organise autour d’un patio propice au repos. L’atmosphère se veut intime et authentique, idéale pour découvrir Marrakech tout en profitant d’un cadre reposant et soigné."",""fr"":""Villa Nour est un riad de caractère dans un quartier authentique de la médina. Le riad s’organise autour d’un patio propice au repos. L’atmosphère se veut intime et authentique, idéale pour découvrir Marrakech tout en profitant d’un cadre reposant et soigné.""}",[],[],[],"{""en"":"""",""es"":"""",""fr"":""""}",villa-nour.com,,,-8.032900,31.569251,4.30,357,"[""https://dzuwwfttnigeisicqyto.supabase.co/storage/v1/object/public/riadsimages/Villa_Nour/371979832.jpg"",""https://dzuwwfttnigeisicqyto.supabase.co/storage/v1/object/public/riadsimages/Villa_Nour/371979825.jpg"",""https://dzuwwfttnigeisicqyto.supabase.co/storage/v1/object/public/riadsimages/Villa_Nour/798629222.jpg"",""https://dzuwwfttnigeisicqyto.supabase.co/storage/v1/object/public/riadsimages/Villa_Nour/629021470.jpg"",""https://dzuwwfttnigeisicqyto.supabase.co/storage/v1/object/public/riadsimages/Villa_Nour/371979754.jpg""]",,2026-01-24 19:57:47.661076+00
ce5ba251-341a-4144-954b-43395ccb9cf1,"{""en"":""Riad Orange"",""es"":""Riad Orange"",""fr"":""Riad Orange""}","{""en"":""Riad، 71 Derb Jemaa, Rue Riad Zitoun el Jdid, Marrakesh 40000"",""es"":""Riad، 71 Derb Jemaa, Rue Riad Zitoun el Jdid, Marrakesh 40000"",""fr"":""Riad، 71 Derb Jemaa, Rue Riad Zitoun el Jdid, Marrakesh 40000""}",marrakech,hay_essalam,riad,"{""en"":""Riad Orange is a characterful riad just steps from Jemaa el-Fna, at the center of the city’s energy. The riad is built around a patio designed for relaxation. Its atmosphere is intimate and authentic, ideal for discovering Marrakech while enjoying a calm and refined setting."",""es"":""Riad Orange est un Riad de caractère à deux pas de Jemaa el-Fna, au cœur de l’animation. Le Riad s’organise autour d’un patio propice au repos. L’atmosphère se veut intime et authentique, idéale pour découvrir Marrakech tout en profitant d’un cadre reposant et soigné."",""fr"":""Riad Orange est un riad de caractère à deux pas de Jemaa el-Fna, au cœur de l’animation. Le riad s’organise autour d’un patio propice au repos. L’atmosphère se veut intime et authentique, idéale pour découvrir Marrakech tout en profitant d’un cadre reposant et soigné.""}","[""choice_of_double_or_single_beds"",""family_rooms_min_3_guests"",""individual_air_conditioning"",""baby_equipment_crib_high_chairs"",""safe"",""wifi"",""pool"",""heated_pool"",""on_site_restaurant_guest_table"",""rooftop"",""solarium"",""video_surveillance_common_areas_and_outdoors""]","[""breakfast_included"",""special_menus_gluten_free_vegan_etc"",""airport_shuttle"",""on_site_or_nearby_parking"",""cooking_class"",""room_service"",""24_hour_reception"",""babysitting"",""excursions_desk"",""cleaning_service"",""ironing_service"",""non_smoking_rooms"",""luggage_storage""]","[""free_cancellation_depending_on_rate_plan"",""booking_without_a_credit_card"",""card_payment_terminal""]","{""en"":"""",""es"":"""",""fr"":""""}",riad-orange.com,+212650055400,info@riad-orange.com,-7.983029,31.621862,4.70,128,"[""https://dzuwwfttnigeisicqyto.supabase.co/storage/v1/object/public/riadsimages/riad_orange/221136786.jpg"",""https://dzuwwfttnigeisicqyto.supabase.co/storage/v1/object/public/riadsimages/riad_orange/494953692.jpg"",""https://dzuwwfttnigeisicqyto.supabase.co/storage/v1/object/public/riadsimages/riad_orange/422978380.jpg"",""https://dzuwwfttnigeisicqyto.supabase.co/storage/v1/object/public/riadsimages/riad_orange/165250462.jpg"",""https://dzuwwfttnigeisicqyto.supabase.co/storage/v1/object/public/riadsimages/riad_orange/422978691.jpg""]",,2026-01-24 19:57:47.661076+00
ce673a9f-199a-4549-9e25-bdb0b271e176,"{""en"":""Riad Saba"",""es"":""Riad Saba"",""fr"":""Riad Saba""}","{""en"":""Derb Cherkaoui, N2, Marrakech 40040"",""es"":""Derb Cherkaoui, N2, Marrakech 40040"",""fr"":""Derb Cherkaoui, N2, Marrakech 40040""}",marrakech,kennaria,riad,"{""en"":""Riad Saba is a characterful riad in the heart of Marrakech’s medina. The riad is built around a patio designed for relaxation. Its atmosphere is intimate and authentic, ideal for discovering Marrakech while enjoying a calm and refined setting."",""es"":""Riad Saba est un Riad de caractère au cœur de la médina de Marrakech. Le Riad s’organise autour d’un patio propice au repos. L’atmosphère se veut intime et authentique, idéale pour découvrir Marrakech tout en profitant d’un cadre reposant et soigné."",""fr"":""Riad Saba est un riad de caractère au cœur de la médina de Marrakech. Le riad s’organise autour d’un patio propice au repos. L’atmosphère se veut intime et authentique, idéale pour découvrir Marrakech tout en profitant d’un cadre reposant et soigné.""}","[""choice_of_double_or_single_beds"",""individual_air_conditioning"",""safe"",""wifi"",""pool"",""piscine_chauffee"",""on_site_restaurant_guest_table"",""rooftop"",""solarium"",""first_aid_kit"",""shared_lounge_tv_room"",""video_surveillance_common_areas_and_outdoors""]","[""breakfast_included"",""special_menus_gluten_free_vegan_etc"",""airport_shuttle"",""on_site_or_nearby_parking"",""cooking_class"",""room_service"",""24_hour_reception"",""excursions_desk"",""cleaning_service"",""ironing_service"",""non_smoking_rooms"",""luggage_storage""]","[""free_cancellation_depending_on_rate_plan"",""card_payment_terminal""]","{""en"":"""",""es"":"""",""fr"":""""}",https://www.riadsaba.com/,+212666530050,info@riadsaba.com,-7.983356,31.624732,4.80,672,"[""https://dzuwwfttnigeisicqyto.supabase.co/storage/v1/object/public/riadsimages/riad_saba/AMG00303.jpg"",""https://dzuwwfttnigeisicqyto.supabase.co/storage/v1/object/public/riadsimages/riad_saba/AMG00101.jpg"",""https://dzuwwfttnigeisicqyto.supabase.co/storage/v1/object/public/riadsimages/riad_saba/AMG08777.jpg"",""https://dzuwwfttnigeisicqyto.supabase.co/storage/v1/object/public/riadsimages/riad_saba/AMG00450.jpg"",""https://dzuwwfttnigeisicqyto.supabase.co/storage/v1/object/public/riadsimages/riad_saba/AMG09649.jpg""]",,2026-01-24 19:57:47.661076+00
cfedfa62-68b3-4c1f-933a-e4d20b4df25f,"{""en"":""Riad Lamzia"",""es"":""Riad Lamzia"",""fr"":""Riad Lamzia""}","{""en"":""N 11، 40000 Derb El Hajra, Marrakesh 40000"",""es"":""N 11، 40000 Derb El Hajra, Marrakesh 40000"",""fr"":""N 11، 40000 Derb El Hajra, Marrakesh 40000""}",marrakech,derb_dabachi,riad,"{""en"":""Riad Lamzia is a characterful riad in an authentic area of the medina. The riad is built around a patio designed for relaxation. Its atmosphere is intimate and authentic, ideal for discovering Marrakech while enjoying a calm and refined setting."",""es"":""Riad Lamzia est un Riad de caractère dans un quartier authentique de la médina. Le Riad s’organise autour d’un patio propice au repos. L’atmosphère se veut intime et authentique, idéale pour découvrir Marrakech tout en profitant d’un cadre reposant et soigné."",""fr"":""Riad Lamzia est un riad de caractère dans un quartier authentique de la médina. Le riad s’organise autour d’un patio propice au repos. L’atmosphère se veut intime et authentique, idéale pour découvrir Marrakech tout en profitant d’un cadre reposant et soigné.""}",[],[],[],"{""en"":"""",""es"":"""",""fr"":""""}",riad-lamzia.com,,,-7.984607,31.626566,4.30,219,"[""https://dzuwwfttnigeisicqyto.supabase.co/storage/v1/object/public/riadsimages/riad_lamzia/351589079.jpg"",""https://dzuwwfttnigeisicqyto.supabase.co/storage/v1/object/public/riadsimages/riad_lamzia/182931078.jpg"",""https://dzuwwfttnigeisicqyto.supabase.co/storage/v1/object/public/riadsimages/riad_lamzia/351589210.jpg"",""https://dzuwwfttnigeisicqyto.supabase.co/storage/v1/object/public/riadsimages/riad_lamzia/351589249.jpg"",""https://dzuwwfttnigeisicqyto.supabase.co/storage/v1/object/public/riadsimages/riad_lamzia/351589241.jpg""]",,2026-01-24 19:57:47.661076+00
d094807d-34ea-473b-8c5f-def44146f073,"{""en"":""Riad Dar Hamid Hotel & Spa"",""es"":""Riad Dar Hamid Hotel & Spa"",""fr"":""Riad Dar Hamid Hotel & Spa""}","{""en"":""07 Biss, derb Ahmer, Laksour, Médina, 40000 Marrakech, Maroc"",""es"":""07 Biss, derb Ahmer, Laksour, Médina, 40000 Marrakech, Maroc"",""fr"":""07 Biss, derb Ahmer, Laksour, Médina, 40000 Marrakech, Maroc""}",marrakech,mouassine,riad,"{""en"":""Riad Dar Hamid is a characterful riad in the heart of Marrakech’s medina. The riad is built around a patio designed for relaxation. Its atmosphere is intimate and authentic, ideal for discovering Marrakech while enjoying a calm and refined setting."",""es"":""Riad Dar Hamid est un Riad de caractère au cœur de la médina de Marrakech. Le Riad s’organise autour d’un patio propice au repos. L’atmosphère se veut intime et authentique, idéale pour découvrir Marrakech tout en profitant d’un cadre reposant et soigné."",""fr"":""Riad Dar Hamid est un riad de caractère au cœur de la médina de Marrakech. Le riad s’organise autour d’un patio propice au repos. L’atmosphère se veut intime et authentique, idéale pour découvrir Marrakech tout en profitant d’un cadre reposant et soigné.""}","[""choice_of_double_or_single_beds"",""family_rooms_min_3_guests"",""individual_air_conditioning"",""safe"",""wifi"",""pool"",""spa_hammam"",""on_site_restaurant_guest_table"",""rooftop"",""garden"",""solarium"",""first_aid_kit"",""video_surveillance_common_areas_and_outdoors""]","[""breakfast_included"",""special_menus_gluten_free_vegan_etc"",""airport_shuttle"",""on_site_or_nearby_parking"",""cooking_class"",""room_service"",""24_hour_reception"",""prm_accessibility"",""excursions_desk"",""cleaning_service"",""ironing_service"",""non_smoking_rooms"",""currency_exchange"",""luggage_storage""]","[""free_cancellation_depending_on_rate_plan"",""card_payment_terminal""]","{""en"":""La Terrace offre une vue sur la koutoubia et les montagnes environnantes"",""es"":""La Terraza offre une vue sur la koutoubia et les montagnes environnantes"",""fr"":""La terrasse offre une vue sur la koutoubia et les montagnes environnantes""}",https://www.riaddarhamid.com/,+212630178567,riaddarhamid@gmail.com,-7.592580,31.373380,4.80,228,"[""https://dzuwwfttnigeisicqyto.supabase.co/storage/v1/object/public/riadsimages/riad_dar_hamid/1.png"",""https://dzuwwfttnigeisicqyto.supabase.co/storage/v1/object/public/riadsimages/riad_dar_hamid/o3.png"",""https://dzuwwfttnigeisicqyto.supabase.co/storage/v1/object/public/riadsimages/riad_dar_hamid/V3.png"",""https://dzuwwfttnigeisicqyto.supabase.co/storage/v1/object/public/riadsimages/riad_dar_hamid/5.png"",""https://dzuwwfttnigeisicqyto.supabase.co/storage/v1/object/public/riadsimages/riad_dar_hamid/rooftoop.png""]",,2026-01-24 19:57:47.661076+00
d1599c78-dfa0-4e6e-943f-0b7c9bb66c8e,"{""en"":""Riad Moutaa (Ex Riad 64)"",""es"":""Riad Moutaa (Ex Riad 64)"",""fr"":""Riad Moutaa (Ex Riad 64)""}","{""en"":""126 Derb Zemrane, Rue de Berrima, Marrakech 40000"",""es"":""126 Derb Zemrane, Rue de Berrima, Marrakech 40000"",""fr"":""126 Derb Zemrane, Rue de Berrima, Marrakech 40000""}",marrakech,hay_essalam,riad,"{""en"":""Riad Moutaa (Ex Riad 64) is a characterful riad in the heart of Marrakech’s medina. The riad is built around a patio designed for relaxation. Its atmosphere is intimate and authentic, ideal for discovering Marrakech while enjoying a calm and refined setting."",""es"":""Riad Moutaa (Ex Riad 64) est un Riad de caractère au cœur de la médina de Marrakech. Le Riad s’organise autour d’un patio propice au repos. L’atmosphère se veut intime et authentique, idéale pour découvrir Marrakech tout en profitant d’un cadre reposant et soigné."",""fr"":""Riad Moutaa (Ex Riad 64) est un riad de caractère au cœur de la médina de Marrakech. Le riad s’organise autour d’un patio propice au repos. L’atmosphère se veut intime et authentique, idéale pour découvrir Marrakech tout en profitant d’un cadre reposant et soigné.""}","[""choice_of_double_or_single_beds"",""family_rooms_min_3_guests"",""wifi"",""pool"",""spa_hammam"",""on_site_restaurant_guest_table"",""rooftop"",""shared_lounge_tv_room"",""video_surveillance_common_areas_and_outdoors""]","[""breakfast_included"",""airport_shuttle"",""on_site_or_nearby_parking"",""cooking_class"",""24_hour_reception"",""excursions_desk"",""cleaning_service"",""hammam"",""on_site_massages_and_treatments""]","[""free_cancellation_depending_on_rate_plan""]","{""en"":"""",""es"":"""",""fr"":""""}",riad64-marrakech.com,+212661227308,reservations@riad64-marrakech.com,-7.982181,31.616431,4.90,322,"[""https://dzuwwfttnigeisicqyto.supabase.co/storage/v1/object/public/riadsimages/riad_moutaa(Ex%20Riad%2064)/501529178.jpg"",""https://dzuwwfttnigeisicqyto.supabase.co/storage/v1/object/public/riadsimages/riad_moutaa(Ex%20Riad%2064)/751862390.jpg"",""https://dzuwwfttnigeisicqyto.supabase.co/storage/v1/object/public/riadsimages/riad_moutaa(Ex%20Riad%2064)/797177356.jpg"",""https://dzuwwfttnigeisicqyto.supabase.co/storage/v1/object/public/riadsimages/riad_moutaa(Ex%20Riad%2064)/233358605.jpg"",""https://dzuwwfttnigeisicqyto.supabase.co/storage/v1/object/public/riadsimages/riad_moutaa(Ex%20Riad%2064)/246576920.jpg""]",,2026-01-24 19:57:47.661076+00
d29f3d99-6348-45ef-857c-404b561976cd,"{""en"":""Riad Le Limoun"",""es"":""Riad Le Limoun"",""fr"":""Riad Le Limoun""}","{""en"":""Lahcen O, Mosquée Bab Doukkala, 66 Derb Sidi, Rue de Imam Ali, Marrakech 40000"",""es"":""Lahcen O, Mosquée Bab Doukkala, 66 Derb Sidi, Rue de Imam Ali, Marrakech 40000"",""fr"":""Lahcen O, Mosquée Bab Doukkala, 66 Derb Sidi, Rue de Imam Ali, Marrakech 40000""}",marrakech,bab_doukkala,riad,"{""en"":""Riad Le Limoun is a characterful riad in Bab Doukkala, offering easy access to the medina. The riad is built around a patio designed for relaxation. Its atmosphere is intimate and authentic, ideal for discovering Marrakech while enjoying a calm and refined setting."",""es"":""Riad Le Limoun est un Riad de caractère à Bab Doukkala, offrant un accès facile à la médina. Le Riad s’organise autour d’un patio propice au repos. L’atmosphère se veut intime et authentique, idéale pour découvrir Marrakech tout en profitant d’un cadre reposant et soigné."",""fr"":""Riad Le Limoun est un riad de caractère à Bab Doukkala, offrant un accès facile à la médina. Le riad s’organise autour d’un patio propice au repos. L’atmosphère se veut intime et authentique, idéale pour découvrir Marrakech tout en profitant d’un cadre reposant et soigné.""}","[""double_beds_only"",""family_rooms_min_3_guests"",""individual_air_conditioning"",""baby_equipment_crib_high_chairs"",""safe"",""wifi"",""piscine_chauffee"",""spa_hammam"",""on_site_restaurant_guest_table"",""rooftop"",""solarium"",""first_aid_kit"",""video_surveillance_common_areas_and_outdoors""]","[""breakfast_included"",""special_menus_gluten_free_vegan_etc"",""airport_shuttle"",""cooking_class"",""24_hour_reception"",""excursions_desk"",""cleaning_service"",""ironing_service"",""non_smoking_rooms"",""luggage_storage""]","[""free_cancellation_depending_on_rate_plan"",""card_payment_terminal""]","{""en"":"""",""es"":"""",""fr"":""""}",https://riadlelimoun.com/,+2120670050461,riadlelimoun@gmail.com,-7.996367,31.633026,4.90,121,"[""https://dzuwwfttnigeisicqyto.supabase.co/storage/v1/object/public/riadsimages/riad_le_limoun/24022020-DSC07527.jpg"",""https://dzuwwfttnigeisicqyto.supabase.co/storage/v1/object/public/riadsimages/riad_le_limoun/WhatsApp_Image_2026-01-22_at_19.26.10.jpeg"",""https://dzuwwfttnigeisicqyto.supabase.co/storage/v1/object/public/riadsimages/riad_le_limoun/Riad_Le_Limoun-_Spa_-_Jacuzzi_-_Terrase.2022-012.jpg"",""https://dzuwwfttnigeisicqyto.supabase.co/storage/v1/object/public/riadsimages/riad_le_limoun/Suite.jpg"",""https://dzuwwfttnigeisicqyto.supabase.co/storage/v1/object/public/riadsimages/riad_le_limoun/Riad_Le_Limoun-_Spa_-_Jacuzzi_-_Terrase.2022-092.jpg""]",,2026-01-24 19:57:47.661076+00
d2d1056f-e270-4918-8e14-c8704dd42668,"{""en"":""Riad La Kahana"",""es"":""Riad La Kahana"",""fr"":""Riad La Kahana""}","{""en"":""No. 39, Derb Jdid, Marrakesh 40000"",""es"":""No. 39, Derb Jdid, Marrakesh 40000"",""fr"":""No. 39, Derb Jdid, Marrakesh 40000""}",marrakech,zitoun,riad,"{""en"":""Riad La Kahana is a characterful riad in an authentic area of the medina. The riad is built around a patio designed for relaxation. Its atmosphere is intimate and authentic, ideal for discovering Marrakech while enjoying a calm and refined setting."",""es"":""Riad La Kahana est un Riad de caractère dans un quartier authentique de la médina. Le Riad s’organise autour d’un patio propice au repos. L’atmosphère se veut intime et authentique, idéale pour découvrir Marrakech tout en profitant d’un cadre reposant et soigné."",""fr"":""Riad La Kahana est un riad de caractère dans un quartier authentique de la médina. Le riad s’organise autour d’un patio propice au repos. L’atmosphère se veut intime et authentique, idéale pour découvrir Marrakech tout en profitant d’un cadre reposant et soigné.""}","[""choice_of_double_or_single_beds"",""hypoallergenic_rooms"",""wifi"",""rooftop"",""first_aid_kit"",""in_room_tv_kahana_only""]","[""cooking_class"",""24_hour_reception"",""cleaning_service"",""non_smoking_rooms"",""luggage_storage"",""wifi""]","[""free_cancellation_depending_on_rate_plan"",""booking_without_a_credit_card"",""no_prepayment""]","{""en"":"""",""es"":"""",""fr"":""""}",riadlakahanamarrakech.com,,riad.lakahana@gmail.com,-7.985548,31.620960,4.50,123,"[""https://dzuwwfttnigeisicqyto.supabase.co/storage/v1/object/public/riadsimages/riad_La_Kahana/58795018.jpg"",""https://dzuwwfttnigeisicqyto.supabase.co/storage/v1/object/public/riadsimages/riad_La_Kahana/58794203.jpg"",""https://dzuwwfttnigeisicqyto.supabase.co/storage/v1/object/public/riadsimages/riad_La_Kahana/58794742.jpg"",""https://dzuwwfttnigeisicqyto.supabase.co/storage/v1/object/public/riadsimages/riad_La_Kahana/58797556.jpg"",""https://dzuwwfttnigeisicqyto.supabase.co/storage/v1/object/public/riadsimages/riad_La_Kahana/58797865.jpg""]",,2026-01-24 19:57:47.661076+00
d3111e2d-0830-4147-a23e-b1ec977d64ae,"{""en"":""Riad El Borj"",""es"":""Riad El Borj"",""fr"":""Riad El Borj""}","{""en"":""63 derb moulay Abdelkader, Marrakesh 40000"",""es"":""63 derb moulay Abdelkader, Marrakesh 40000"",""fr"":""63 derb moulay Abdelkader, Marrakesh 40000""}",marrakech,derb_dabachi,riad,"{""en"":""Riad El Borj is a characterful riad in an authentic area of the medina. The riad is built around a patio designed for relaxation. Its atmosphere is intimate and authentic, ideal for discovering Marrakech while enjoying a calm and refined setting."",""es"":""Riad El Borj est un Riad de caractère dans un quartier authentique de la médina. Le Riad s’organise autour d’un patio propice au repos. L’atmosphère se veut intime et authentique, idéale pour découvrir Marrakech tout en profitant d’un cadre reposant et soigné."",""fr"":""Riad El Borj est un riad de caractère dans un quartier authentique de la médina. Le riad s’organise autour d’un patio propice au repos. L’atmosphère se veut intime et authentique, idéale pour découvrir Marrakech tout en profitant d’un cadre reposant et soigné.""}",[],[],[],"{""en"":"""",""es"":"""",""fr"":""""}",riadelborj.net,,,-7.984964,31.627993,4.90,465,"[""https://dzuwwfttnigeisicqyto.supabase.co/storage/v1/object/public/riadsimages/Riad_El_Borj/14489127.jpg"",""https://dzuwwfttnigeisicqyto.supabase.co/storage/v1/object/public/riadsimages/Riad_El_Borj/519822897.jpg"",""https://dzuwwfttnigeisicqyto.supabase.co/storage/v1/object/public/riadsimages/Riad_El_Borj/519831741.jpg"",""https://dzuwwfttnigeisicqyto.supabase.co/storage/v1/object/public/riadsimages/Riad_El_Borj/14488849.jpg"",""https://dzuwwfttnigeisicqyto.supabase.co/storage/v1/object/public/riadsimages/Riad_El_Borj/519817943.jpg""]",,2026-01-24 19:57:47.661076+00
d318a346-93ca-4907-b21d-349d0da77552,"{""en"":""Riad Etoile D'Orient"",""es"":""Riad Etoile D'Orient"",""fr"":""Riad Etoile D'Orient""}","{""en"":""n°52, Derb Moulay Abdelkader, Marrakesh 40000"",""es"":""n°52, Derb Moulay Abdelkader, Marrakesh 40000"",""fr"":""n°52, Derb Moulay Abdelkader, Marrakesh 40000""}",marrakech,derb_dabachi,riad,"{""en"":""Riad Etoile D'Orient is a characterful riad in an authentic area of the medina. The riad is built around a patio designed for relaxation. Its atmosphere is intimate and authentic, ideal for discovering Marrakech while enjoying a calm and refined setting."",""es"":""Riad Etoile D'Orient est un Riad de caractère dans un quartier authentique de la médina. Le Riad s’organise autour d’un patio propice au repos. L’atmosphère se veut intime et authentique, idéale pour découvrir Marrakech tout en profitant d’un cadre reposant et soigné."",""fr"":""Riad Etoile D'Orient est un riad de caractère dans un quartier authentique de la médina. Le riad s’organise autour d’un patio propice au repos. L’atmosphère se veut intime et authentique, idéale pour découvrir Marrakech tout en profitant d’un cadre reposant et soigné.""}","[""choice_of_double_or_single_beds"",""family_rooms_min_3_guests"",""individual_air_conditioning"",""baby_equipment_crib_high_chairs"",""safe"",""wifi"",""in_room_tv"",""spa_hammam"",""rooftop"",""solarium"",""heated_hot_tub""]","[""breakfast_included"",""special_menus_gluten_free_vegan_etc"",""airport_shuttle"",""cooking_class"",""24_hour_reception"",""on_site_activities"",""excursions_desk"",""cleaning_service"",""ironing_service"",""non_smoking_rooms"",""luggage_storage"",""spa""]","[""free_cancellation_depending_on_rate_plan""]","{""en"":"""",""es"":"""",""fr"":""""}",etoiledorient.com,+212600064915,riadetoiledorient@gmail.com,-7.985079,31.627612,4.80,635,"[""https://dzuwwfttnigeisicqyto.supabase.co/storage/v1/object/public/riadsimages/riad_etoile_D'Orient/324321123.jpg"",""https://dzuwwfttnigeisicqyto.supabase.co/storage/v1/object/public/riadsimages/riad_etoile_D'Orient/311155071.jpg"",""https://dzuwwfttnigeisicqyto.supabase.co/storage/v1/object/public/riadsimages/riad_etoile_D'Orient/311192214.jpg"",""https://dzuwwfttnigeisicqyto.supabase.co/storage/v1/object/public/riadsimages/riad_etoile_D'Orient/311192329.jpg"",""https://dzuwwfttnigeisicqyto.supabase.co/storage/v1/object/public/riadsimages/riad_etoile_D'Orient/13490438.jpg""]",,2026-01-24 19:57:47.661076+00
d3f53f2b-84bb-43f7-bd2d-7024b8e5510a,"{""en"":""Riad Yakimour"",""es"":""Riad Yakimour"",""fr"":""Riad Yakimour""}","{""en"":""213 Rue Bin Lamâassar, Marrakesh 40000"",""es"":""213 Rue Bin Lamâassar, Marrakesh 40000"",""fr"":""213 Rue Bin Lamâassar, Marrakesh 40000""}",marrakech,riad_laarous,riad,"{""en"":""Nestled in the heart of the medina, Riad Yakimour (over 300 m²) opens its doors to you in a refined setting where Moroccan authenticity blends with modern comfort. Traditional zellige tiles, hand-painted ceilings, and oriental details immerse you, from the very entrance, in the enchanting world of the Arabian Nights.\nIdeally located, the Riad is accessible by car up to the door and is just a 15-minute walk from the famous Jemaa el-Fna square. You can easily reach the Riad Larouss district and stroll through the lively souks of the medina.\nThe Riad features 10 elegant rooms: 3 Comfort Rooms, 3 Superior Rooms, and 4 Junior Suites. All are equipped with air conditioning, a private bathroom, and welcome products made in Morocco.\nOn the spacious terrace, a relaxation area awaits you: daybeds, sun loungers, and a refreshing pool invite you to enjoy moments of well-being under the Marrakech sun. Breakfast is included, and meals can be served upon reservation for an even more authentic experience.\nRiad Yakimour promises you a warm stay, combining oriental charm, serenity, and modern comfort."",""es"":""Ubicado en el corazón de la medina, el Riad Yakimour (más de 300 m²) le abre sus puertas en un entorno refinado donde la autenticidad marroquí se mezcla con el confort moderno. Zelliges tradicionales, techos pintados a mano y detalles orientales le sumergen, desde la entrada, en el encantador universo de Las Mil y Una Noches.\nIdealmente situado, el Riad es accesible en coche hasta la puerta y se encuentra a solo 15 minutos a pie de la famosa plaza Jemaa el-Fna. Podrá llegar fácilmente al barrio Riad Larouss y pasear por los animados zocos de la medina.\nEl Riad dispone de 10 elegantes habitaciones: 3 Habitaciones Confort, 3 Habitaciones Superiores y 4 Suites Junior. Todas están equipadas con aire acondicionado, baño privado y productos de acogida fabricados en Marruecos.\nEn la amplia terraza, le espera un espacio de relajación: camas balinesas, tumbonas y una piscina refrescante le invitan a disfrutar de momentos de bienestar bajo el sol de Marrakech. Los desayunos están incluidos y las comidas pueden servirse bajo reserva para una experiencia aún más auténtica.\nEl Riad Yakimour le promete una estancia cálida, entre encanto oriental, serenidad y confort moderno."",""fr"":""Niché au cœur de la médina, le Riad Yakimour (plus de 300 m²) vous ouvre ses portes dans un cadre raffiné, où l’authenticité marocaine se mêle au confort moderne. Zelliges traditionnels, plafonds peints à la main et détails orientaux vous plongent, dès l’entrée, dans l’univers envoûtant des Mille et Une Nuits.\nIdéalement situé, le Riad est accessible en voiture jusqu’à la porte et se trouve à seulement 15 minutes à pied de la célèbre place Jemaa el-Fna. Vous pourrez aisément rejoindre le quartier Riad Larouss et flâner dans les souks animés de la médina.\nLe Riad dispose de 10 chambres élégantes : 3 Chambres Confort, 3 Chambres Supérieures,  4 Suites Junior. Toutes sont équipées de la climatisation, d’une salle de bains privative et de produits d’accueil fabriqués au Maroc.\nSur la vaste terrasse, un espace détente vous attend : beds, transats et bassin rafraîchissant vous invitent à savourer des instants de bien-être sous le soleil de Marrakech. Les petits déjeuners sont inclus et vos repas peuvent être servis sur réservation pour une expérience encore plus authentique.\nLe Riad Yakimour vous promet un séjour chaleureux, entre charme oriental, sérénité et confort moderne.""}","[""choice_of_double_or_single_beds"",""family_rooms_min_3_guests"",""individual_air_conditioning"",""safe"",""wifi"",""pool"",""on_site_restaurant_guest_table"",""rooftop"",""solarium"",""first_aid_kit""]","[""breakfast_included"",""special_menus_gluten_free_vegan_etc"",""airport_shuttle"",""on_site_or_nearby_parking"",""24_hour_reception"",""excursions_desk"",""non_smoking_rooms"",""luggage_storage""]","[""free_cancellation_depending_on_rate_plan"",""no_prepayment"",""card_payment_terminal""]","{""en"":"""",""es"":"""",""fr"":""""}",https://www.yakimour.com,+212524428588,riadyakimour@gmail.com,-7.987638,31.638345,4.90,63,"[""https://dzuwwfttnigeisicqyto.supabase.co/storage/v1/object/public/riadsimages/Riad_Yakimour/3.jpg"",""https://dzuwwfttnigeisicqyto.supabase.co/storage/v1/object/public/riadsimages/Riad_Yakimour/5.jpg"",""https://dzuwwfttnigeisicqyto.supabase.co/storage/v1/object/public/riadsimages/Riad_Yakimour/6.jpg"",""https://dzuwwfttnigeisicqyto.supabase.co/storage/v1/object/public/riadsimages/Riad_Yakimour/7.jpg"",""https://dzuwwfttnigeisicqyto.supabase.co/storage/v1/object/public/riadsimages/Riad_Yakimour/8.jpg""]",,2026-01-24 19:57:47.661076+00
d4b17f30-6671-4cea-9df0-e41c577a34c1,"{""en"":""Riad Tahani"",""es"":""Riad Tahani"",""fr"":""Riad Tahani""}","{""en"":""245 Derb Sidi Bou Amar, Marrakesh 40000"",""es"":""245 Derb Sidi Bou Amar, Marrakesh 40000"",""fr"":""245 Derb Sidi Bou Amar, Marrakesh 40000""}",marrakech,riad_laarous,riad,"{""en"":""Riad Tahani is a characterful riad in the heart of Marrakech’s medina. The riad is built around a patio designed for relaxation. Its atmosphere is intimate and authentic, ideal for discovering Marrakech while enjoying a calm and refined setting."",""es"":""Riad Tahani est un Riad de caractère au cœur de la médina de Marrakech. Le Riad s’organise autour d’un patio propice au repos. L’atmosphère se veut intime et authentique, idéale pour découvrir Marrakech tout en profitant d’un cadre reposant et soigné."",""fr"":""Riad Tahani est un riad de caractère au cœur de la médina de Marrakech. Le riad s’organise autour d’un patio propice au repos. L’atmosphère se veut intime et authentique, idéale pour découvrir Marrakech tout en profitant d’un cadre reposant et soigné.""}","[""double_beds_only"",""family_rooms_min_3_guests"",""individual_air_conditioning"",""baby_equipment_crib_high_chairs"",""safe"",""wifi"",""in_room_tv"",""pool"",""on_site_restaurant_guest_table"",""rooftop"",""solarium"",""shared_lounge_tv_room""]","[""breakfast_included"",""airport_shuttle"",""on_site_or_nearby_parking"",""24_hour_reception"",""excursions_desk"",""cleaning_service"",""ironing_service"",""non_smoking_rooms"",""luggage_storage""]","[""free_cancellation_depending_on_rate_plan"",""card_payment_terminal""]","{""en"":"""",""es"":"""",""fr"":""""}",riadtahani.com,+2120661449951,info@riadtahani.com,-7.993427,31.633902,4.50,166,"[""https://dzuwwfttnigeisicqyto.supabase.co/storage/v1/object/public/riadsimages/riad_tahani/308233415.jpg"",""https://dzuwwfttnigeisicqyto.supabase.co/storage/v1/object/public/riadsimages/riad_tahani/308237344.jpg"",""https://dzuwwfttnigeisicqyto.supabase.co/storage/v1/object/public/riadsimages/riad_tahani/308239249.jpg"",""https://dzuwwfttnigeisicqyto.supabase.co/storage/v1/object/public/riadsimages/riad_tahani/308233777.jpg"",""https://dzuwwfttnigeisicqyto.supabase.co/storage/v1/object/public/riadsimages/riad_tahani/308238065.jpg""]",,2026-01-24 19:57:47.661076+00
d4bb1d2e-69db-49c4-b7ca-5e1ef0900cc4,"{""en"":""Riad Kech Soul"",""es"":""Riad Kech Soul"",""fr"":""Riad Kech Soul""}","{""en"":""57 Rue Bab Irhli, Marrakech 40000"",""es"":""57 Rue Bab Irhli, Marrakech 40000"",""fr"":""57 Rue Bab Irhli, Marrakech 40000""}",marrakech,kasbah,riad,"{""en"":""Riad Kech Soul is a characterful riad in the heart of Marrakech’s medina. The riad is built around a patio designed for relaxation. Its atmosphere is intimate and authentic, ideal for discovering Marrakech while enjoying a calm and refined setting."",""es"":""Riad Kech Soul est un Riad de caractère au cœur de la médina de Marrakech. Le Riad s’organise autour d’un patio propice au repos. L’atmosphère se veut intime et authentique, idéale pour découvrir Marrakech tout en profitant d’un cadre reposant et soigné."",""fr"":""Niché au cœur de la Kasbah, à l’ombre du Palais Royal, Kech Soul vous invite à vivre l’âme authentique de Marrakech dans un écrin de charme, de raffinement et de sérénité""}","[""double_beds_only"",""family_rooms_min_3_guests"",""individual_air_conditioning"",""baby_equipment_crib_high_chairs"",""safe"",""wifi"",""pool"",""spa_hammam"",""on_site_restaurant_guest_table"",""rooftop"",""video_surveillance_common_areas_and_outdoors"",""first_aid_kit"",""in_room_massage_service"",""patio_fountain_shaded_relaxation_areas"",""solarium"",""terrasse_transats_chauffage_climatisation_seche_cheveux_produits""]","[""breakfast_included"",""special_menus_gluten_free_vegan_etc"",""airport_shuttle"",""cooking_class"",""24_hour_reception"",""babysitting"",""on_site_activities"",""excursions_desk"",""cleaning_service"",""non_smoking_rooms"",""luggage_storage"",""bookings_golf"",""hammam_and_treatments"",""manicure"",""massages"",""lunch"",""on_site_massages_and_treatments"",""parking_a_proximite"",""pedicure"",""private_hammam_scrubs_massages"",""restaurant"",""spa_hammam_and_massage"",""wifi""]","[""free_cancellation_depending_on_rate_plan"",""card_payment_terminal""]","{""en"":"""",""es"":"""",""fr"":""""}",kechsoul.com,+212684769412,contact@kechsoul.com,-7.988783,31.610919,4.60,213,"[""https://dzuwwfttnigeisicqyto.supabase.co/storage/v1/object/public/riadsimages/riad_kech_soul/324170222.jpg"",""https://dzuwwfttnigeisicqyto.supabase.co/storage/v1/object/public/riadsimages/riad_kech_soul/248952177.jpg"",""https://dzuwwfttnigeisicqyto.supabase.co/storage/v1/object/public/riadsimages/riad_kech_soul/739741505.jpg"",""https://base44.app/api/apps/69f10e36f5d3972acca5a916/files/mp/public/69f10e36f5d3972acca5a916/f6e0ec30a__DSC2747.jpg"",""https://base44.app/api/apps/69f10e36f5d3972acca5a916/files/mp/public/69f10e36f5d3972acca5a916/dd40eed39__MG_0104.jpg"",""https://base44.app/api/apps/69f10e36f5d3972acca5a916/files/mp/public/69f10e36f5d3972acca5a916/71c1330e7__MG_0033_1.jpg"",""https://base44.app/api/apps/69f10e36f5d3972acca5a916/files/mp/public/69f10e36f5d3972acca5a916/750b48782__MG_0100.jpg""]",,2026-01-24 19:57:47.661076+00
d570bed9-40cb-4343-970a-7fa6ee0d999e,"{""en"":""Riad Perle D'Eau"",""es"":""Riad Perle D'Eau"",""fr"":""Riad Perle D'Eau""}","{""en"":""64 Rue Koweit, Essaouira 44000"",""es"":""64 Rue Koweit, Essaouira 44000"",""fr"":""64 Rue Koweit, Essaouira 44000""}",essaouira,essaouira_medina,riad,"{""en"":""Riad Perle D'Eau is a characterful riad in an authentic area of the medina. The riad is built around a patio designed for relaxation. Its atmosphere is intimate and authentic, ideal for discovering Marrakech while enjoying a calm and refined setting."",""es"":""Riad Perle D'Eau est un Riad de caractère dans un quartier authentique de la médina. Le Riad s’organise autour d’un patio propice au repos. L’atmosphère se veut intime et authentique, idéale pour découvrir Marrakech tout en profitant d’un cadre reposant et soigné."",""fr"":""Au cœur vibrant de la médina, là où les remparts murmurent encore les histoires anciennes d’Essaouira, se dresse le Riad Perle d’eau, comme un secret confié à l’océan.\nSes quatre suites, baignées de lumière, et sa terrasse ouverte sur l’infini embrassent les vagues changeantes, offrant à chaque marée, haute ou basse,\nun spectacle sans fin, et au couchant, un ciel qui s’embrase en silence.\nLes chambres supérieures, doucement tournées vers les patios, respirent\n la fraîcheur et la quiétude, comme un souffle d’ombre et de paix.\nIci, les saveurs d’autrefois se révèlent, les mains expertes apaisent le corps, dans\nla chaleur du hammam, dans la douceur des soins, où le temps semble suspendu.\nEt nous vous accueillons, avec délicatesse et attention, dans un écrin de confort et de raffinement, où chaque instant devient une promesse de sérénité.""}","[""double_beds_only"",""single_beds_only"",""choice_of_double_or_single_beds"",""family_rooms_min_3_guests"",""safe"",""spa_hammam"",""on_site_restaurant_guest_table"",""rooftop"",""video_surveillance_common_areas_and_outdoors"",""wifi"",""garden"",""massage_room"",""moroccan_patio"",""library"",""patio_fountain_shaded_relaxation_areas"",""shared_lounge_tv_room"",""solarium""]","[""breakfast_included"",""special_menus_gluten_free_vegan_etc"",""on_site_or_nearby_parking"",""excursions_desk"",""cleaning_service"",""ironing_service"",""non_smoking_rooms"",""airport_shuttle"",""bookings_golf"",""manicure"",""massages"",""on_site_massages_and_treatments"",""parking_a_proximite"",""pedicure"",""private_hammam_scrubs_massages"",""24_hour_reception"",""dinner"",""hammam"",""hammam_massages_craft_workshops"",""hammam_and_treatments"",""massage"",""room_service"",""restaurant"",""spa"",""spa_hammam_and_massage"",""wi_fi_gratuit_haut_debit_rooftop_terrasse_diners_et_dejeuner_a_la_demande_massages_bien_etre_sur_demande_organisation_d_excursions_privees"",""wifi""]","[""card_payment_terminal"",""free_cancellation_depending_on_rate_plan""]","{""en"":"""",""es"":"""",""fr"":""""}",https://perledeauessaouira.com/,+2120524785400,contact.perledeau@gmail.com,-9.768590,31.515746,4.80,557,"[""https://dzuwwfttnigeisicqyto.supabase.co/storage/v1/object/public/riadsimages/riad_perle_d_eau/B21I4503.jpg"",""https://dzuwwfttnigeisicqyto.supabase.co/storage/v1/object/public/riadsimages/riad_perle_d_eau/B21I5593.jpg"",""https://dzuwwfttnigeisicqyto.supabase.co/storage/v1/object/public/riadsimages/riad_perle_d_eau/B21I4549.jpg"",""https://dzuwwfttnigeisicqyto.supabase.co/storage/v1/object/public/riadsimages/riad_perle_d_eau/B21I5216.jpg"",""https://base44.app/api/apps/69f10e36f5d3972acca5a916/files/mp/public/69f10e36f5d3972acca5a916/449127fbe_B21I4593.jpg""]",,2026-01-24 19:57:47.661076+00
d7bd10dd-382b-4ab5-a21f-b0e7eaf76a83,"{""en"":""Riad Sashema"",""es"":""Riad Sashema"",""fr"":""Riad Sashema""}","{""en"":""N9, Marrakesh 40000"",""es"":""N9, Marrakesh 40000"",""fr"":""N9, Marrakesh 40000""}",marrakech,kasbah,riad,"{""en"":""Riad Sashema is a characterful riad in an authentic area of the medina. The riad is built around a patio designed for relaxation. Its atmosphere is intimate and authentic, ideal for discovering Marrakech while enjoying a calm and refined setting."",""es"":""Riad Sashema est un Riad de caractère dans un quartier authentique de la médina. Le Riad s’organise autour d’un patio propice au repos. L’atmosphère se veut intime et authentique, idéale pour découvrir Marrakech tout en profitant d’un cadre reposant et soigné."",""fr"":""Riad Sashema est un riad de caractère dans un quartier authentique de la médina. Le riad s’organise autour d’un patio propice au repos. L’atmosphère se veut intime et authentique, idéale pour découvrir Marrakech tout en profitant d’un cadre reposant et soigné.""}",[],[],[],"{""en"":"""",""es"":"""",""fr"":""""}",https://riad-sashema.com/,+212 670063903,delphine@riad-sashema.com,-7.995033,31.619100,4.90,220,"[""https://dzuwwfttnigeisicqyto.supabase.co/storage/v1/object/public/riadsimages/riad_sashema/698710082.jpg"",""https://dzuwwfttnigeisicqyto.supabase.co/storage/v1/object/public/riadsimages/riad_sashema/554111210.jpg"",""https://dzuwwfttnigeisicqyto.supabase.co/storage/v1/object/public/riadsimages/riad_sashema/554111209.jpg"",""https://dzuwwfttnigeisicqyto.supabase.co/storage/v1/object/public/riadsimages/riad_sashema/554111205.jpg"",""https://dzuwwfttnigeisicqyto.supabase.co/storage/v1/object/public/riadsimages/riad_sashema/554111213.jpg""]",,2026-01-24 19:57:47.661076+00
d7d08470-9d21-4dc2-9d6a-a14255ff7bd7,"{""en"":""Riad Dar Yuba"",""es"":""Riad Dar Yuba"",""fr"":""Riad Dar Yuba""}","{""en"":""DERB BOUKILI, 9 Derb Abdelhamid, Marrakech 40000, Maroc"",""es"":""DERB BOUKILI, 9 Derb Abdelhamid, Marrakech 40000, Maroc"",""fr"":""DERB BOUKILI, 9 Derb Abdelhamid, Marrakech 40000, Maroc""}",marrakech,,riad,"{""en"":"""",""es"":"""",""fr"":""""}","[""double_beds_only"",""choice_of_double_or_single_beds"",""family_rooms_min_3_guests"",""individual_air_conditioning"",""baby_equipment_crib_high_chairs"",""prm_accessibility"",""prm_facilities"",""safe"",""wifi"",""pool"",""heated_pool"",""spa_hammam"",""on_site_restaurant_guest_table"",""rooftop"",""solarium"",""first_aid_kit"",""shared_lounge_tv_room"",""video_surveillance_common_areas_and_outdoors""]","[""breakfast_included"",""special_menus_gluten_free_vegan_etc"",""airport_shuttle"",""on_site_or_nearby_parking"",""24_hour_reception"",""prm_accessibility"",""excursions_desk"",""cleaning_service"",""ironing_service"",""non_smoking_rooms"",""currency_exchange"",""luggage_storage""]","[""free_cancellation_depending_on_rate_plan"",""card_payment_terminal""]","{""en"":"""",""es"":"""",""fr"":""""}",https://daryuba.com/,+212 665927307,contact@daryuba.com,-7.990452,31.627340,,,"[""https://dzuwwfttnigeisicqyto.supabase.co/storage/v1/object/public/riadsimages/dar_yuba/IMG_0650.JPG"",""https://dzuwwfttnigeisicqyto.supabase.co/storage/v1/object/public/riadsimages/dar_yuba/IMG_0651.JPG"",""https://dzuwwfttnigeisicqyto.supabase.co/storage/v1/object/public/riadsimages/dar_yuba/IMG_0649.JPG"",""https://dzuwwfttnigeisicqyto.supabase.co/storage/v1/object/public/riadsimages/dar_yuba/IMG_0652.JPG"",""https://dzuwwfttnigeisicqyto.supabase.co/storage/v1/object/public/riadsimages/dar_yuba/DAR_YUBA-PHOTOS-BO-61.JPG""]",,2026-03-10 15:52:45.022616+00
dac7b969-89cc-4b75-8afa-7954caa9c625,"{""en"":""Riad Selouane"",""es"":""Riad Selouane"",""fr"":""Riad Selouane""}","{""en"":""6 Derb Tizougarine, Marrakesh 40000"",""es"":""6 Derb Tizougarine, Marrakesh 40000"",""fr"":""6 Derb Tizougarine, Marrakesh 40000""}",marrakech,mouassine,riad,"{""en"":""Riad Selouane is a characterful riad in the heart of Marrakech’s medina. The riad is built around a patio designed for relaxation. Its atmosphere is intimate and authentic, ideal for discovering Marrakech while enjoying a calm and refined setting."",""es"":""Riad Selouane est un Riad de caractère au cœur de la médina de Marrakech. Le Riad s’organise autour d’un patio propice au repos. L’atmosphère se veut intime et authentique, idéale pour découvrir Marrakech tout en profitant d’un cadre reposant et soigné."",""fr"":""Riad Selouane est un riad de caractère au cœur de la médina de Marrakech. Le riad s’organise autour d’un patio propice au repos. L’atmosphère se veut intime et authentique, idéale pour découvrir Marrakech tout en profitant d’un cadre reposant et soigné.""}","[""choice_of_double_or_single_beds"",""family_rooms_min_3_guests"",""individual_air_conditioning"",""wifi"",""heated_pool"",""on_site_restaurant_guest_table"",""rooftop"",""shared_lounge_tv_room""]","[""breakfast_included"",""special_menus_gluten_free_vegan_etc"",""airport_shuttle"",""24_hour_reception"",""excursions_desk"",""cleaning_service"",""ironing_service"",""non_smoking_rooms"",""luggage_storage""]","[""free_cancellation_depending_on_rate_plan"",""no_prepayment"",""card_payment_terminal""]","{""en"":"""",""es"":"""",""fr"":""""}",https://riad-selouane.net/,+212 524 44 41 41,info@riad-selouane.net,-7.990272,31.632137,4.70,192,"[""https://dzuwwfttnigeisicqyto.supabase.co/storage/v1/object/public/riadsimages/riad_selouane/riad-selouane-marrakech.jpg"",""https://dzuwwfttnigeisicqyto.supabase.co/storage/v1/object/public/riadsimages/riad_selouane/riad-selouane-marrakech-berber-tent.jpg"",""https://dzuwwfttnigeisicqyto.supabase.co/storage/v1/object/public/riadsimages/riad_selouane/riad-selouane-room-kanzamane-01.jpg"",""https://dzuwwfttnigeisicqyto.supabase.co/storage/v1/object/public/riadsimages/riad_selouane/riad-selouane-room-terrasse-01.jpg"",""https://dzuwwfttnigeisicqyto.supabase.co/storage/v1/object/public/riadsimages/riad_selouane/162344920.jpg""]",,2026-01-24 19:57:47.661076+00
db10b14d-3a4d-4455-8c03-82e1643aacc2,"{""en"":""Riad Bamboo"",""es"":""Riad Bamboo"",""fr"":""Riad Bamboo""}","{""en"":""40000 Derb Dabachi, Marrakech 40000"",""es"":""40000 Derb Dabachi, Marrakech 40000"",""fr"":""40000 Derb Dabachi, Marrakech 40000""}",marrakech,derb_dabachi,riad,"{""en"":""Riad  Bamboo is a characterful riad in the heart of Marrakech’s medina. The riad is built around a patio designed for relaxation. Its atmosphere is intimate and authentic, ideal for discovering Marrakech while enjoying a calm and refined setting."",""es"":""Riad  Bamboo est un Riad de caractère au cœur de la médina de Marrakech. Le Riad s’organise autour d’un patio propice au repos. L’atmosphère se veut intime et authentique, idéale pour découvrir Marrakech tout en profitant d’un cadre reposant et soigné."",""fr"":""Riad  Bamboo est un riad de caractère au cœur de la médina de Marrakech. Le riad s’organise autour d’un patio propice au repos. L’atmosphère se veut intime et authentique, idéale pour découvrir Marrakech tout en profitant d’un cadre reposant et soigné.""}",[],[],[],"{""en"":"""",""es"":"""",""fr"":""""}",https://bambooriad.com/,+212 653634678,resariadbamboo@gmail.com,-7.984742,31.627228,4.70,488,"[""https://dzuwwfttnigeisicqyto.supabase.co/storage/v1/object/public/riadsimages/riad_bamboo/350343225.jpg"",""https://dzuwwfttnigeisicqyto.supabase.co/storage/v1/object/public/riadsimages/riad_bamboo/224373284.jpg"",""https://dzuwwfttnigeisicqyto.supabase.co/storage/v1/object/public/riadsimages/riad_bamboo/224377219.jpg"",""https://dzuwwfttnigeisicqyto.supabase.co/storage/v1/object/public/riadsimages/riad_bamboo/232362697.jpg"",""https://dzuwwfttnigeisicqyto.supabase.co/storage/v1/object/public/riadsimages/riad_bamboo/245644692.jpg""]",,2026-01-24 19:57:47.661076+00
db784ff4-1a3f-4370-8775-508c3cbf15ed,"{""en"":""Riad Kasbah Aalma D'Or"",""es"":""Riad Kasbah Aalma D'Or"",""fr"":""Riad Kasbah Aalma D'Or""}","{""en"":""N9, Marrakesh"",""es"":""N9, Marrakesh"",""fr"":""N9, Marrakesh""}",marrakech,montagne,kasbah,"{""en"":""Riad Kasbah Aalma D'Or is a characterful riad in the heart of Marrakech’s medina. The riad is built around a patio designed for relaxation. Its atmosphere is intimate and authentic, ideal for discovering Marrakech while enjoying a calm and refined setting."",""es"":""Riad Kasbah Aalma D'Or est un Riad de caractère au cœur de la médina de Marrakech. Le Riad s’organise autour d’un patio propice au repos. L’atmosphère se veut intime et authentique, idéale pour découvrir Marrakech tout en profitant d’un cadre reposant et soigné."",""fr"":""Riad Kasbah Aalma D'Or est un riad de caractère au cœur de la médina de Marrakech. Le riad s’organise autour d’un patio propice au repos. L’atmosphère se veut intime et authentique, idéale pour découvrir Marrakech tout en profitant d’un cadre reposant et soigné.""}",[],[],[],"{""en"":"""",""es"":"""",""fr"":""""}",kasbah-aalma.com,,,-7.865749,31.586098,4.70,76,"[""https://dzuwwfttnigeisicqyto.supabase.co/storage/v1/object/public/riadsimages/riad_kasbah_aalma_d'Or/767078771.jpg"",""https://dzuwwfttnigeisicqyto.supabase.co/storage/v1/object/public/riadsimages/riad_kasbah_aalma_d'Or/38892257.jpg"",""https://dzuwwfttnigeisicqyto.supabase.co/storage/v1/object/public/riadsimages/riad_kasbah_aalma_d'Or/767079880.jpg"",""https://dzuwwfttnigeisicqyto.supabase.co/storage/v1/object/public/riadsimages/riad_kasbah_aalma_d'Or/38892222.jpg"",""https://dzuwwfttnigeisicqyto.supabase.co/storage/v1/object/public/riadsimages/riad_kasbah_aalma_d'Or/38892252.jpg""]",,2026-01-24 19:57:47.661076+00
dc26fdff-9c6d-442f-9e80-f13338dcd1ee,"{""en"":""Riad Lyon Mogador"",""es"":""Riad Lyon Mogador"",""fr"":""Riad Lyon Mogador""}","{""en"":""39 rue Septa, Essaouira 44000"",""es"":""39 rue Septa, Essaouira 44000"",""fr"":""39 rue Septa, Essaouira 44000""}",essaouira,essaouira_medina,riad,"{""en"":""Riad Lyon Mogador is a characterful riad in an authentic area of the medina. The riad is built around a patio designed for relaxation. Its atmosphere is intimate and authentic, ideal for discovering Marrakech while enjoying a calm and refined setting."",""es"":""Riad Lyon Mogador est un Riad de caractère dans un quartier authentique de la médina. Le Riad s’organise autour d’un patio propice au repos. L’atmosphère se veut intime et authentique, idéale pour découvrir Marrakech tout en profitant d’un cadre reposant et soigné."",""fr"":""Riad Lyon Mogador est un riad de caractère dans un quartier authentique de la médina. Le riad s’organise autour d’un patio propice au repos. L’atmosphère se veut intime et authentique, idéale pour découvrir Marrakech tout en profitant d’un cadre reposant et soigné.""}","[""double_beds_only"",""single_beds_only"",""family_rooms_min_3_guests"",""baby_equipment_crib_high_chairs"",""wifi"",""on_site_restaurant_guest_table"",""rooftop"",""solarium"",""first_aid_kit"",""shared_lounge_tv_room"",""video_surveillance_common_areas_and_outdoors""]","[""breakfast_included"",""special_menus_gluten_free_vegan_etc"",""airport_shuttle"",""excursions_desk"",""cleaning_service"",""non_smoking_rooms"",""luggage_storage""]","[""free_cancellation_depending_on_rate_plan"",""card_payment_terminal""]","{""en"":"""",""es"":"""",""fr"":""""}",lyonmogador.com,+212650952426,contact@lyonmogador.com,-9.770077,31.514880,4.70,589,"[""https://dzuwwfttnigeisicqyto.supabase.co/storage/v1/object/public/riadsimages/riad_lyon_mogador/308497458.jpg"",""https://dzuwwfttnigeisicqyto.supabase.co/storage/v1/object/public/riadsimages/riad_lyon_mogador/517460373.jpg"",""https://dzuwwfttnigeisicqyto.supabase.co/storage/v1/object/public/riadsimages/riad_lyon_mogador/308499287.jpg"",""https://dzuwwfttnigeisicqyto.supabase.co/storage/v1/object/public/riadsimages/riad_lyon_mogador/308496548.jpg"",""https://dzuwwfttnigeisicqyto.supabase.co/storage/v1/object/public/riadsimages/riad_lyon_mogador/517459951.jpg""]",,2026-01-24 19:57:47.661076+00
defa9397-82a0-419d-a50c-e1b387e0a130,"{""en"":""Riad Karmela"",""es"":""Riad Karmela"",""fr"":""Riad Karmela""}","{""en"":""Azbetz, 10 Derb El Ferrane, Marrakech"",""es"":""Azbetz, 10 Derb El Ferrane, Marrakech"",""fr"":""Azbetz, 10 Derb El Ferrane, Marrakech""}",marrakech,ben_youssef,riad,"{""en"":""Riad Karmela is a characterful riad in an authentic area of the medina. The riad is built around a patio designed for relaxation. Its atmosphere is intimate and authentic, ideal for discovering Marrakech while enjoying a calm and refined setting."",""es"":""Riad Karmela est un Riad de caractère dans un quartier authentique de la médina. Le Riad s’organise autour d’un patio propice au repos. L’atmosphère se veut intime et authentique, idéale pour découvrir Marrakech tout en profitant d’un cadre reposant et soigné."",""fr"":""Riad Karmela est un riad de caractère dans un quartier authentique de la médina. Le riad s’organise autour d’un patio propice au repos. L’atmosphère se veut intime et authentique, idéale pour découvrir Marrakech tout en profitant d’un cadre reposant et soigné.""}",[],[],[],"{""en"":"""",""es"":"""",""fr"":""""}",riadkarmela.com,,,-7.984332,31.630240,4.70,2789,"[""https://dzuwwfttnigeisicqyto.supabase.co/storage/v1/object/public/riadsimages/riad_karmela/246046050.jpg"",""https://dzuwwfttnigeisicqyto.supabase.co/storage/v1/object/public/riadsimages/riad_karmela/14640705.jpg"",""https://dzuwwfttnigeisicqyto.supabase.co/storage/v1/object/public/riadsimages/riad_karmela/246046105.jpg"",""https://dzuwwfttnigeisicqyto.supabase.co/storage/v1/object/public/riadsimages/riad_karmela/246046524.jpg"",""https://dzuwwfttnigeisicqyto.supabase.co/storage/v1/object/public/riadsimages/riad_karmela/14622699.jpg""]",,2026-01-24 19:57:47.661076+00
df9505a5-3f25-4450-ac7f-1b39b20b39d0,"{""en"":""Riad Dar Bladi"",""es"":""Riad Dar Bladi"",""fr"":""Riad Dar Bladi""}","{""en"":""W449+7VF, Tarmigte 45000"",""es"":""W449+7VF, Tarmigte 45000"",""fr"":""W449+7VF, Tarmigte 45000""}",ouarzazate,ouarzazate_exterieurs,riad,"{""en"":""The guesthouse Dar Bladi, a beautifully restored 19th-century earthen house, is located in the heart of Douar Talmasla, a traditional village just a few kilometers from Ouarzazate. At Dar Bladi, you will find peace, authenticity, and a warm family atmosphere. It is the ideal starting point to explore southern Morocco. We offer different categories of affordable rooms, ranging from a spacious junior suite to cozy rooms and budget mini-rooms. Relax in our lounges or on the large three-level terrace offering panoramic views of the village and the Atlas Mountains. Gastronomy is an essential part of the experience, with generous homemade Moroccan meals prepared with fresh local ingredients, shared in a spirit of hospitality, simplicity, and good company."",""es"":""La casa de huéspedes Dar Bladi, una casa de adobe del siglo XIX bellamente restaurada, está situada en el corazón del Douar Talmasla, un pueblo tradicional a pocos kilómetros de Ouarzazate. En el hotel Dar Bladi encontrará paz, autenticidad y un ambiente familiar cálido. Es el punto de partida ideal para explorar el sur de Marruecos. Ofrecemos diferentes categorías de habitaciones asequibles, que van desde una amplia suite junior hasta habitaciones acogedoras y mini habitaciones económicas. Relájese en nuestros salones o en la gran terraza de tres niveles que ofrece vistas panorámicas del pueblo y de las montañas del Atlas. La gastronomía es un elemento esencial de la experiencia, con generosas comidas marroquíes caseras elaboradas con ingredientes locales fresos, compartidas en un espíritu de hospitalidad, sencillez y buena compañía."",""fr"":""La maison d’hôtes Dar Bladi, maison en pisé du XIXe siècle magnifiquement restaurée au cœur du Douar Talmasla, village traditionnel, à quelques kilomètres d’Ouarzazate.\nDans l’hôtel Dar Bladi vous y trouverez paix, authenticité et une atmosphère familiale chaleureuse.\nC’est le point de départ idéal pour explorer le sud du Maroc.\nNous vous proposons différentes catégories de chambres et abordables, allant d’une suite junior spacieuse à des chambres douillettes et des mini-chambres économiques. Détendez-vous dans nos salons ou sur la grande terrasse en trois niveaux offrant une vue panoramique sur le village et les montagnes de l’Atlas. La gastronomie est un élément essentiel de l’expérience, avec de généreux repas marocains faits « maison » à partir d’ingrédients locaux frais, partagés dans un esprit d’hospitalité, de simplicité et de bonne compagnie.""}",[],[],[],"{""en"":"""",""es"":"""",""fr"":""""}",https://darbladi-ouarzazate.com/,+212 524 854 350,darbladi@gmail.com,-6.881582,30.905870,4.60,155,"[""https://dzuwwfttnigeisicqyto.supabase.co/storage/v1/object/public/riadsimages/dar_bladi/_AZI5060.jpg"",""https://dzuwwfttnigeisicqyto.supabase.co/storage/v1/object/public/riadsimages/dar_bladi/_AZI4913.jpg"",""https://dzuwwfttnigeisicqyto.supabase.co/storage/v1/object/public/riadsimages/dar_bladi/_AZI8375.jpg"",""https://dzuwwfttnigeisicqyto.supabase.co/storage/v1/object/public/riadsimages/dar_bladi/Dar-Bladi-Room.jpg"",""https://dzuwwfttnigeisicqyto.supabase.co/storage/v1/object/public/riadsimages/dar_bladi/DSC_3907.jpg""]",,2026-01-24 19:57:47.661076+00
dfcbc0c3-59f5-467d-92ef-ca4bf8067232,"{""en"":""Riad Ecila"",""es"":""Riad Ecila"",""fr"":""Riad Ecila""}","{""en"":""24 Derb N'Khal, Rahba Lakdima, Médina, Marrakesh 40008"",""es"":""24 Derb N'Khal, Rahba Lakdima, Médina, Marrakesh 40008"",""fr"":""24 Derb N'Khal, Rahba Lakdima, Médina, Marrakesh 40008""}",marrakech,rahba_kedina,riad,"{""en"":""Riad Ecila is a characterful riad in the heart of Marrakech’s medina. The riad is built around a patio designed for relaxation. Its atmosphere is intimate and authentic, ideal for discovering Marrakech while enjoying a calm and refined setting."",""es"":""Riad Ecila est un Riad de caractère au cœur de la médina de Marrakech. Le Riad s’organise autour d’un patio propice au repos. L’atmosphère se veut intime et authentique, idéale pour découvrir Marrakech tout en profitant d’un cadre reposant et soigné."",""fr"":""Riad Ecila est un riad de caractère au cœur de la médina de Marrakech. Le riad s’organise autour d’un patio propice au repos. L’atmosphère se veut intime et authentique, idéale pour découvrir Marrakech tout en profitant d’un cadre reposant et soigné.""}","[""double_beds_only"",""family_rooms_min_3_guests"",""individual_air_conditioning"",""safe"",""wifi"",""pool"",""piscine_chauffee"",""spa_hammam"",""on_site_restaurant_guest_table"",""rooftop"",""solarium"",""first_aid_kit"",""shared_lounge_tv_room"",""video_surveillance_common_areas_and_outdoors""]","[""breakfast_included"",""special_menus_gluten_free_vegan_etc"",""airport_shuttle"",""on_site_or_nearby_parking"",""24_hour_reception"",""excursions_desk"",""cleaning_service"",""non_smoking_rooms"",""luggage_storage""]","[""free_cancellation_depending_on_rate_plan"",""card_payment_terminal""]","{""en"":"""",""es"":"""",""fr"":""""}",https://riadecila.com/,+212524428441,riadecila@gmail.com,-7.986008,31.629295,4.80,163,"[""https://dzuwwfttnigeisicqyto.supabase.co/storage/v1/object/public/riadsimages/riad_ecila/IMG_3231.jpeg"",""https://dzuwwfttnigeisicqyto.supabase.co/storage/v1/object/public/riadsimages/riad_ecila/e0d40668-e9ba-40d2-8fde-73de5aac587b.jpeg"",""https://dzuwwfttnigeisicqyto.supabase.co/storage/v1/object/public/riadsimages/riad_ecila/894af514-b3bb-43f8-9c20-6f0c8a007f25.jpeg"",""https://dzuwwfttnigeisicqyto.supabase.co/storage/v1/object/public/riadsimages/riad_ecila/IMG_1894.jpeg"",""https://dzuwwfttnigeisicqyto.supabase.co/storage/v1/object/public/riadsimages/riad_ecila/IMG_3055.jpeg"",""https://dzuwwfttnigeisicqyto.supabase.co/storage/v1/object/public/riadsimages/riad_ecila/IMG_3285.jpeg""]",,2026-01-24 19:57:47.661076+00
e1508959-24bd-426b-af20-084984b741d6,"{""en"":""Riad Clos Des Arts"",""es"":""Riad Clos Des Arts"",""fr"":""Riad Clos Des Arts""}","{""en"":""Riad Zitoune Jdid, Derb Tbib 50, Marrakesh 40000"",""es"":""Riad Zitoune Jdid, Derb Tbib 50, Marrakesh 40000"",""fr"":""Riad Zitoune Jdid, Derb Tbib 50, Marrakesh 40000""}",marrakech,mellah,riad,"{""en"":""Riad Clos Des Arts is a characterful riad in an authentic area of the medina. The riad is built around a patio designed for relaxation. Its atmosphere is intimate and authentic, ideal for discovering Marrakech while enjoying a calm and refined setting."",""es"":""Riad Clos Des Arts est un Riad de caractère dans un quartier authentique de la médina. Le Riad s’organise autour d’un patio propice au repos. L’atmosphère se veut intime et authentique, idéale pour découvrir Marrakech tout en profitant d’un cadre reposant et soigné."",""fr"":""Riad Clos Des Arts est un riad de caractère dans un quartier authentique de la médina. Le riad s’organise autour d’un patio propice au repos. L’atmosphère se veut intime et authentique, idéale pour découvrir Marrakech tout en profitant d’un cadre reposant et soigné.""}",[],[],[],"{""en"":"""",""es"":"""",""fr"":""""}",leclosdesarts.com/fr,,,-7.984373,31.624179,5.00,2173,"[""https://dzuwwfttnigeisicqyto.supabase.co/storage/v1/object/public/riadsimages/riad_clos_des_arts/qfka26jwoinqglfb3qow.png"",""https://dzuwwfttnigeisicqyto.supabase.co/storage/v1/object/public/riadsimages/riad_clos_des_arts/xnsajyuz6yzg0cundk8b.png"",""https://dzuwwfttnigeisicqyto.supabase.co/storage/v1/object/public/riadsimages/riad_clos_des_arts/xrkoikurfrytl7opb7wr.png"",""https://dzuwwfttnigeisicqyto.supabase.co/storage/v1/object/public/riadsimages/riad_clos_des_arts/sem0wtlwgarxjahwpmco.png"",""https://dzuwwfttnigeisicqyto.supabase.co/storage/v1/object/public/riadsimages/riad_clos_des_arts/ni2gbjv5cxissvgs5shq.png""]",,2026-01-24 19:57:47.661076+00
e407ee35-6047-445d-9320-fa01ca9a8f6f,"{""en"":""Palacio De Las Especias"",""es"":""Palacio De Las Especias"",""fr"":""Palacio De Las Especias""}","{""en"":""35 Derb Sidi Bou Amar, Marrakesh 40000"",""es"":""35 Derb Sidi Bou Amar, Marrakesh 40000"",""fr"":""35 Derb Sidi Bou Amar, Marrakesh 40000""}",marrakech,riad_laarous,riad,"{""en"":""Palacio De Las Especias is a characterful riad in an authentic area of the medina. The riad is built around a patio designed for relaxation. Its atmosphere is intimate and authentic, ideal for discovering Marrakech while enjoying a calm and refined setting."",""es"":""Palacio De Las Especias est un Riad de caractère dans un quartier authentique de la médina. Le Riad s’organise autour d’un patio propice au repos. L’atmosphère se veut intime et authentique, idéale pour découvrir Marrakech tout en profitant d’un cadre reposant et soigné."",""fr"":""Palacio De Las Especias est un riad de caractère dans un quartier authentique de la médina. Le riad s’organise autour d’un patio propice au repos. L’atmosphère se veut intime et authentique, idéale pour découvrir Marrakech tout en profitant d’un cadre reposant et soigné.""}","[""double_beds_only"",""individual_air_conditioning"",""safe"",""wifi"",""pool"",""on_site_restaurant_guest_table"",""bar"",""rooftop"",""solarium"",""video_surveillance_common_areas_and_outdoors"",""moroccan_patio"",""library"",""solarium_with_shower_and_greenery"",""balinese_beds_and_berber_tent"",""traditional_moroccan_fountain""]","[""breakfast_included"",""special_menus_gluten_free_vegan_etc"",""airport_shuttle"",""on_site_or_nearby_parking"",""cooking_class"",""room_service"",""24_hour_reception"",""non_smoking_rooms"",""luggage_storage""]","[""no_prepayment"",""card_payment_terminal""]","{""en"":""Paiements acceptés en espèces (dirhams et euros), par carte ou par virement bancaire."",""es"":""Paiements acceptés en espèces (dirhams et euros), par carte ou par virement bancaire."",""fr"":""Paiements acceptés en espèces (dirhams et euros), par carte ou par virement bancaire.""}",https://palaciodelasespecias.com/,+34617993953,riad@palaciodelasespecias.com,-7.993208,31.634018,4.90,705,"[""https://dzuwwfttnigeisicqyto.supabase.co/storage/v1/object/public/riadsimages/riad_palacio_especias/82838157.jpg"",""https://dzuwwfttnigeisicqyto.supabase.co/storage/v1/object/public/riadsimages/riad_palacio_especias/82765323.jpg"",""https://dzuwwfttnigeisicqyto.supabase.co/storage/v1/object/public/riadsimages/riad_palacio_especias/15897601.jpg"",""https://dzuwwfttnigeisicqyto.supabase.co/storage/v1/object/public/riadsimages/riad_palacio_especias/15895375.jpg"",""https://dzuwwfttnigeisicqyto.supabase.co/storage/v1/object/public/riadsimages/riad_palacio_especias/82838265.jpg""]",,2026-01-24 19:57:47.661076+00
e505f6ff-5433-48c4-9c3c-3ef90af776b4,"{""en"":""Riad Clos Des Oliviers"",""es"":""Riad Clos Des Oliviers"",""fr"":""Riad Clos Des Oliviers""}","{""en"":""J4PC+J69, Marrakech"",""es"":""J4PC+J69, Marrakech"",""fr"":""J4PC+J69, Marrakech""}",marrakech,palmeraie,guesthouse,"{""en"":""Riad Clos Des Oliviers is a characterful riad in the heart of Marrakech’s medina. The riad is built around a patio designed for relaxation. Its atmosphere is intimate and authentic, ideal for discovering Marrakech while enjoying a calm and refined setting."",""es"":""Riad Clos Des Oliviers est un Riad de caractère au cœur de la médina de Marrakech. Le Riad s’organise autour d’un patio propice au repos. L’atmosphère se veut intime et authentique, idéale pour découvrir Marrakech tout en profitant d’un cadre reposant et soigné."",""fr"":""Riad Clos Des Oliviers est un riad de caractère au cœur de la médina de Marrakech. Le riad s’organise autour d’un patio propice au repos. L’atmosphère se veut intime et authentique, idéale pour découvrir Marrakech tout en profitant d’un cadre reposant et soigné.""}",[],[],[],"{""en"":"""",""es"":"""",""fr"":""""}",leclosdesoliviers.ma,,,-7.879392,31.636736,4.80,96,"[""https://dzuwwfttnigeisicqyto.supabase.co/storage/v1/object/public/riadsimages/riad_clos_des_oliviers/575299895.jpg"",""https://dzuwwfttnigeisicqyto.supabase.co/storage/v1/object/public/riadsimages/riad_clos_des_oliviers/575299886.jpg"",""https://dzuwwfttnigeisicqyto.supabase.co/storage/v1/object/public/riadsimages/riad_clos_des_oliviers/575299860.jpg"",""https://dzuwwfttnigeisicqyto.supabase.co/storage/v1/object/public/riadsimages/riad_clos_des_oliviers/575299882.jpg"",""https://dzuwwfttnigeisicqyto.supabase.co/storage/v1/object/public/riadsimages/riad_clos_des_oliviers/575299872.jpg""]",,2026-01-24 19:57:47.661076+00
e6aa48b0-ed00-4959-a041-8f1b7b119bb0,"{""en"":""Riad L'Emeraude De La Medina"",""es"":""Riad L'Emeraude De La Medina"",""fr"":""Riad L'Emeraude De La Medina""}","{""en"":""Belmahjoub N°3, Hay, D.El Maâden, Marrakech"",""es"":""Belmahjoub N°3, Hay, D.El Maâden, Marrakech"",""fr"":""Belmahjoub N°3, Hay, D.El Maâden, Marrakech""}",marrakech,sidi_ben_slimane,riad,"{""en"":""Riad L'Emeraude De La Medina is a characterful riad in the heart of Marrakech’s medina. The riad is built around a patio designed for relaxation. Its atmosphere is intimate and authentic, ideal for discovering Marrakech while enjoying a calm and refined setting."",""es"":""Riad L'Emeraude De La Medina est un Riad de caractère au cœur de la médina de Marrakech. Le Riad s’organise autour d’un patio propice au repos. L’atmosphère se veut intime et authentique, idéale pour découvrir Marrakech tout en profitant d’un cadre reposant et soigné."",""fr"":""Riad L'Emeraude De La Medina est un riad de caractère au cœur de la médina de Marrakech. Le riad s’organise autour d’un patio propice au repos. L’atmosphère se veut intime et authentique, idéale pour découvrir Marrakech tout en profitant d’un cadre reposant et soigné.""}","[""double_beds_only"",""individual_air_conditioning"",""wifi"",""in_room_tv"",""rooftop"",""shared_lounge_tv_room"",""video_surveillance_common_areas_and_outdoors""]","[""breakfast_included"",""airport_shuttle"",""on_site_or_nearby_parking"",""24_hour_reception"",""prm_accessibility"",""excursions_desk"",""cleaning_service"",""non_smoking_rooms""]","[""free_cancellation_depending_on_rate_plan"",""card_payment_terminal""]","{""en"":"""",""es"":"""",""fr"":""""}",lemerauderiad@gmail.com,+212661261594,lemerauderiad@gmail.com,-7.986485,31.636124,4.50,35,"[""https://dzuwwfttnigeisicqyto.supabase.co/storage/v1/object/public/riadsimages/riad_L'Emeraude_De_La_Medina/350665249.jpg"",""https://dzuwwfttnigeisicqyto.supabase.co/storage/v1/object/public/riadsimages/riad_L'Emeraude_De_La_Medina/350665293.jpg"",""https://dzuwwfttnigeisicqyto.supabase.co/storage/v1/object/public/riadsimages/riad_L'Emeraude_De_La_Medina/351674035.jpg"",""https://dzuwwfttnigeisicqyto.supabase.co/storage/v1/object/public/riadsimages/riad_L'Emeraude_De_La_Medina/357037163.jpg"",""https://dzuwwfttnigeisicqyto.supabase.co/storage/v1/object/public/riadsimages/riad_L'Emeraude_De_La_Medina/350665215.jpg""]",,2026-01-24 19:57:47.661076+00
e8341922-9ca7-4bdf-9ac1-ec6c1b3759ef,"{""en"":""Riad Ayadina"",""es"":""Riad Ayadina"",""fr"":""Riad Ayadina""}","{""en"":""Avenue du 11 Janvier - Bab Layadi\nMarrakech"",""es"":""Avenue du 11 Janvier - Bab Layadi\nMarrakech"",""fr"":""Avenue du 11 Janvier - Bab Layadi\nMarrakech""}",marrakech,sidi_ben_slimane,riad,"{""en"":""Riad Ayadina is a characterful riad in the heart of Marrakech’s medina. The riad is built around a patio designed for relaxation. Its atmosphere is intimate and authentic, ideal for discovering Marrakech while enjoying a calm and refined setting."",""es"":""Riad Ayadina est un Riad de caractère au cœur de la médina de Marrakech. Le Riad s’organise autour d’un patio propice au repos. L’atmosphère se veut intime et authentique, idéale pour découvrir Marrakech tout en profitant d’un cadre reposant et soigné."",""fr"":""Riad Ayadina, ancienne dépendance du Palais Ayadi, est un riad de charme situé au nord de la médina à proximité des JARDINS MAJORELLE, DU SOUK KHEMIS, DES ANTIQUAIRES, de la MÉDINA, et des GOLFS.\n\nInstallé dans une demeure historique de 1200 m², organisée autour de 3 patios arborés, ce riad boutique-hôtel offre une atmosphère paisible et raffinée. Le riad est adossé aux remparts et facilement accessible en voiture, parking du souk KHEMIS devant le riad.\nLa décoration du riad Ayadina est l'un de ses plus grands atouts, elle reflète l'esprit d'un palais marocain, entre authenticité traditionnelle et élégance contemporaine.\n\nRiad Ayadina est un havre de raffinement offrant un SPA, avec des soins, une piscine chauffée sur la terrasse, un solarium, un restaurant, une licence d'alcool cocktail.\n\n\n\n\n\n""}","[""double_beds_only"",""family_rooms_min_3_guests"",""individual_air_conditioning"",""baby_equipment_crib_high_chairs"",""safe"",""wifi"",""tv_in_room"",""pool"",""heated_pool"",""spa_hammam"",""on_site_restaurant_guest_table"",""bar"",""rooftop"",""garden"",""solarium"",""first_aid_kit"",""shared_lounge_tv_room"",""video_surveillance_common_areas_and_outdoors"",""hot_tub"",""in_room_tv"",""heated_hot_tub"",""massage_room"",""patio_fountain_shaded_relaxation_areas"",""piscine_chauffee"",""moroccan_patio"",""library""]","[""breakfast_included"",""special_menus_gluten_free_vegan_etc"",""airport_shuttle"",""on_site_or_nearby_parking"",""cooking_class"",""24_hour_reception"",""prm_accessibility"",""babysitting"",""excursions_desk"",""cleaning_service"",""ironing_service"",""non_smoking_rooms"",""currency_exchange"",""luggage_storage"",""wifi"",""spa"",""wi_fi_gratuit_haut_debit_rooftop_terrasse_diners_et_dejeuner_a_la_demande_massages_bien_etre_sur_demande_organisation_d_excursions_privees"",""spa_hammam_and_massage"",""restaurant"",""riad_for_exclusive_use"",""piscine_chauffee"",""private_hammam_scrubs_massages"",""parking_a_proximite"",""pedicure"",""on_site_massages_and_treatments"",""massage"",""massages"",""manicure"",""lunch"",""hammam_and_treatments"",""dinner"",""hammam"",""bookings_golf"",""business_services_meeting_reception_room"",""hammam_massages_craft_workshops""]","[""free_cancellation_depending_on_rate_plan"",""card_payment_terminal""]","{""en"":"""",""es"":"""",""fr"":""""}",https://www.riadayadinamarrakech.net/,+212 661 21 35 09,inforiadayadina@gmail.com,-7.991288,31.644481,4.60,957,"[""https://dzuwwfttnigeisicqyto.supabase.co/storage/v1/object/public/riadsimages/riad_ayadina/197044827.jpg"",""https://dzuwwfttnigeisicqyto.supabase.co/storage/v1/object/public/riadsimages/riad_ayadina/175460699.jpg"",""https://dzuwwfttnigeisicqyto.supabase.co/storage/v1/object/public/riadsimages/riad_ayadina/175461766.jpg"",""https://dzuwwfttnigeisicqyto.supabase.co/storage/v1/object/public/riadsimages/riad_ayadina/196855347.jpg"",""https://base44.app/api/apps/69f10e36f5d3972acca5a916/files/mp/public/69f10e36f5d3972acca5a916/754afca38_Antina5.jpg"",""https://base44.app/api/apps/69f10e36f5d3972acca5a916/files/mp/public/69f10e36f5d3972acca5a916/dcd255521_SUITEAHISIA6.jpg"",""https://base44.app/api/apps/69f10e36f5d3972acca5a916/files/mp/public/69f10e36f5d3972acca5a916/213288ed2_Atina3.jpg"",""https://base44.app/api/apps/69f10e36f5d3972acca5a916/files/mp/public/69f10e36f5d3972acca5a916/5fa063a39_PATIOPLAMIER.jpg"",""https://base44.app/api/apps/69f10e36f5d3972acca5a916/files/mp/public/69f10e36f5d3972acca5a916/a80045b8e_Ambrosia4.jpg"",""https://base44.app/api/apps/69f10e36f5d3972acca5a916/files/mp/public/69f10e36f5d3972acca5a916/845682eef_TERRASSE.jpg"",""https://base44.app/api/apps/69f10e36f5d3972acca5a916/files/mp/public/69f10e36f5d3972acca5a916/6836043e7_Piscinecompletjourt2jpg.jpg"",""https://base44.app/api/apps/69f10e36f5d3972acca5a916/files/mp/public/69f10e36f5d3972acca5a916/e5688d4f0_Vuepisciensolariumnuitjpg.jpg"",""https://base44.app/api/apps/69f10e36f5d3972acca5a916/files/mp/public/69f10e36f5d3972acca5a916/f55df3ac0_TablepetitdejTerrrasse3.jpg"",""https://base44.app/api/apps/69f10e36f5d3972acca5a916/files/mp/public/69f10e36f5d3972acca5a916/10870d30d_Ambrosia3.jpg"",""https://base44.app/api/apps/69f10e36f5d3972acca5a916/files/mp/public/69f10e36f5d3972acca5a916/6545df474_TERRASSE.jpg"",""https://base44.app/api/apps/69f10e36f5d3972acca5a916/files/mp/public/69f10e36f5d3972acca5a916/16947c3ad_Atina7.jpg"",""https://base44.app/api/apps/69f10e36f5d3972acca5a916/files/mp/public/69f10e36f5d3972acca5a916/46d1d1d10_Ambrosiasallebain3jpg.jpg"",""https://base44.app/api/apps/69f10e36f5d3972acca5a916/files/mp/public/69f10e36f5d3972acca5a916/ce6aa5b09_Aida4.jpg"",""https://base44.app/api/apps/69f10e36f5d3972acca5a916/files/mp/public/69f10e36f5d3972acca5a916/04f691407_LOGOAYADINA.jpg"",""https://base44.app/api/apps/69f10e36f5d3972acca5a916/files/mp/public/69f10e36f5d3972acca5a916/3ba14aaf7_sallebain.JPG"",""https://base44.app/api/apps/69f10e36f5d3972acca5a916/files/mp/public/69f10e36f5d3972acca5a916/64c5cbbf5_piscine.jpg""]",,2026-01-24 19:57:47.661076+00
ead3932b-fa03-4468-a43a-aa8f24d5e9a9,"{""en"":""Riad Dar 73"",""es"":""Riad Dar 73"",""fr"":""Riad Dar 73""}","{""en"":""16 Derb Manchoura, Marrakesh 40000"",""es"":""16 Derb Manchoura, Marrakesh 40000"",""fr"":""16 Derb Manchoura, Marrakesh 40000""}",marrakech,mellah,riad,"{""en"":""Riad Dar 73 is a characterful riad in an authentic area of the medina. The riad is built around a patio designed for relaxation. Its atmosphere is intimate and authentic, ideal for discovering Marrakech while enjoying a calm and refined setting."",""es"":""Riad Dar 73 est un Riad de caractère dans un quartier authentique de la médina. Le Riad s’organise autour d’un patio propice au repos. L’atmosphère se veut intime et authentique, idéale pour découvrir Marrakech tout en profitant d’un cadre reposant et soigné."",""fr"":""Riad Dar 73 est un riad de caractère dans un quartier authentique de la médina. Le riad s’organise autour d’un patio propice au repos. L’atmosphère se veut intime et authentique, idéale pour découvrir Marrakech tout en profitant d’un cadre reposant et soigné.""}","[""choice_of_double_or_single_beds"",""family_rooms_min_3_guests"",""individual_air_conditioning"",""safe"",""wifi"",""pool"",""spa_hammam"",""on_site_restaurant_guest_table"",""bar"",""solarium"",""shared_lounge_tv_room"",""video_surveillance_common_areas_and_outdoors""]","[""breakfast_included"",""special_menus_gluten_free_vegan_etc"",""airport_shuttle"",""on_site_or_nearby_parking"",""24_hour_reception"",""babysitting"",""cleaning_service"",""ironing_service"",""non_smoking_rooms""]","[""card_payment_terminal""]","{""en"":"""",""es"":"""",""fr"":""""}",riaddar73-marrakech.com,+212524390709,contact@riaddar73-marrakech.com,-7.982404,31.620114,4.70,433,"[""https://dzuwwfttnigeisicqyto.supabase.co/storage/v1/object/public/riadsimages/riad_dar_73/643544301.jpg"",""https://dzuwwfttnigeisicqyto.supabase.co/storage/v1/object/public/riadsimages/riad_dar_73/643544382.jpg"",""https://dzuwwfttnigeisicqyto.supabase.co/storage/v1/object/public/riadsimages/riad_dar_73/643542785.jpg"",""https://dzuwwfttnigeisicqyto.supabase.co/storage/v1/object/public/riadsimages/riad_dar_73/643543134.jpg"",""https://dzuwwfttnigeisicqyto.supabase.co/storage/v1/object/public/riadsimages/riad_dar_73/643544251.jpg""]",,2026-01-24 19:57:47.661076+00
eb9edc01-0bc8-42b7-999a-515823fe552f,"{""en"":""Villa Garance"",""es"":""Villa Garance"",""fr"":""Villa Garance""}","{""en"":""10 Rue Abderrahman Eddakhil, Essaouira 44000"",""es"":""10 Rue Abderrahman Eddakhil, Essaouira 44000"",""fr"":""10 Rue Abderrahman Eddakhil, Essaouira 44000""}",essaouira,essaouira_exterieurs,riad,"{""en"":""Villa Garance is a characterful riad in an authentic area of the medina. The riad is built around a patio designed for relaxation. Its atmosphere is intimate and authentic, ideal for discovering Marrakech while enjoying a calm and refined setting."",""es"":""Villa Garance est un Riad de caractère dans un quartier authentique de la médina. Le Riad s’organise autour d’un patio propice au repos. L’atmosphère se veut intime et authentique, idéale pour découvrir Marrakech tout en profitant d’un cadre reposant et soigné."",""fr"":""Villa Garance est un riad de caractère dans un quartier authentique de la médina. Le riad s’organise autour d’un patio propice au repos. L’atmosphère se veut intime et authentique, idéale pour découvrir Marrakech tout en profitant d’un cadre reposant et soigné.""}","[""choice_of_double_or_single_beds"",""hypoallergenic_rooms"",""family_rooms_min_3_guests"",""baby_equipment_crib_high_chairs"",""safe"",""wifi"",""spa_hammam"",""on_site_restaurant_guest_table"",""rooftop"",""solarium"",""first_aid_kit"",""shared_lounge_tv_room""]","[""breakfast_included"",""special_menus_gluten_free_vegan_etc"",""airport_shuttle"",""on_site_or_nearby_parking"",""cooking_class"",""24_hour_reception"",""cleaning_service"",""non_smoking_rooms"",""luggage_storage"",""on_site_massages_and_treatments""]","[""free_cancellation_depending_on_rate_plan"",""no_prepayment"",""card_payment_terminal""]","{""en"":"""",""es"":"""",""fr"":""""}",essaouira-garance.com,+212677541563,villa.garance@gmail.com,-9.770281,31.514668,4.60,653,"[""https://dzuwwfttnigeisicqyto.supabase.co/storage/v1/object/public/riadsimages/Villa_Garance/591704215.jpg"",""https://dzuwwfttnigeisicqyto.supabase.co/storage/v1/object/public/riadsimages/Villa_Garance/591698707.jpg"",""https://dzuwwfttnigeisicqyto.supabase.co/storage/v1/object/public/riadsimages/Villa_Garance/590693172.jpg"",""https://dzuwwfttnigeisicqyto.supabase.co/storage/v1/object/public/riadsimages/Villa_Garance/591705252.jpg"",""https://dzuwwfttnigeisicqyto.supabase.co/storage/v1/object/public/riadsimages/Villa_Garance/591705222.jpg""]",,2026-01-24 19:57:47.661076+00
ecbb8da0-076b-49d2-a533-96eb5c8e0971,"{""en"":""Riad Zouhour"",""es"":""Riad Zouhour"",""fr"":""Riad Zouhour""}","{""en"":""33 Derb Snane, Marrakech 40000"",""es"":""33 Derb Snane, Marrakech 40000"",""fr"":""33 Derb Snane, Marrakech 40000""}",marrakech,dar_el_bacha,riad,"{""en"":""Riad Zouhour is a characterful riad in the heart of Marrakech’s medina. The riad is built around a patio designed for relaxation. Its atmosphere is intimate and authentic, ideal for discovering Marrakech while enjoying a calm and refined setting."",""es"":""Riad Zouhour est un Riad de caractère au cœur de la médina de Marrakech. Le Riad s’organise autour d’un patio propice au repos. L’atmosphère se veut intime et authentique, idéale pour découvrir Marrakech tout en profitant d’un cadre reposant et soigné."",""fr"":""Riad Zouhour est un riad de caractère au cœur de la médina de Marrakech. Le riad s’organise autour d’un patio propice au repos. L’atmosphère se veut intime et authentique, idéale pour découvrir Marrakech tout en profitant d’un cadre reposant et soigné.""}","[""choice_of_double_or_single_beds"",""family_rooms_min_3_guests"",""individual_air_conditioning"",""baby_equipment_crib_high_chairs"",""prm_accessibility"",""prm_facilities"",""safe"",""wifi"",""pool"",""piscine_chauffee"",""on_site_restaurant_guest_table"",""rooftop"",""garden"",""solarium"",""first_aid_kit"",""video_surveillance_common_areas_and_outdoors"",""massage_room""]","[""breakfast_included"",""special_menus_gluten_free_vegan_etc"",""airport_shuttle"",""on_site_or_nearby_parking"",""cooking_class"",""room_service"",""24_hour_reception"",""prm_accessibility"",""excursions_desk"",""cleaning_service"",""ironing_service"",""non_smoking_rooms"",""currency_exchange"",""luggage_storage""]","[""free_cancellation_depending_on_rate_plan"",""booking_without_a_credit_card""]","{""en"":""Location en exclusivité sur demande"",""es"":""Location en exclusivité sur demande"",""fr"":""Location en exclusivité sur demande""}",riadzouhour.com,+2120630227565,riadzouhourgestion@gmail.com,-7.991204,31.629889,5.00,89,"[""https://dzuwwfttnigeisicqyto.supabase.co/storage/v1/object/public/riadsimages/riad_zouhour/336515586.jpg"",""https://dzuwwfttnigeisicqyto.supabase.co/storage/v1/object/public/riadsimages/riad_zouhour/338338717.jpg"",""https://dzuwwfttnigeisicqyto.supabase.co/storage/v1/object/public/riadsimages/riad_zouhour/505429251.jpg"",""https://dzuwwfttnigeisicqyto.supabase.co/storage/v1/object/public/riadsimages/riad_zouhour/338648298.jpg"",""https://dzuwwfttnigeisicqyto.supabase.co/storage/v1/object/public/riadsimages/riad_zouhour/505429021.jpg""]",,2026-01-24 19:57:47.661076+00
f0337525-4664-48cf-9879-aea5f5caa6a9,"{""en"":""Riad Karmela Princesse"",""es"":""Riad Karmela Princesse"",""fr"":""Riad Karmela Princesse""}","{""en"":""4 Derb El Ferrane, Marrakesh 40000"",""es"":""4 Derb El Ferrane, Marrakesh 40000"",""fr"":""4 Derb El Ferrane, Marrakesh 40000""}",marrakech,ben_youssef,riad,"{""en"":""Riad Karmela Princesse is a characterful riad in an authentic area of the medina. The riad is built around a patio designed for relaxation. Its atmosphere is intimate and authentic, ideal for discovering Marrakech while enjoying a calm and refined setting."",""es"":""Riad Karmela Princesse est un Riad de caractère dans un quartier authentique de la médina. Le Riad s’organise autour d’un patio propice au repos. L’atmosphère se veut intime et authentique, idéale pour découvrir Marrakech tout en profitant d’un cadre reposant et soigné."",""fr"":""Riad Karmela Princesse est un riad de caractère dans un quartier authentique de la médina. Le riad s’organise autour d’un patio propice au repos. L’atmosphère se veut intime et authentique, idéale pour découvrir Marrakech tout en profitant d’un cadre reposant et soigné.""}",[],[],[],"{""en"":"""",""es"":"""",""fr"":""""}",riadkarmelaprincesse.com,,,-7.984606,31.630251,4.90,561,"[""https://dzuwwfttnigeisicqyto.supabase.co/storage/v1/object/public/riadsimages/riad_Karmela_princesse/99864872.jpg"",""https://dzuwwfttnigeisicqyto.supabase.co/storage/v1/object/public/riadsimages/riad_Karmela_princesse/131194793.jpg"",""https://dzuwwfttnigeisicqyto.supabase.co/storage/v1/object/public/riadsimages/riad_Karmela_princesse/87269716.jpg"",""https://dzuwwfttnigeisicqyto.supabase.co/storage/v1/object/public/riadsimages/riad_Karmela_princesse/110514125.jpg"",""https://dzuwwfttnigeisicqyto.supabase.co/storage/v1/object/public/riadsimages/riad_Karmela_princesse/110513671.jpg""]",,2026-01-24 19:57:47.661076+00
f3662c27-4292-4f20-a1eb-a759ababd059,"{""en"":""Domaine De Tameslohte"",""es"":""Domaine De Tameslohte"",""fr"":""Domaine De Tameslohte""}","{""en"":""km15 Route d'Amizmiz، Douar Laaouina 42312"",""es"":""km15 Route d'Amizmiz، Douar Laaouina 42312"",""fr"":""km15 Route d'Amizmiz، Douar Laaouina 42312""}",marrakech,desert,guesthouse,"{""en"":""Domaine De Tameslohte is a characterful riad in the heart of Marrakech’s medina. The riad is built around a patio designed for relaxation. Its atmosphere is intimate and authentic, ideal for discovering Marrakech while enjoying a calm and refined setting."",""es"":""Domaine De Tameslohte est un Riad de caractère au cœur de la médina de Marrakech. Le Riad s’organise autour d’un patio propice au repos. L’atmosphère se veut intime et authentique, idéale pour découvrir Marrakech tout en profitant d’un cadre reposant et soigné."",""fr"":""Domaine De Tameslohte est un riad de caractère au cœur de la médina de Marrakech. Le riad s’organise autour d’un patio propice au repos. L’atmosphère se veut intime et authentique, idéale pour découvrir Marrakech tout en profitant d’un cadre reposant et soigné.""}","[""choice_of_double_or_single_beds"",""family_rooms_min_3_guests"",""individual_air_conditioning"",""prm_accessibility"",""safe"",""wifi"",""pool"",""heated_pool"",""spa_hammam"",""gym_fitness_on_site"",""on_site_restaurant_guest_table"",""bar"",""garden"",""solarium"",""first_aid_kit"",""shared_lounge_tv_room""]","[""breakfast_included"",""special_menus_gluten_free_vegan_etc"",""airport_shuttle"",""on_site_or_nearby_parking"",""cooking_class"",""prm_accessibility"",""babysitting"",""pets_allowed"",""on_site_activities"",""excursions_desk"",""cleaning_service"",""ironing_service"",""non_smoking_rooms"",""currency_exchange"",""luggage_storage"",""business_services_meeting_reception_room""]","[""free_cancellation_depending_on_rate_plan"",""card_payment_terminal""]","{""en"":"""",""es"":"""",""fr"":""""}",domainedetam.com,+212666644580,domainedetam@outlook.com,-8.070353,31.487589,4.40,551,"[""https://dzuwwfttnigeisicqyto.supabase.co/storage/v1/object/public/riadsimages/domaine_de_tameslohte/656752446.jpg"",""https://dzuwwfttnigeisicqyto.supabase.co/storage/v1/object/public/riadsimages/domaine_de_tameslohte/766503658.jpg"",""https://dzuwwfttnigeisicqyto.supabase.co/storage/v1/object/public/riadsimages/domaine_de_tameslohte/239523948.jpg"",""https://dzuwwfttnigeisicqyto.supabase.co/storage/v1/object/public/riadsimages/domaine_de_tameslohte/239524276.jpg"",""https://dzuwwfttnigeisicqyto.supabase.co/storage/v1/object/public/riadsimages/domaine_de_tameslohte/656755984.jpg""]",,2026-01-24 19:57:47.661076+00
f55b19f4-96b7-4df6-9020-067818162d47,"{""en"":""La Maison d'Hélène Essaouira"",""es"":""La Maison d'Hélène Essaouira"",""fr"":""La Maison d'Hélène Essaouira""}","{""en"":""Douar El, Ghazoua 44000"",""es"":""Douar El, Ghazoua 44000"",""fr"":""Douar El, Ghazoua 44000""}",essaouira,,guesthouse,{},"[""double_beds_only"",""family_rooms_min_3_guests"",""individual_air_conditioning"",""baby_equipment_crib_high_chairs"",""wifi"",""heated_pool"",""spa_hammam"",""on_site_restaurant_guest_table"",""rooftop"",""garden"",""shared_lounge_tv_room"",""video_surveillance_common_areas_and_outdoors"",""tv_in_room""]","[""breakfast_included"",""special_menus_gluten_free_vegan_etc"",""airport_shuttle"",""on_site_or_nearby_parking"",""cooking_class"",""babysitting"",""excursions_desk"",""cleaning_service"",""ironing_service"",""luggage_storage""]","[""booking_without_a_credit_card""]","{""en"":"""",""es"":"""",""fr"":""""}",,+2120650064019,lamaisondhelene.yb@gmail.com,-9.746796,31.433663,4.90,42,"[""https://dzuwwfttnigeisicqyto.supabase.co/storage/v1/object/public/riadsimages/La_Maison_d'Helene_Essaouira/817821389.jpg"",""https://dzuwwfttnigeisicqyto.supabase.co/storage/v1/object/public/riadsimages/La_Maison_d'Helene_Essaouira/817821479.jpg"",""https://dzuwwfttnigeisicqyto.supabase.co/storage/v1/object/public/riadsimages/La_Maison_d'Helene_Essaouira/832626465.jpg"",""https://dzuwwfttnigeisicqyto.supabase.co/storage/v1/object/public/riadsimages/La_Maison_d'Helene_Essaouira/833622411.jpg"",""https://dzuwwfttnigeisicqyto.supabase.co/storage/v1/object/public/riadsimages/La_Maison_d'Helene_Essaouira/819382872.jpg""]",,2026-03-12 16:55:43.950547+00
f696afdf-5386-45e7-89a7-9335178b6124,"{""en"":""Dar Sofil Suites & Spa"",""es"":""Dar Sofil Suites & Spa"",""fr"":""Dar Sofil Suites & Spa""}","{""en"":""Km 10, 5 Route de l'Ourika، 40065"",""es"":""Km 10, 5 Route de l'Ourika، 40065"",""fr"":""Km 10, 5 Route de l'Ourika، 40065""}",marrakech,montagne,guesthouse,"{""en"":""Dar Sofil Suites & Spa is a characterful riad in an authentic area of the medina. The experience is focused on wellness, with spaces dedicated to relaxation. Its atmosphere is intimate and authentic, ideal for discovering Marrakech while enjoying a calm and refined setting."",""es"":""Dar Sofil Suites & Spa est un Riad de caractère dans un quartier authentique de la médina. L’expérience est résolument orientée bien-être, avec des espaces dédiés à la détente. L’atmosphère se veut intime et authentique, idéale pour découvrir Marrakech tout en profitant d’un cadre reposant et soigné."",""fr"":""Dar Sofil Suites & Spa est un riad de caractère dans un quartier authentique de la médina. L’expérience est résolument orientée bien-être, avec des espaces dédiés à la détente. L’atmosphère se veut intime et authentique, idéale pour découvrir Marrakech tout en profitant d’un cadre reposant et soigné.""}","[""choice_of_double_or_single_beds"",""family_rooms_min_3_guests"",""individual_air_conditioning"",""safe"",""wifi"",""in_room_tv"",""pool"",""spa_hammam"",""on_site_restaurant_guest_table"",""garden"",""video_surveillance_common_areas_and_outdoors""]","[""breakfast_included"",""airport_shuttle"",""on_site_or_nearby_parking"",""non_smoking_rooms"",""luggage_storage""]","[""free_cancellation_depending_on_rate_plan"",""card_payment_terminal""]","{""en"":""Shuttle centre ville (10 € par trajet)"",""es"":""Traslado centre ville (10 € par trajet)"",""fr"":""Navette centre ville (10 € par trajet)""}",darsofilmarrakech.com,+212664698601,contact@darsofilmarrakech.com,-7.967669,31.521578,4.70,163,"[""https://dzuwwfttnigeisicqyto.supabase.co/storage/v1/object/public/riadsimages/Dar_Sofil_Suites_&_Spa/111716816.jpg"",""https://dzuwwfttnigeisicqyto.supabase.co/storage/v1/object/public/riadsimages/Dar_Sofil_Suites_&_Spa/464179073.jpg"",""https://dzuwwfttnigeisicqyto.supabase.co/storage/v1/object/public/riadsimages/Dar_Sofil_Suites_&_Spa/100890121.jpg"",""https://dzuwwfttnigeisicqyto.supabase.co/storage/v1/object/public/riadsimages/Dar_Sofil_Suites_&_Spa/96146880.jpg"",""https://dzuwwfttnigeisicqyto.supabase.co/storage/v1/object/public/riadsimages/Dar_Sofil_Suites_&_Spa/96146891.jpg""]",,2026-01-24 19:57:47.661076+00
f7ac3a7e-b5a2-4af8-b084-44720cfbdd12,"{""en"":""Riad Khan Mogador"",""es"":""Riad Khan Mogador"",""fr"":""Riad Khan Mogador""}","{""en"":""G67M+25G, Rue Kassem el Abaar 7, Essaouira 44000"",""es"":""G67M+25G, Rue Kassem el Abaar 7, Essaouira 44000"",""fr"":""G67M+25G, Rue Kassem el Abaar 7, Essaouira 44000""}",essaouira,essaouira_medina,riad,"{""en"":""Riad Khan Mogador is a characterful riad in the heart of Marrakech’s medina. The riad is built around a patio designed for relaxation. Its atmosphere is intimate and authentic, ideal for discovering Marrakech while enjoying a calm and refined setting."",""es"":""Riad Khan Mogador est un Riad de caractère au cœur de la médina de Marrakech. Le Riad s’organise autour d’un patio propice au repos. L’atmosphère se veut intime et authentique, idéale pour découvrir Marrakech tout en profitant d’un cadre reposant et soigné."",""fr"":""Riad Khan Mogador est un riad de caractère au cœur de la médina de Marrakech. Le riad s’organise autour d’un patio propice au repos. L’atmosphère se veut intime et authentique, idéale pour découvrir Marrakech tout en profitant d’un cadre reposant et soigné.""}","[""double_beds_only"",""single_beds_only"",""choice_of_double_or_single_beds"",""family_rooms_min_3_guests"",""prm_accessibility"",""safe"",""wifi"",""on_site_restaurant_guest_table"",""rooftop"",""solarium"",""shared_lounge_tv_room"",""video_surveillance_common_areas_and_outdoors"",""in_room_massage_service""]","[""breakfast_included"",""special_menus_gluten_free_vegan_etc"",""on_site_or_nearby_parking"",""24_hour_reception"",""prm_accessibility"",""cleaning_service"",""ironing_service"",""non_smoking_rooms""]","[""free_cancellation_depending_on_rate_plan"",""no_prepayment"",""card_payment_terminal""]","{""en"":"""",""es"":"""",""fr"":""""}",khanmogador.com,+212777024981,info@khanmogador.com,-9.767036,31.512574,4.60,123,"[""https://dzuwwfttnigeisicqyto.supabase.co/storage/v1/object/public/riadsimages/riad_khan_mogador/358580356.jpg"",""https://dzuwwfttnigeisicqyto.supabase.co/storage/v1/object/public/riadsimages/riad_khan_mogador/671651271.jpg"",""https://dzuwwfttnigeisicqyto.supabase.co/storage/v1/object/public/riadsimages/riad_khan_mogador/693652817.jpg"",""https://dzuwwfttnigeisicqyto.supabase.co/storage/v1/object/public/riadsimages/riad_khan_mogador/358579959.jpg"",""https://dzuwwfttnigeisicqyto.supabase.co/storage/v1/object/public/riadsimages/riad_khan_mogador/671648565.jpg""]",,2026-01-24 19:57:47.661076+00
f8c98005-6828-48b5-8b0d-869d63696b6b,"{""en"":""Riad Dar Bamileke"",""es"":""Riad Dar Bamileke"",""fr"":""Riad Dar Bamileke""}","{""en"":""17, Derb Dabachi Derb Jemaa, Marrakesh, Maroc"",""es"":""17, Derb Dabachi Derb Jemaa, Marrakesh, Maroc"",""fr"":""17, Derb Dabachi Derb Jemaa, Marrakesh, Maroc""}",marrakech,derb_dabachi,riad,"{""en"":""Riad Dar Bamileke is a characterful riad just steps from Jemaa el-Fna, at the center of the city’s energy. The riad is built around a patio designed for relaxation. Its atmosphere is intimate and authentic, ideal for discovering Marrakech while enjoying a calm and refined setting."",""es"":""Riad Dar Bamileke est un Riad de caractère à deux pas de Jemaa el-Fna, au cœur de l’animation. Le Riad s’organise autour d’un patio propice au repos. L’atmosphère se veut intime et authentique, idéale pour découvrir Marrakech tout en profitant d’un cadre reposant et soigné."",""fr"":""Riad Dar Bamileke est un riad de caractère à deux pas de Jemaa el-Fna, au cœur de l’animation. Le riad s’organise autour d’un patio propice au repos. L’atmosphère se veut intime et authentique, idéale pour découvrir Marrakech tout en profitant d’un cadre reposant et soigné.""}",[],[],[],"{""en"":"""",""es"":"""",""fr"":""""}",X,,,,31.625968,4.70,100,"[""https://dzuwwfttnigeisicqyto.supabase.co/storage/v1/object/public/riadsimages/Riad_Bamileke/45792691.jpg"",""https://dzuwwfttnigeisicqyto.supabase.co/storage/v1/object/public/riadsimages/Riad_Bamileke/140429194.jpg"",""https://dzuwwfttnigeisicqyto.supabase.co/storage/v1/object/public/riadsimages/Riad_Bamileke/140276938.jpg"",""https://dzuwwfttnigeisicqyto.supabase.co/storage/v1/object/public/riadsimages/Riad_Bamileke/45770454.jpg"",""https://dzuwwfttnigeisicqyto.supabase.co/storage/v1/object/public/riadsimages/Riad_Bamileke/97416600.jpg""]",,2026-01-24 19:57:47.661076+00
fdf9bbee-c0aa-4bd8-8409-421f0d8b6f3d,"{""en"":""Riad Zayane"",""es"":""Riad Zayane"",""fr"":""Riad Zayane""}","{""en"":""36, Derb Nakhla, Bab Doukkala - Medina, 40030 Marrakech"",""es"":""36, Derb Nakhla, Bab Doukkala - Medina, 40030 Marrakech"",""fr"":""36, Derb Nakhla, Bab Doukkala - Médina, 40030 Marrakech""}",marrakech,bab_doukkala,riad,"{""en"":""Charming guesthouse in the heart of the old city of Marrakech, Riad Zayane is ideally located in a typical Medina neighborhood in Bab Doukkala. Perfect for exploring the city on foot, the riad is close to the Majorelle Garden, Jemaa El Fna square, the souks, the Ben Youssef Madrasa, and the Guéliz district. The riad can be rented by the room or exclusively for special moments with family or friends. All rooms are equipped with reversible air conditioning, and the house offers free high-speed fiber WiFi (100 Mbps) to keep you connected with your loved ones. Delicious breakfasts included. We also offer drinks and various menus, and we can organize airport transfers, excursions, etc. Easy access, just 150 meters from the ramparts, with parking and taxis nearby. Double or twin beds available. A beautiful patio with a retractable roof and a small (unheated) pool. A lovely landscaped terrace with an outdoor shower, sofas, and sun loungers. Lounge with games, books, and TV."",""es"":""Encantadora casa de huéspedes en el corazón del casco antiguo de Marrakech, el Riad Zayane está idealmente situado en un barrio típico de la medina en Bab Doukkala. Perfecto para explorar la ciudad a pie, el riad se encuentra cerca del Jardín Majorelle, la plaza Jemaa El Fna, los zocos, la Medersa Ben Youssef y el barrio de Guéliz. El riad puede alquilarse por habitaciones o en exclusiva para momentos en familia o con amigos. Todas las habitaciones disponen de aire acondicionado reversible y la casa cuenta con WiFi de fibra de alta velocidad (100 Mbps) gratuito para mantenerse conectado con sus seres queridos. Deliciosos desayunos incluidos. También ofrecemos bebidas y diferentes menús, y podemos organizar traslados desde el aeropuerto, excursiones, etc. Fácil acceso, a solo 150 metros de las murallas, con aparcamiento y taxis cercanos. Posibilidad de camas dobles o individuales. Un hermoso patio con techo retráctil y una pequeña piscina (no climatizada). Una bonita terraza ajardinada con ducha exterior, sofás y tumbonas. Salón con juegos, libros y TV."",""fr"":""Charmante maison d'hôtes au coeur de la vieille ville de Marrakech, le Riad Zayane est idéalement situé dans un quartier typique de la médina à Bab Doukkala. Parfait pour explorer la ville à pied, le riad se situe à proximité du Jardin de Majorelle, de la place Jemaa El Fna, des souks, de la Medersa Ben Youssef ou encore du quartier de Guéliz. Le riad peut être loué à la chambre mais aussi en exclusivité pour des moments en famille ou entre amis. Les chambres disposent toutes d'une climatisation réversible et la maison est équipée d'un accès WIFI fibre 100Mbps gratuit est mis à votre disposition pour rester connecté avec vos proches. Délicieux petit déjeuners inclus. Nous proposons également des boissons et différents menus et nous pouvons aussi organiser les transferts depuis l'aéroport, excursions etc. Facile d'accès à 150 mètres des remparts avec parking et taxis. Possibilité lits doubles ou jumeaux. Un beau patio avec toit rétractable agrémenté d'un bassin (non chauffé). Une belle terrasse paysagée avec douche extérieure, canapés et chaises longues. Salon avec des jeux, livres et TV.""}","[""choice_of_double_or_single_beds"",""family_rooms_min_3_guests"",""individual_air_conditioning"",""baby_equipment_crib_high_chairs"",""safe"",""wifi"",""on_site_restaurant_guest_table"",""rooftop"",""solarium"",""shared_lounge_tv_room"",""video_surveillance_common_areas_and_outdoors""]","[""breakfast_included"",""special_menus_gluten_free_vegan_etc"",""airport_shuttle"",""on_site_or_nearby_parking"",""cooking_class"",""room_service"",""24_hour_reception"",""excursions_desk"",""cleaning_service"",""non_smoking_rooms"",""luggage_storage""]","[""free_cancellation_depending_on_rate_plan"",""card_payment_terminal""]","{""en"":"""",""es"":"""",""fr"":""""}",https://www.riadzayane.com,+212524386167,riad.zayane@gmail.com,-7.996502,31.635397,4.80,489,"[""https://dzuwwfttnigeisicqyto.supabase.co/storage/v1/object/public/riadsimages/Riad_zayane/IMB_0808A.png"",""https://dzuwwfttnigeisicqyto.supabase.co/storage/v1/object/public/riadsimages/Riad_zayane/IMB_0493A.png"",""https://dzuwwfttnigeisicqyto.supabase.co/storage/v1/object/public/riadsimages/Riad_zayane/IMB_0609A.png"",""https://dzuwwfttnigeisicqyto.supabase.co/storage/v1/object/public/riadsimages/Riad_zayane/IMB_0504A.png"",""https://dzuwwfttnigeisicqyto.supabase.co/storage/v1/object/public/riadsimages/Riad_zayane/IMB_0637A.png""]",,2026-01-24 19:57:47.661076+00
ff2917e1-68ae-41ab-8ec3-de4f45c1498b,"{""en"":""Riad Nora"",""es"":""Riad Nora"",""fr"":""Riad Nora""}","{""en"":""29a Rue de la Bahia, Marrakech 40000"",""es"":""29a Rue de la Bahia, Marrakech 40000"",""fr"":""29a Rue de la Bahia, Marrakech 40000""}",marrakech,hay_essalam,riad,"{""en"":""Riad Nora is a characterful riad in the heart of Marrakech’s medina. The riad is built around a patio designed for relaxation. Its atmosphere is intimate and authentic, ideal for discovering Marrakech while enjoying a calm and refined setting."",""es"":""Riad Nora est un Riad de caractère au cœur de la médina de Marrakech. Le Riad s’organise autour d’un patio propice au repos. L’atmosphère se veut intime et authentique, idéale pour découvrir Marrakech tout en profitant d’un cadre reposant et soigné."",""fr"":""Riad Nora est un riad de caractère au cœur de la médina de Marrakech. Le riad s’organise autour d’un patio propice au repos. L’atmosphère se veut intime et authentique, idéale pour découvrir Marrakech tout en profitant d’un cadre reposant et soigné.""}","[""choice_of_double_or_single_beds"",""family_rooms_min_3_guests"",""individual_air_conditioning"",""baby_equipment_crib_high_chairs"",""safe"",""wifi"",""pool"",""on_site_restaurant_guest_table"",""rooftop"",""solarium"",""first_aid_kit"",""video_surveillance_common_areas_and_outdoors""]","[""breakfast_included"",""special_menus_gluten_free_vegan_etc"",""airport_shuttle"",""on_site_or_nearby_parking"",""24_hour_reception"",""babysitting"",""excursions_desk"",""cleaning_service"",""ironing_service"",""currency_exchange"",""luggage_storage""]","[""free_cancellation_depending_on_rate_plan"",""booking_without_a_credit_card"",""card_payment_terminal""]","{""en"":"""",""es"":"""",""fr"":""""}",riad-nora.com,+212672384602,contact@riad-nora.com,-7.982257,31.622416,4.70,381,"[""https://dzuwwfttnigeisicqyto.supabase.co/storage/v1/object/public/riadsimages/riad_nora/613397134.jpg"",""https://dzuwwfttnigeisicqyto.supabase.co/storage/v1/object/public/riadsimages/riad_nora/613484956.jpg"",""https://dzuwwfttnigeisicqyto.supabase.co/storage/v1/object/public/riadsimages/riad_nora/615402188.jpg"",""https://dzuwwfttnigeisicqyto.supabase.co/storage/v1/object/public/riadsimages/riad_nora/615401366.jpg"",""https://dzuwwfttnigeisicqyto.supabase.co/storage/v1/object/public/riadsimages/riad_nora/633461455.jpg""]",,2026-01-24 19:57:47.661076+00
ff833861-6121-4718-8582-6f32cdae9433,"{""en"":""Riad Bel Haj"",""es"":""Riad Bel Haj"",""fr"":""Riad Bel Haj""}","{""en"":""60 Derb Moulay Abdellah Ben Hssaine، مراكشMarrakech 40000"",""es"":""60 Derb Moulay Abdellah Ben Hssaine، مراكشMarrakech 40000"",""fr"":""60 Derb Moulay Abdellah Ben Hssaine، مراكشMarrakech 40000""}",marrakech,mouassine,riad,"{""en"":""Riad Bel Haj is a characterful riad in the heart of Marrakech’s medina. The riad is built around a patio designed for relaxation. Its atmosphere is intimate and authentic, ideal for discovering Marrakech while enjoying a calm and refined setting."",""es"":""Riad Bel Haj est un Riad de caractère au cœur de la médina de Marrakech. Le Riad s’organise autour d’un patio propice au repos. L’atmosphère se veut intime et authentique, idéale pour découvrir Marrakech tout en profitant d’un cadre reposant et soigné."",""fr"":""Riad Bel Haj est un riad de caractère au cœur de la médina de Marrakech. Le riad s’organise autour d’un patio propice au repos. L’atmosphère se veut intime et authentique, idéale pour découvrir Marrakech tout en profitant d’un cadre reposant et soigné.""}",[],[],[],"{""en"":"""",""es"":"""",""fr"":""""}",https://riadbelhaj.com/,+33 6 15 45 62 76,contact@riadbelhaj.com,-7.992682,31.627268,4.90,387,"[""https://dzuwwfttnigeisicqyto.supabase.co/storage/v1/object/public/riadsimages/riad_bel_haj/224486136.jpg"",""https://dzuwwfttnigeisicqyto.supabase.co/storage/v1/object/public/riadsimages/riad_bel_haj/339410376.jpg"",""https://dzuwwfttnigeisicqyto.supabase.co/storage/v1/object/public/riadsimages/riad_bel_haj/53532535.jpg"",""https://dzuwwfttnigeisicqyto.supabase.co/storage/v1/object/public/riadsimages/riad_bel_haj/53429378.jpg"",""https://dzuwwfttnigeisicqyto.supabase.co/storage/v1/object/public/riadsimages/riad_bel_haj/53551339.jpg""]",,2026-01-24 19:57:47.661076+00
ff85629b-d8bd-419d-a6ea-439837ce35e1,"{""en"":""Riad Dar Baraka"",""es"":""Riad Dar Baraka"",""fr"":""Riad Dar Baraka""}","{""en"":""11, Rue El Halfaoui - Bab Doukkala, Marrakech 40000"",""es"":""11, Rue El Halfaoui - Bab Doukkala, Marrakech 40000"",""fr"":""11, Rue El Halfaoui - Bab Doukkala, Marrakech 40000""}",marrakech,bab_doukkala,riad,"{""en"":""Riad Dar Baraka is a characterful riad in the Bab Doukkala area, valued for its residential feel. The riad is built around a patio designed for relaxation. Its atmosphere is intimate and authentic, ideal for discovering Marrakech while enjoying a calm and refined setting."",""es"":""Riad Dar Baraka est un Riad de caractère dans le quartier de Bab Doukkala, apprécié pour son ambiance résidentielle. Le Riad s’organise autour d’un patio propice au repos. L’atmosphère se veut intime et authentique, idéale pour découvrir Marrakech tout en profitant d’un cadre reposant et soigné."",""fr"":""Riad Dar Baraka est un riad de caractère dans le quartier de Bab Doukkala, apprécié pour son ambiance résidentielle. Le riad s’organise autour d’un patio propice au repos. L’atmosphère se veut intime et authentique, idéale pour découvrir Marrakech tout en profitant d’un cadre reposant et soigné.""}",[],[],[],"{""en"":"""",""es"":"""",""fr"":""""}",X,,,-7.993246,31.632210,4.70,836,"[""https://dzuwwfttnigeisicqyto.supabase.co/storage/v1/object/public/riadsimages/riad_dar_baraka/173453785.jpg"",""https://dzuwwfttnigeisicqyto.supabase.co/storage/v1/object/public/riadsimages/riad_dar_baraka/114623761.jpg"",""https://dzuwwfttnigeisicqyto.supabase.co/storage/v1/object/public/riadsimages/riad_dar_baraka/114622212.jpg"",""https://dzuwwfttnigeisicqyto.supabase.co/storage/v1/object/public/riadsimages/riad_dar_baraka/761058710.jpg"",""https://dzuwwfttnigeisicqyto.supabase.co/storage/v1/object/public/riadsimages/riad_dar_baraka/173454254.jpg""]",,2026-01-24 19:57:47.661076+00